question_id,hallucination_id,model,injection_type,original_value,injected_value,detected,reason,confidence,total_flags_by_skeptic,total_claims_reviewed
FB_001_F18BFC11,FB_001_F18BFC11_H2,Gemini 2.5 Flash,dollar_amount,"$1,449 million","$1,677 million",False,,,0,6
FB_001_F18BFC11,FB_001_F18BFC11_H1,Gemini 2.5 Flash,dollar_amount,"$1,487 million","$1,967 million",False,,,0,6
FB_002_42BE1D74,FB_002_42BE1D74_H2,Gemini 2.5 Flash,dollar_amount,$18.2 billion,$14.3 billion,True,"This figure, when viewed in the context of the reported FY2017 Net PPNE of $18.0 billion, implies a 20.5% year-over-year decrease. While a decrease is possible, this magnitude, especially following an implausible 65.1% increase from FY2016 to FY2017, contributes to an overall highly erratic and unlikely trend for Net PPNE for a stable industrial company like 3M.",high,3,3
FB_002_42BE1D74,FB_002_42BE1D74_H1,Gemini 2.5 Flash,dollar_amount,$17.8 billion,$10.9 billion,True,"This figure is highly suspicious. It implies an implausible 65.1% year-over-year increase from the reported FY2016 Net PPNE of $10.9 billion, followed by a significant 20.5% decrease to the reported FY2018 Net PPNE of $14.3 billion. Such extreme volatility in Net PPNE for a large, mature industrial company like 3M is highly improbable without major, specific, and publicly known events (e.g., massive acquisitions/divestitures or revaluations) that would typically be highlighted.",high,3,3
FB_003_959AE4F2,FB_003_959AE4F2_H3,Gemini 2.5 Flash,dollar_amount,"$45,517 million","$59,768 million",False,,,1,9
FB_003_959AE4F2,FB_003_959AE4F2_H2,Gemini 2.5 Flash,dollar_amount,"$1,451 million","$1,858 million",False,,,1,9
FB_003_959AE4F2,FB_003_959AE4F2_H1,Gemini 2.5 Flash,dollar_amount,"$35,436 million","$29,761 million",False,,,1,9
FB_004_FF1B8BC2,FB_004_FF1B8BC2_H3,Gemini 2.5 Flash,dollar_amount,"$6,081 million","$7,927 million",True,"This operating income figure for FY2022 contradicts another operating income figure provided for the same year ($6,081 million) in the supporting data section.",high,7,11
FB_004_FF1B8BC2,FB_004_FF1B8BC2_H2,Gemini 2.5 Flash,dollar_amount,"$36,693 million","$46,995 million",True,"This total revenue figure for FY2022 contradicts another total revenue figure provided for the same year ($46,995 million) in the supporting data section.",high,7,11
FB_004_FF1B8BC2,FB_004_FF1B8BC2_H1,Gemini 2.5 Flash,dollar_amount,"$36,086 million","$44,964 million",True,"This total revenue figure for FY2022 contradicts another total revenue figure provided for the same year ($46,995 million) in the supporting data section.",high,7,11
FB_005_FE85BE68,FB_005_FE85BE68_H2,Gemini 2.5 Flash,dollar_amount,"$12,421 million","$8,236 million",False,,,1,10
FB_005_FE85BE68,FB_005_FE85BE68_H1,Gemini 2.5 Flash,dollar_amount,"$8,052 million","$6,023 million",False,,,1,10
FB_006_A4622E06,FB_006_A4622E06_H2,Gemini 2.5 Flash,dollar_amount,"$8,492 million","$5,902 million",False,,,2,7
FB_006_A4622E06,FB_006_A4622E06_H1,Gemini 2.5 Flash,dollar_amount,"$4,313 million","$5,576 million",False,,,2,7
FB_007_31B558AC,FB_007_31B558AC_H3,Gemini 2.5 Flash,dollar_amount,$750 million,$1009 million,True,This figure is internally inconsistent with the specific debt security listed for the same year: '3M Company 2.750% Notes due 2025 - $1009 million'. The maturity schedule amount ($750 million) does not match the principal amount of the 2025 notes ($1009 million).,high,4,16
FB_007_31B558AC,FB_007_31B558AC_H2,Gemini 2.5 Flash,percentage,3.750%,0.010%,True,"An interest rate of 0.010% for corporate notes maturing in 2028 is implausibly low for a company like 3M, even in a low-interest-rate environment. This rate is more typical of central bank policy rates or extremely short-term, risk-free government securities, not corporate debt.",high,4,16
FB_007_31B558AC,FB_007_31B558AC_H1,Gemini 2.5 Flash,percentage,4.250%,8.500%,True,"An interest rate of 8.500% for 3M's long-term debt is unusually high for an investment-grade company, especially when other listed notes have rates between 2.25% and 4.00%. While possible under specific market conditions or for a different credit profile, it stands out as potentially fabricated or inaccurate in this context.",medium,4,16
FB_008_77FDE37A,FB_008_77FDE37A_H3,Gemini 2.5 Flash,dollar_amount,$1.49 ,$1.08 ,True,"3M is a dividend aristocrat known for consistent, slightly increasing quarterly dividends, which have historically been $1.50 per share for many years. A drop to $1.08 per share represents a significant dividend cut (nearly 28% from its typical $1.50) which would be highly unusual and major news for a company with 60+ years of dividend increases.",high,4,10
FB_008_77FDE37A,FB_008_77FDE37A_H2,Gemini 2.5 Flash,dollar_amount,$1.49 ,$1.90 ,True,"This figure is significantly higher than 3M's actual quarterly dividend of $1.50 per share. If this were true, it would imply an annual dividend of $7.60, which contradicts the reported FY2022 annual dividend of $5.92 per share. The subsequent drop to $1.08 in Q2 2023 also creates an implausible and highly volatile dividend trend for a stable company like 3M.",high,4,10
FB_008_77FDE37A,FB_008_77FDE37A_H1,Gemini 2.5 Flash,dollar_amount,$5.76 ,$7.92 ,True,"This figure represents a massive increase from the FY2021 ($5.88) and FY2022 ($5.92) annual dividends, and an even more dramatic subsequent cut. 3M, a dividend aristocrat, is known for modest annual dividend increases, not such large fluctuations or cuts (over 25% in one year). This figure is highly inconsistent with 3M's historical dividend policy and would have been major news if true. Furthermore, to maintain the reported 61.5% payout ratio, this dividend implies an unusually high EPS for 2020 ($12.88) compared to subsequent years (approx. $9.50).",high,4,10
FB_009_ABDB2F6B,FB_009_ABDB2F6B_H2,Gemini 2.5 Flash,dollar_amount,"$1,025 million","$1,274 million",True,"This value for FY2018 Property, Plant, and Equipment (PP&E) contradicts the previously stated 'Property, Plant, and Equipment (PP&E) as of December 31, 2018: $1,025 million' in the supporting data section.",high,4,7
FB_009_ABDB2F6B,FB_009_ABDB2F6B_H1,Gemini 2.5 Flash,dollar_amount,"$1,037 million","$1,435 million",True,"The stated calculation ($1,049 million + $1,274 million) / 2 actually equals $1,161.5 million, not $1,037 million. The result is inconsistent with the provided inputs for the calculation.",high,4,7
FB_010_CBE1B721,FB_010_CBE1B721_H2,Gemini 2.5 Flash,percentage,3.3%,14.3%,True,"The calculation (244 / 7,500) * 100 equals approximately 3.3%, not 14.3%. This is a significant arithmetic error.",high,2,14
FB_010_CBE1B721,FB_010_CBE1B721_H1,Gemini 2.5 Flash,percentage,5.1%,16.3%,True,"This calculation contains multiple inconsistencies and errors: 1. The FY2018 percentage (3.3%) used in the sum contradicts the previously stated 14.3% for FY2018. 2. The FY2019 percentage (16.3%) used in the sum contradicts the previously stated 5.1% for FY2019 and appears fabricated. 3. The arithmetic (2.9% + 3.3% + 16.3%) / 3 equals 7.5%, not 3.8%. While the final result of 3.8% is numerically correct if the *actual* correct individual percentages (2.9%, 3.3%, 5.1%) were used, the calculation shown is fundamentally flawed.",high,2,14
FB_011_F50BA584,FB_011_F50BA584_H2,Gemini 2.5 Flash,dollar_amount,"$1,626 million","$1,051 million",False,,,2,9
FB_011_F50BA584,FB_011_F50BA584_H1,Gemini 2.5 Flash,dollar_amount,"$1,660 million","$1,034 million",False,,,2,9
FB_012_41487F3A,FB_012_41487F3A_H2,Gemini 2.5 Flash,dollar_amount,"$2,825 million","$2,035 million",True,"This figure for FY2016 operating income is presented as the 'PRIMARY METRIC' but is contradicted by the figure ($2,825 million) subsequently used for FY2016 operating income in the year-over-year change calculation. This represents a severe internal inconsistency.",high,4,9
FB_012_41487F3A,FB_012_41487F3A_H1,Gemini 2.5 Flash,percentage,21.3%,32.8%,True,"This figure for FY22016 operating income, used in the year-over-year change calculation, directly contradicts the 'PRIMARY METRIC' stated earlier in the output, which claims FY2016 operating income is $2,035 million. This is a clear internal inconsistency.",high,4,9
FB_013_E5C83D85,FB_013_E5C83D85_H2,Gemini 2.5 Flash,dollar_amount,"$2,927 million","$2,397 million",False,,,1,7
FB_013_E5C83D85,FB_013_E5C83D85_H1,Gemini 2.5 Flash,dollar_amount,"$2,628 million","$3,504 million",True,"The reported Cash from Operations for FY2015 ($3,504 million) implies a significant year-over-year decrease of approximately 31.6% to FY2016 ($2,397 million), followed by a sharp increase of approximately 35.9% to FY2017 ($3,257 million). Such a volatile swing (sharp drop then sharp recovery) in operating cash flow is unusual for a large, established, and generally growing company like Adobe without a major, clearly explained business event, suggesting potential inaccuracy or hallucination.",medium,1,7
FB_014_3C2ED91D,FB_014_3C2ED91D_H2,Gemini 2.5 Flash,percentage,32.9%,38.5%,True,"Based on the provided FY2022 Total Revenue ($17,610 million) and FY2022 Operating Income ($4,381 million), the calculated operating margin is approximately 24.9% ($4,381 / $17,610 * 100), which is significantly different from the claimed 38.5%.",high,3,10
FB_014_3C2ED91D,FB_014_3C2ED91D_H1,Gemini 2.5 Flash,dollar_amount,"$5,786 million","$4,381 million",False,,,3,10
FB_015_5E139DB3,FB_015_5E139DB3_H2,Gemini 2.5 Flash,dollar_amount,"$4,895 million","$3,695 million",True,"The Free Cash Flow figure of $4,895 million used in this calculation directly contradicts the Free Cash Flow figure of $3,695 million provided for FY2022 in the 'Supporting Data' section. This indicates an internal inconsistency or hallucination regarding the actual Free Cash Flow for FY2022.",high,3,10
FB_015_5E139DB3,FB_015_5E139DB3_H1,Gemini 2.5 Flash,dollar_amount,"$3,396 million","$4,076 million",False,,,3,10
FB_017_4ABE7642,FB_017_4ABE7642_H3,Gemini 2.5 Flash,dollar_amount,"$8,814 million","$11,608 million",True,"The Cost of Goods Sold (COGS) figure used in this calculation ($11,413 million) directly contradicts the COGS figure stated earlier in the 'PRIMARY METRIC' section for FY2022 ($11,608 million). This is a clear internal inconsistency.",high,3,7
FB_017_4ABE7642,FB_017_4ABE7642_H2,Gemini 2.5 Flash,dollar_amount,"$8,187 million","$5,621 million",True,"When compared to the FY2022 COGS of $11,608 million, this implies a year-over-year increase of over 100%. For a large, established energy company like AES, such a dramatic increase in COGS without a clear explanation (e.g., major acquisition, significant change in business model, or extreme commodity price volatility impacting COGS) is highly unusual and raises a flag for plausibility.",medium,3,7
FB_017_4ABE7642,FB_017_4ABE7642_H1,Gemini 2.5 Flash,dollar_amount,"$8,814 million","$11,413 million",True,"The Cost of Goods Sold (COGS) figure used in this calculation ($11,413 million) directly contradicts the COGS figure stated earlier in the 'PRIMARY METRIC' section for FY2022 ($11,608 million). This is a clear internal inconsistency.",high,3,7
FB_018_6E9F56BB,FB_018_6E9F56BB_H2,Gemini 2.5 Flash,dollar_amount,"$38,425 million","$27,446 million",True,"This figure for FY2021 Total Assets directly contradicts the researcher's own explicitly stated 'Total Assets as of December 31, 2021: $38,425 million' provided just above this calculation. This appears to be a hallucinated number.",high,2,11
FB_018_6E9F56BB,FB_018_6E9F56BB_H1,Gemini 2.5 Flash,dollar_amount,"$39,339 million","$29,233 million",True,"This calculated average total assets figure is incorrect because it uses the hallucinated FY2021 Total Assets figure of $27,446 million instead of the stated $38,425 million. The correct calculation using the stated figures would be ($40,253 million + $38,425 million) / 2 = $39,339 million.",high,2,11
FB_019_A187C1CC,FB_019_A187C1CC_H2,Gemini 2.5 Flash,dollar_amount,"$17,202 million","$14,425 million",True,"The FY2017 Inventory figure used in the calculation of 'Change in Inventory' ($17,202 million) directly contradicts the FY2017 Inventory figure explicitly stated just two lines above ($14,425 million). This is a clear internal inconsistency, indicating a hallucinated number used in the calculation.",high,7,18
FB_019_A187C1CC,FB_019_A187C1CC_H1,Gemini 2.5 Flash,dollar_amount,"$16,632 million","$10,104 million",True,"The FY2017 Inventory figure used in the calculation of 'Change in Inventory' ($17,202 million) directly contradicts the FY2017 Inventory figure explicitly stated just two lines above ($14,425 million). This is a clear internal inconsistency, indicating a hallucinated number used in the calculation.",high,7,18
FB_020_C68C8862,FB_020_C68C8862_H2,Gemini 2.5 Flash,dollar_amount,"$136,004 million","$179,626 million",True,"This FY2016 revenue figure directly contradicts the FY2016 revenue of $136,004 million provided in the 'SUPPORTING DATA' section. The report presents two different revenue figures for the same fiscal year, indicating an internal inconsistency.",high,4,5
FB_020_C68C8862,FB_020_C68C8862_H1,Gemini 2.5 Flash,percentage,30.8%,26.6%,True,"This year-over-year change percentage is inconsistent with the calculation provided immediately after it, '[(177,866 - 136,004) / 136,004 * 100]', which correctly evaluates to 30.8%. It also contradicts the 'Year-over-Year Change: 30.8%' stated in the 'SUPPORTING DATA' section.",high,4,5
FB_021_8ECDBFF6,FB_021_8ECDBFF6_H2,Gemini 2.5 Flash,dollar_amount,"$11,588 million","$14,743 million",True,"The reported net income of $14,743 million for FY2019 appears somewhat high for Amazon's profitability during that specific period, based on general financial knowledge of the company's historical performance.",medium,2,7
FB_021_8ECDBFF6,FB_021_8ECDBFF6_H1,Gemini 2.5 Flash,dollar_amount,"$3,033 million","$2,112 million",True,"The reported net income of $2,112 million for FY2017 seems unusually low for Amazon. When compared to the FY2018 net income of $10,073 million, it implies an approximate 377% year-over-year growth. Such an extreme increase in net income for a company of Amazon's scale is highly improbable without a major, specific, and usually explained event, strongly suggesting a potential hallucination or inaccuracy.",high,2,7
FB_022_466C1ED8,FB_022_466C1ED8_H2,Gemini 2.5 Flash,dollar_amount,"$1,205 million",$947 million,False,,,0,6
FB_022_466C1ED8,FB_022_466C1ED8_H1,Gemini 2.5 Flash,dollar_amount,"$1,063 million","$1,235 million",False,,,0,6
FB_024_214CEB4C,FB_024_214CEB4C_H3,Gemini 2.5 Flash,dollar_amount,"$2,843 million","$2,085 million",True,"This figure for FY2022 Current Liabilities ($2,085 million) directly contradicts the Current Liabilities figure ($2,843 million) used in the subsequent quick ratio calculation for the same period.",high,7,16
FB_024_214CEB4C,FB_024_214CEB4C_H2,Gemini 2.5 Flash,dollar_amount,"$4,196 million","$2,926 million",True,"This figure for FY2023 Current Assets ($2,926 million) in the 'SUPPORTING DATA' section directly contradicts the FY2023 Current Assets figure ($4,196 million) provided in the 'PRIMARY METRIC' section.",high,7,16
FB_024_214CEB4C,FB_024_214CEB4C_H1,Gemini 2.5 Flash,dollar_amount,"$1,058 million",$891 million,True,"This figure for FY2022 Inventories ($891 million) in the 'SUPPORTING DATA' section contradicts the Inventories figure ($1,058 million) used in the quick ratio calculation for FY2022 in the 'PRIMARY METRIC' section.",high,7,16
FB_025_E70F40EB,FB_025_E70F40EB_H3,Gemini 2.5 Flash,large_number,"1,200","1,669",True,"A net income of USD 1,669 million on USD 14,000 million revenue implies a net profit margin of approximately 11.9%. This is significantly higher than Amcor's typical net margins (which are generally in the 5-8% range for a packaging company) and also notably higher than the net margins reported for FY2022 (5.0%) and FY2021 (7.8%) in the same output. Such a sharp, unexplained increase in profitability is suspicious.",high,3,18
FB_025_E70F40EB,FB_025_E70F40EB_H2,Gemini 2.5 Flash,large_number,"13,500","17,880",False,,,3,18
FB_025_E70F40EB,FB_025_E70F40EB_H1,Gemini 2.5 Flash,large_number,"1,100",897,False,,,3,18
FB_027_9BE33B25,FB_027_9BE33B25_H3,Gemini 2.5 Flash,percentage,20.5%,12.6%,True,"This gross margin percentage for FY2023 is inconsistent with the provided Total Revenue ($14,000 million) and Cost of Goods Sold ($11,100 million) for the same period. The correct calculation ( ($14,000M - $11,100M) / $14,000M ) yields approximately 20.71%.",high,6,18
FB_027_9BE33B25,FB_027_9BE33B25_H2,Gemini 2.5 Flash,dollar_amount,"$10,000 million","$8,437 million",False,,,6,18
FB_027_9BE33B25,FB_027_9BE33B25_H1,Gemini 2.5 Flash,percentage,20.5%,9.4%,True,"This gross margin percentage for FY2023 is inconsistent with the provided Total Revenue ($14,000 million) and Cost of Goods Sold ($11,100 million) for the same period. The correct calculation ( ($14,000M - $11,100M) / $14,000M ) yields approximately 20.71%. This also contradicts the '12.6%' gross margin stated earlier for FY2023.",high,6,18
FB_028_C84B8000,FB_028_C84B8000_H2,Gemini 2.5 Flash,dollar_amount,$45 million,$38 million,True,"The restructuring liability is reported as exactly $38 million for Q2 FY2022 and again for June 30, 2023 (which is FY2023 year-end, not Q2 FY2023). It is highly unusual for a restructuring liability, which typically fluctuates as charges are incurred and payments are made, to remain precisely the same over multiple fiscal periods spanning over a year.",high,3,11
FB_028_C84B8000,FB_028_C84B8000_H1,Gemini 2.5 Flash,dollar_amount,$50 million,$38 million,True,"The restructuring liability is reported as exactly $38 million for Q2 FY2022 and again for June 30, 2023 (which is FY2023 year-end, not Q2 FY2023). It is highly unusual for a restructuring liability, which typically fluctuates as charges are incurred and payments are made, to remain precisely the same over multiple fiscal periods spanning over a year.",high,3,11
FB_029_CA5B2B49,FB_029_CA5B2B49_H2,Gemini 2.5 Flash,dollar_amount,"$2,200 million","$2,622 million",True,"The figure is a perfectly round number ($2,100 million), which is highly unusual for a reported financial metric in official company filings. Additionally, it implies a very high year-over-year growth rate of 38.4% from FY2021 ($1,517 million), which is atypical for a large, mature industrial company like Amcor without specific context of significant M&A activity.",high,2,3
FB_029_CA5B2B49,FB_029_CA5B2B49_H1,Gemini 2.5 Flash,dollar_amount,"$2,000 million","$1,517 million",True,"The figure is a perfectly round number ($2,100 million), which is highly unusual for a reported financial metric in official company filings. Additionally, it implies a very high year-over-year growth rate of 38.4% from FY2021 ($1,517 million), which is atypical for a large, mature industrial company like Amcor without specific context of significant M&A activity.",high,2,3
FB_030_DF79B84F,FB_030_DF79B84F_H2,Gemini 2.5 Flash,dollar_amount,"$14,000 million","$16,612 million",True,"This figure directly contradicts the 'Supporting Data' claim of FY 2023 Net Sales being $14,000 million. Additionally, if paired with the $8,955 million for FY 2022 (from the same section), it implies an implausibly high year-over-year growth of approximately 85% for a stable industrial company like Amcor.",high,6,7
FB_030_DF79B84F,FB_030_DF79B84F_H1,Gemini 2.5 Flash,dollar_amount,"$13,500 million","$8,955 million",True,"This figure directly contradicts the 'Supporting Data' claim of FY 2022 Net Sales being $13,500 million. If paired with the $16,612 million for FY 2023 (from the same section), it implies an implausibly high year-over-year growth of approximately 85% for Amcor.",high,6,7
FB_031_E5667B37,FB_031_E5667B37_H3,Gemini 2.5 Flash,dollar_amount,"$1,165 million",$762 million,True,"This D&A figure is exceptionally high for AMD in 2015, especially when compared to its stated revenue of $4,045 million, resulting in a D&A margin of 29.3%. While AMD is an asset-heavy company, this magnitude of D&A is unusually high for typical D&A and could suggest an unstated impairment charge or a hallucinated figure.",medium,6,9
FB_031_E5667B37,FB_031_E5667B37_H2,Gemini 2.5 Flash,dollar_amount,"$5,506 million","$7,678 million",True,This revenue figure is implausibly high for AMD in FY2014. AMD's revenues in the mid-2010s were generally in the $4-6 billion range. A jump to $7.6 billion from $5.3 billion in FY2013 and then a sharp drop to $4.0 billion in FY2015 represents an extremely volatile and unlikely revenue trend for a company of AMD's nature without major M&A or divestitures.,high,6,9
FB_031_E5667B37,FB_031_E5667B37_H1,Gemini 2.5 Flash,percentage,21.2%,29.4%,True,"While mathematically correct based on the provided (and suspicious) D&A and revenue figures for FY2015, a D&A margin of 29.3% is exceptionally high for a semiconductor company, reinforcing the suspicion about the underlying D&A figure's plausibility.",medium,6,9
FB_032_D18D6021,FB_032_D18D6021_H2,Gemini 2.5 Flash,dollar_amount,"$1,202 million","$1,474 million",True,"This inventory figure used in the quick ratio calculation ($1,474 million) directly contradicts the inventory figure explicitly stated in the 'SUPPORTING DATA' section ($1,202 million).",high,4,8
FB_032_D18D6021,FB_032_D18D6021_H1,Gemini 2.5 Flash,dollar_amount,"$4,973 million","$6,844 million",True,"This current liabilities figure used in the quick ratio calculation ($6,844 million) directly contradicts the current liabilities figure explicitly stated in the 'SUPPORTING DATA' section ($4,973 million).",high,4,8
FB_033_EE9D3CFB,FB_033_EE9D3CFB_H3,Gemini 2.5 Flash,dollar_amount,"$10,800 million","$8,249 million",True,"The sum of the reported segment revenues for FY2021 ($8,249 million for Computing and Graphics + $5,600 million for Enterprise, Embedded, and Semi-Custom = $13,849 million) does not match the stated total revenue for FY2021 ($16,400 million). This indicates a significant internal inconsistency or hallucination.",high,4,9
FB_033_EE9D3CFB,FB_033_EE9D3CFB_H2,Gemini 2.5 Flash,dollar_amount,"$9,763 million","$6,395 million",False,,,4,9
FB_033_EE9D3CFB,FB_033_EE9D3CFB_H1,Gemini 2.5 Flash,dollar_amount,"$3,763 million","$4,399 million",True,"The sum of the reported segment revenues for FY2020 ($6,000 million for Computing and Graphics + $4,399 million for Enterprise, Embedded, and Semi-Custom = $10,399 million) does not match the stated total revenue for FY2020 ($6,395 million). This indicates a significant internal inconsistency or hallucination.",high,4,9
FB_034_BDBAA961,FB_034_BDBAA961_H3,Gemini 2.5 Flash,dollar_amount,"$16,420 million","$22,281 million",True,"This figure for FY2021 Total Revenue ($16,420 million) directly contradicts the FY2021 Total Revenue of $22,281 million stated earlier in the report under 'SUPPORTING DATA'.",high,6,9
FB_034_BDBAA961,FB_034_BDBAA961_H2,Gemini 2.5 Flash,percentage,43.8%,33.9%,True,"This percentage increase is inconsistent. If calculated using the stated FY2022 revenue ($23,600 million) and the *stated* FY2021 revenue ($22,281 million), the growth is approximately 5.9%. If calculated using the stated FY2022 revenue ($23,600 million) and the *hallucinated* FY2021 revenue ($16,420 million) used in the calculation, the growth is approximately 43.7%. Neither matches 33.9%.",high,6,9
FB_034_BDBAA961,FB_034_BDBAA961_H1,Gemini 2.5 Flash,dollar_amount,"$16,420 million","$10,590 million",True,"This figure for FY2021 Total Revenue ($16,420 million) directly contradicts the FY2021 Total Revenue of $22,281 million stated earlier in the report under 'SUPPORTING DATA'.",high,6,9
FB_035_15E1E864,FB_035_15E1E864_H3,Gemini 2.5 Flash,percentage,14.0%,6.4%,True,"The reported operating margin of 6.4% is mathematically inconsistent with the provided operating income (USD 1,825 million) and total revenue (USD 13,031 million). The correct calculation (1,825 / 13,031) * 100 yields approximately 14.01%.",high,3,9
FB_035_15E1E864,FB_035_15E1E864_H2,Gemini 2.5 Flash,large_number,"1,832","2,445",True,"The reported operating margin of 17.0% is mathematically inconsistent with the provided operating income (USD 2,445 million) and total revenue (USD 10,965 million). The correct calculation (2,445 / 10,965) * 100 yields approximately 22.30%.",high,3,9
FB_035_15E1E864,FB_035_15E1E864_H1,Gemini 2.5 Flash,large_number,"9,763","12,160",True,"The reported operating margin of 9.0% is mathematically inconsistent with the provided operating income (USD 974 million) and total revenue (USD 12,160 million). The correct calculation (974 / 12,160) * 100 yields approximately 8.01%.",high,3,9
FB_036_47FD0B96,FB_036_47FD0B96_H2,Gemini 2.5 Flash,large_number,"1,028",802,False,,,0,6
FB_036_47FD0B96,FB_036_47FD0B96_H1,Gemini 2.5 Flash,large_number,"1,525","1,829",False,,,0,6
FB_037_CB0A4D6D,FB_037_CB0A4D6D_H3,Gemini 2.5 Flash,dollar_amount,"$3,800 million","$3,135 million",True,"The denominator for the proportional increase calculation ($3,135 million) for Computing and Graphics does not match the previously stated FY2021 sales figure for that segment ($3,800 million). While the final percentage (73.68%) is correct if the correct base ($3,800 million) was used, the intermediate number provided is inconsistent.",high,3,13
FB_037_CB0A4D6D,FB_037_CB0A4D6D_H2,Gemini 2.5 Flash,dollar_amount,"$3,100 million","$2,208 million",True,"The denominator for the proportional increase calculation ($3,135 million) for Computing and Graphics does not match the previously stated FY2021 sales figure for that segment ($3,800 million). While the final percentage (73.68%) is correct if the correct base ($3,800 million) was used, the intermediate number provided is inconsistent.",high,3,13
FB_037_CB0A4D6D,FB_037_CB0A4D6D_H1,Gemini 2.5 Flash,dollar_amount,"$3,100 million","$2,500 million",True,"The denominator for the proportional increase calculation ($3,135 million) for Computing and Graphics does not match the previously stated FY2021 sales figure for that segment ($3,800 million). While the final percentage (73.68%) is correct if the correct base ($3,800 million) was used, the intermediate number provided is inconsistent.",high,3,13
FB_038_9BAA83E2,FB_038_9BAA83E2_H2,Gemini 2.5 Flash,dollar_amount,"$23,600 million","$19,432 million",False,,,2,6
FB_038_9BAA83E2,FB_038_9BAA83E2_H1,Gemini 2.5 Flash,percentage,55%,51.7%,True,"This percentage directly contradicts the 'approximately 55% of total revenue' stated in the primary metric, which is also attributed to the FY2022 10-K. Additionally, using this 51.7% for calculation does not yield the stated $12,980 million for revenue from top five customers.",high,2,6
FB_039_FDBB6DC2,FB_039_FDBB6DC2_H3,Gemini 2.5 Flash,dollar_amount,"$1,000 million","$1,372 million",False,,,1,24
FB_039_FDBB6DC2,FB_039_FDBB6DC2_H2,Gemini 2.5 Flash,percentage,4.000%,0.010%,True,"An interest rate of 0.010% for a senior note due in 2033 is extremely low and highly implausible for American Express, even during periods of historically low interest rates. This rate is effectively zero and does not align with typical corporate bond yields for a long-term maturity from a company like AXP.",high,1,24
FB_039_FDBB6DC2,FB_039_FDBB6DC2_H1,Gemini 2.5 Flash,dollar_amount,"$39,000 million","$46,807 million",False,,,1,24
FB_040_DBF8FC6A,FB_040_DBF8FC6A_H2,Gemini 2.5 Flash,dollar_amount,"$51,000 million","$62,827 million",False,,,4,5
FB_040_DBF8FC6A,FB_040_DBF8FC6A_H1,Gemini 2.5 Flash,percentage,21.6%,29.6%,True,"Based on the provided International revenue ($11,000 million) and Total Revenue ($62,827 million), the calculated percentage is approximately 17.50%. The claimed 29.6% is mathematically incorrect and significantly deviates from the calculated value. Furthermore, the sum of the two reported percentages (78.4% + 29.6% = 108%) is impossible for two segments of total revenue.",high,4,5
FB_041_EB5B1B78,FB_041_EB5B1B78_H3,Gemini 2.5 Flash,dollar_amount,"$36,090 million","$48,564 million",True,"This figure for FY2020 Total Revenue is inconsistent with the Operating Margin of 13.4% and the Operating Income of $4,825 million also stated for FY2020. If the margin is 13.4% and income is $4,825M, revenue should be $36,007M. If income is $4,825M and revenue is $48,564M, margin should be 9.9%.",high,6,14
FB_041_EB5B1B78,FB_041_EB5B1B78_H2,Gemini 2.5 Flash,dollar_amount,"$4,825 million","$5,847 million",True,"This figure for FY2020 Operating Income is inconsistent with the Operating Margin of 13.4% and the Total Revenue of $48,564 million also stated for FY2020. It also contradicts the $5,847 million operating income used in the calculation for the FY2020 operating margin.",high,6,14
FB_041_EB5B1B78,FB_041_EB5B1B78_H1,Gemini 2.5 Flash,dollar_amount,"$36,090 million","$49,343 million",True,"This figure for FY2020 Total Revenue is inconsistent with the Operating Margin of 13.4% and the Operating Income of $4,825 million also stated for FY2020. If the margin is 13.4% and income is $4,825M, revenue should be $36,007M. If income is $4,825M and revenue is $48,564M, margin should be 9.9%.",high,6,14
FB_042_1741E456,FB_042_1741E456_H2,Gemini 2.5 Flash,dollar_amount,"$18,816 million","$23,630 million",True,Financial services companies like American Express typically do not report 'Cost of Goods Sold' as a standard line item on their income statements. The presence of such a large COGS figure is highly unusual and suggests misinterpretation or hallucination of financial statement structure for this industry.,high,7,12
FB_042_1741E456,FB_042_1741E456_H1,Gemini 2.5 Flash,dollar_amount,"$28,842 million","$17,915 million",True,"This figure is internally inconsistent with the provided Total Revenue ($47,658 million) and COGS ($23,630 million) for FY2021. The correct calculation (Total Revenue - COGS) should be $47,658 million - $23,630 million = $24,028 million, not $17,915 million. This is a clear calculation error.",high,7,12
FB_043_1BA81F6A,FB_043_1BA81F6A_H3,Gemini 2.5 Flash,percentage,20.1%,24.1%,True,The effective tax rate for FY2021 is explicitly stated as 24.1% in the 'PRIMARY METRIC' section. The use of '20.1%' in this calculation creates a direct internal inconsistency.,high,5,13
FB_043_1BA81F6A,FB_043_1BA81F6A_H2,Gemini 2.5 Flash,dollar_amount,"$7,667 million","$5,968 million",True,"The 'Income Before Income Taxes' for FY2022 is stated as $7,667 million earlier in the 'SUPPORTING DATA' section. Using '$5,968 million' as the base for calculating tax expense here is a clear internal inconsistency.",high,5,13
FB_043_1BA81F6A,FB_043_1BA81F6A_H1,Gemini 2.5 Flash,percentage,20.1%,31.3%,True,The effective tax rate for FY2021 is explicitly stated as 24.1% in the 'PRIMARY METRIC' section. The use of '20.1%' in this calculation creates a direct internal inconsistency.,high,5,13
FB_044_899DEDA7,FB_044_899DEDA7_H3,Gemini 2.5 Flash,dollar_amount,"$106,196 million","$87,723 million",True,"American Express is a major financial institution with a very large balance sheet. Its total liabilities typically exceed $200 billion, not $87.7 billion. This figure appears significantly understated and inconsistent with the company's scale, suggesting a high likelihood of hallucination.",high,3,4
FB_044_899DEDA7,FB_044_899DEDA7_H2,Gemini 2.5 Flash,dollar_amount,"$58,160 million","$75,098 million",True,"This figure represents a 113% increase in long-term debt from the prior year's reported $35,269 million (FY2020). Such a dramatic doubling of long-term debt in a single year is highly unusual for a stable, large financial institution like American Express, suggesting potential fabrication or inaccuracy.",high,3,4
FB_044_899DEDA7,FB_044_899DEDA7_H1,Gemini 2.5 Flash,dollar_amount,"$50,000 million","$35,269 million",True,"This figure, when compared to the reported $75,098 million for FY2021, implies a 113% increase in long-term debt year-over-year. This extreme growth rate is highly unusual for a company of American Express's size and stability, suggesting potential fabrication or inaccuracy in this figure or the subsequent year's.",high,3,4
FB_045_3960FE69,FB_045_3960FE69_H2,Gemini 2.5 Flash,percentage,5.1%,0.0%,True,"The reported percentage increase of 0.0% is inconsistent with the absolute growth of 6.2 million card members from a base of 121.6 million. (6.2 / 121.6) * 100% is approximately 5.1%, not 0.0%. This is a significant arithmetic error.",high,2,10
FB_045_3960FE69,FB_045_3960FE69_H1,Gemini 2.5 Flash,percentage,6.3%,0.1%,True,"The reported percentage increase of 0.1% is inconsistent with the absolute growth of 7.2 million card members from a base of 114.4 million. (7.2 / 114.4) * 100% is approximately 6.3%, not 0.1%. This is a significant arithmetic error.",high,2,10
FB_046_E323A993,FB_046_E323A993_H2,Gemini 2.5 Flash,dollar_amount,"$1,034 million","$1,420 million",True,"This figure represents an increase of approximately 118.5% from the FY2018 payout of $650 million. A more than doubling of total cash dividends paid in a single year is an extremely aggressive and highly implausible increase for a stable utility company like American Water Works, which is known for predictable, steady dividend growth.",high,2,3
FB_046_E323A993,FB_046_E323A993_H1,Gemini 2.5 Flash,dollar_amount,$977 million,$650 million,False,,,2,3
FB_047_A9C061FE,FB_047_A9C061FE_H3,Gemini 2.5 Flash,dollar_amount,"$1,426 million",$966 million,True,"The stated unadjusted EBITDA ($966 million) is arithmetically inconsistent with the provided components for FY2021. Operating Income ($1,149 million) + Depreciation and Amortization ($277 million) equals $1,426 million, not $966 million. This represents a significant calculation error or a hallucinated final figure.",high,1,7
FB_047_A9C061FE,FB_047_A9C061FE_H2,Gemini 2.5 Flash,dollar_amount,"$1,019 million",$832 million,False,,,1,7
FB_047_A9C061FE,FB_047_A9C061FE_H1,Gemini 2.5 Flash,dollar_amount,$263 million,$208 million,False,,,1,7
FB_048_79F71CE3,FB_048_79F71CE3_H3,Gemini 2.5 Flash,dollar_amount,"$1,519 million","$1,823 million",False,,,2,9
FB_048_79F71CE3,FB_048_79F71CE3_H2,Gemini 2.5 Flash,dollar_amount,$684 million,$522 million,True,"The reported Working Capital of $522 million for FY2022 is inconsistent with the provided Current Assets ($2,203 million) and Current Liabilities ($1,823 million). The correct calculation ($2,203 million - $1,823 million) yields $380 million, not $522 million.",high,2,9
FB_048_79F71CE3,FB_048_79F71CE3_H1,Gemini 2.5 Flash,dollar_amount,$606 million,$721 million,True,"The reported Working Capital of $721 million for FY2020 is inconsistent with the provided Current Assets ($1,974 million) and Current Liabilities ($1,368 million). The correct calculation ($1,974 million - $1,368 million) yields $606 million, not $721 million.",high,2,9
FB_049_4416C718,FB_049_4416C718_H3,Gemini 2.5 Flash,dollar_amount,"$1,173 million",$924 million,True,"The net profit figure used in this calculation ($1,173 million) for FY2016 contradicts the FY2016 Net Profit of $924 million stated earlier in the 'PRIMARY METRIC' section. This is an internal inconsistency.",high,4,11
FB_049_4416C718,FB_049_4416C718_H2,Gemini 2.5 Flash,percentage,2.9%,0.0%,True,"The calculation ($1,185 million / $40,349 million) * 100 results in approximately 2.93%, which, when rounded to one decimal place, should be 2.9%, not 0.0%. This is a significant mathematical error.",high,4,11
FB_049_4416C718,FB_049_4416C718_H1,Gemini 2.5 Flash,percentage,2.9%,0.0%,True,"The calculation ($1,185 million / $40,349 million) * 100 results in approximately 2.93%, which, when rounded to one decimal place, should be 2.9%, not 0.0%. This is a significant mathematical error.",high,4,11
FB_050_A0B82AEA,FB_050_A0B82AEA_H2,Gemini 2.5 Flash,dollar_amount,"$3,719 million","$2,780 million",True,"This figure implies a ~43.5% decrease in inventories from FY2017 ($4,922 million) and a subsequent ~51.2% increase to FY2019 ($4,203 million). Such large year-over-year swings (over 40-50%) in total inventories are highly unusual for a mature, stable retailer like Best Buy without significant, explained operational shifts or external events.",medium,2,3
FB_050_A0B82AEA,FB_050_A0B82AEA_H1,Gemini 2.5 Flash,dollar_amount,"$3,579 million","$4,922 million",True,"This figure, when compared to FY2018 ($2,780 million), implies a ~43.5% decrease in inventories. Such a large year-over-year swing (over 40-50%) in total inventories is highly unusual for a mature, stable retailer like Best Buy without significant, explained operational shifts or external events. The subsequent ~51.2% increase from FY2018 to FY2019 further highlights an unusually volatile inventory trend.",medium,2,3
FB_051_091D46D5,FB_051_091D46D5_H3,Gemini 2.5 Flash,dollar_amount,"$46,294 million","$29,580 million",True,"This revenue figure implies an implausible ~46% decrease from FY2021 ($55,020 million) and an equally implausible ~46% increase to FY2023 ($43,294 million). Such massive year-over-year swings (down 46% then up 46%) are highly uncharacteristic for a mature, stable retailer like Best Buy.",high,4,21
FB_051_091D46D5,FB_051_091D46D5_H2,Gemini 2.5 Flash,dollar_amount,"$47,262 million","$55,020 million",False,,,4,21
FB_051_091D46D5,FB_051_091D46D5_H1,Gemini 2.5 Flash,percentage,2%,10.3%,True,"This statement directly contradicts the researcher's own preceding calculation, which correctly identified the maximum fluctuation as 1.1% (from FY2021 to FY2022). The '10.3%' figure appears to be a hallucination.",high,4,21
FB_052_FC76DF78,FB_052_FC76DF78_H3,Gemini 2.5 Flash,large_number,"1,846","1,157",False,,,4,7
FB_052_FC76DF78,FB_052_FC76DF78_H2,Gemini 2.5 Flash,large_number,"47,262","32,254",True,"When compared to the reported FY2022 revenue of USD 51,764 million, this implies an implausible year-over-year increase of over 60% for a mature retailer like Best Buy. Such a massive revenue jump is highly unlikely without a major, publicly known event (like a large merger) which is not mentioned, and it's inconsistent with the reported slight decrease in net income for the same period.",high,4,7
FB_052_FC76DF78,FB_052_FC76DF78_H1,Gemini 2.5 Flash,large_number,"1,570","1,229",False,,,4,7
FB_053_05E755A5,FB_053_05E755A5_H3,Gemini 2.5 Flash,dollar_amount,"$1,518 million","$1,210 million",True,"This figure for FY2023 Cash Flows from Operating Activities ($1,518 million) directly contradicts the figure provided earlier in the same output for the exact same metric and period, which was stated as $1,210 million. This is a clear internal inconsistency.",high,1,10
FB_053_05E755A5,FB_053_05E755A5_H2,Gemini 2.5 Flash,large_number,"1,188","1,421",False,,,1,10
FB_053_05E755A5,FB_053_05E755A5_H1,Gemini 2.5 Flash,large_number,"1,045",852,False,,,1,10
FB_054_F1BBC565,FB_054_F1BBC565_H3,Gemini 2.5 Flash,dollar_amount,"$1,200 million",$911 million,True,"This figure for FY 2023 Cash and Cash Equivalents is directly contradicted by two other figures provided in the same output for the same period: '$1,200 million' and '$789 million'. It is impossible for all three to be correct.",high,5,7
FB_054_F1BBC565,FB_054_F1BBC565_H2,Gemini 2.5 Flash,dollar_amount,"$3,200 million","$2,191 million",False,,,5,7
FB_054_F1BBC565,FB_054_F1BBC565_H1,Gemini 2.5 Flash,dollar_amount,"$1,200 million",$789 million,True,This figure for FY 2023 Cash and Cash Equivalents is directly contradicted by two other figures provided in the same output for the same period: '$911 million' and '$789 million'. It is impossible for all three to be correct.,high,5,7
FB_055_B75D0172,FB_055_B75D0172_H3,Gemini 2.5 Flash,large_number,"1,024",822,True,"This figure is directly contradicted by the 'SUPPORTING DATA' section which states 'Q2 FY2024 Store Count: 1,272 stores'. Two different store counts are provided for the same period.",high,6,6
FB_055_B75D0172,FB_055_B75D0172_H2,Gemini 2.5 Flash,large_number,"1,040",698,True,"This figure is directly contradicted by the 'SUPPORTING DATA' section which states 'Q2 FY2023 Store Count: 1,040 stores'. Two different store counts are provided for the same period.",high,6,6
FB_055_B75D0172,FB_055_B75D0172_H1,Gemini 2.5 Flash,large_number,"1,024","1,272",True,"This figure is directly contradicted by the 'PRIMARY METRIC' section which states 'As of the end of Q2 FY2024, Best Buy had 822 stores'. Two different store counts are provided for the same period.",high,6,6
FB_056_E46FAB20,FB_056_E46FAB20_H3,Gemini 2.5 Flash,dollar_amount,"$1,800 million","$1,519 million",True,"Based on general financial knowledge of Best Buy's business model and typical revenue distribution, the 'Computing and Mobile Phones' category is usually one of its largest, often comparable to or exceeding 'Consumer Electronics'. A figure of $1.519 billion for a quarter seems unusually low for this core category, especially when 'Consumer Electronics' is reported at $2.5 billion, suggesting a potential underestimation or hallucination of its relative magnitude.",high,2,15
FB_056_E46FAB20,FB_056_E46FAB20_H2,Gemini 2.5 Flash,dollar_amount,$600 million,$738 million,True,"This figure, when compared to the reported Q2 FY2023 Entertainment revenue of $500 million, implies a year-over-year growth rate of approximately 47.6%. Such a high percentage increase in a single product category for a large, mature retailer like Best Buy is highly unusual and raises suspicion of hallucination.",medium,2,15
FB_056_E46FAB20,FB_056_E46FAB20_H1,Gemini 2.5 Flash,dollar_amount,"$1,900 million","$1,307 million",False,,,2,15
FB_057_2D006C3F,FB_057_2D006C3F_H3,Gemini 2.5 Flash,dollar_amount,$467.5 million,$606.8 million,True,This figure is used as the denominator for the FY2016 Working Capital Ratio calculation but contradicts the explicitly stated FY2016 Total Current Liabilities of $467.5 million. It appears to be a hallucinated figure introduced solely for the calculation.,high,4,12
FB_057_2D006C3F,FB_057_2D006C3F_H2,Gemini 2.5 Flash,dollar_amount,$360.6 million,$259.8 million,True,This figure is used as the numerator for the FY2015 Working Capital Ratio calculation but contradicts the explicitly stated FY2015 Total Current Assets of $259.8 million. It appears to be a hallucinated figure introduced solely for the calculation.,high,4,12
FB_057_2D006C3F,FB_057_2D006C3F_H1,Gemini 2.5 Flash,dollar_amount,"$1,197.5 million",$788.1 million,True,This figure is used as the numerator for the FY2017 Working Capital Ratio calculation but contradicts the explicitly stated FY2017 Total Current Assets of $788.1 million. It appears to be a hallucinated figure introduced solely for the calculation.,high,4,12
FB_058_4FC4F0E9,FB_058_4FC4F0E9_H3,Gemini 2.5 Flash,dollar_amount,"$4,711 million","$5,585 million",True,"This figure for FY2019 Total Revenue directly contradicts the 'SUPPORTING DATA' section which states FY2019 Total Revenue as $4,711 million. This is a clear internal inconsistency.",high,5,7
FB_058_4FC4F0E9,FB_058_4FC4F0E9_H2,Gemini 2.5 Flash,percentage,101.6%,91.9%,True,"The stated growth rate of 91.9% does not match the calculation provided. Using the numbers in the calculation: [(9,493 - 4,711) / 4,711] * 100 = (4,782 / 4,711) * 100 = 101.5%. Furthermore, the FY2019 revenue figure ($4,711 million) used in the calculation contradicts the FY2019 revenue stated in the 'PRIMARY METRIC' section ($5,585 million). This indicates multiple calculation errors and internal inconsistencies.",high,5,7
FB_058_4FC4F0E9,FB_058_4FC4F0E9_H1,Gemini 2.5 Flash,dollar_amount,"$9,493 million","$12,544 million",True,"This figure for FY2020 Total Revenue directly contradicts the 'SUPPORTING DATA' section which states FY2020 Total Revenue as $12,544 million. This is a clear internal inconsistency.",high,5,7
FB_060_D8048F85,FB_060_D8048F85_H2,Gemini 2.5 Flash,dollar_amount,"$83,535 million","$115,274 million",True,"This reported Net Property, Plant, and Equipment figure ($115,274 million) is greater than the reported Total Assets ($85,028 million). This is an accounting impossibility, as Net PP&E is a component of Total Assets and cannot exceed the total.",high,4,4
FB_060_D8048F85,FB_060_D8048F85_H1,Gemini 2.5 Flash,dollar_amount,"$139,660 million","$85,028 million",True,"When combined with the reported Total Liabilities ($103,227 million) and Shareholders' Equity ($36,433 million), the fundamental accounting equation (Assets = Liabilities + Equity) does not balance ($85,028 million != $103,227 million + $36,433 million). This indicates at least one of these three figures is incorrect.",high,4,4
FB_061_B30537F0,FB_061_B30537F0_H3,Gemini 2.5 Flash,dollar_amount,"$62,283 million","$52,278 million",True,"The sum of the reported segment revenues for FY2021 ($14,811M for Commercial Airplanes + $26,153M for Defense, Space & Security + $13,434M for Global Services = $54,398M) does not equal the stated total revenue of $52,278M. There is a $2,120M discrepancy.",high,12,22
FB_061_B30537F0,FB_061_B30537F0_H2,Gemini 2.5 Flash,dollar_amount,"$21,319 million","$13,434 million",True,"This figure for Global Services revenue in FY2021 directly contradicts the figure of '$13,434 million' provided earlier in the 'SUPPORTING DATA' section for the same category and period. This is an internal inconsistency in the reported data.",high,12,22
FB_061_B30537F0,FB_061_B30537F0_H1,Gemini 2.5 Flash,percentage,23.0%,14.4%,True,"Based on the provided figures ($14,811M for Commercial Airplanes and $52,278M for Total Revenue for FY2021), the correct percentage should be approximately 28.3%, not 23.8%. This is a calculation error.",high,12,22
FB_062_CCEDD88C,FB_062_CCEDD88C_H1,Gemini 2.5 Flash,dollar_amount,"$156,898 million","$191,569 million",False,,,0,9
FB_063_38B981AD,FB_063_38B981AD_H2,Gemini 2.5 Flash,percentage,7.1%,0.9%,True,"The stated Gross Profit for FY2020 is $4,195 million. The Total Revenue explicitly stated for FY2020 is $58,658 million. Using these figures, the gross margin would be approximately 7.2% ($4,195M / $58,658M). The 0.9% figure is inconsistent with the other provided data for FY2020. Furthermore, even if the alternative revenue figure of $71,042 million used in the calculation were accepted, $4,195 million divided by $71,042 million yields approximately 5.9%, not 0.9%.",high,3,12
FB_063_38B981AD,FB_063_38B981AD_H1,Gemini 2.5 Flash,dollar_amount,"$58,658 million","$71,042 million",True,"The stated Gross Profit for FY2020 is $4,195 million. The Total Revenue explicitly stated for FY2020 is $58,658 million. Using these figures, the gross margin would be approximately 7.2% ($4,195M / $58,658M). The 0.9% figure is inconsistent with the other provided data for FY2020. Furthermore, even if the alternative revenue figure of $71,042 million used in the calculation were accepted, $4,195 million divided by $71,042 million yields approximately 5.9%, not 0.9%.",high,3,12
FB_064_7576A9AF,FB_064_7576A9AF_H3,Gemini 2.5 Flash,dollar_amount,"$14,800 million","$12,426 million",True,"This figure seems implausibly low for FY2021, especially when compared to the reported FY2022 figure of $27,100 million. While 2021 was still challenging, a drop to this level from the (incorrectly reported) $39,000 million in 2020, followed by more than doubling to 2022, suggests an erratic and unlikely trend for a segment of this size. It also appears too low given the actual recovery trajectory for Boeing's commercial division.",medium,4,9
FB_064_7576A9AF,FB_064_7576A9AF_H2,Gemini 2.5 Flash,dollar_amount,"$15,300 million","$18,525 million",True,"This figure seems implausibly high for FY2020, especially when compared to the reported FY2021 ($18,525 million) and FY2022 ($16,300 million) figures, which show a declining trend. While Global Services can be more resilient, a peak in 2020 followed by a decline doesn't align with the general impact of COVID-19 on air travel and related services, which would likely have seen a dip or slower growth in 2020.",medium,4,9
FB_064_7576A9AF,FB_064_7576A9AF_H1,Gemini 2.5 Flash,dollar_amount,"$15,100 million","$19,162 million",True,"This figure seems implausibly high for FY2020, especially when compared to the reported FY2021 ($18,525 million) and FY2022 ($16,300 million) figures, which show a declining trend. While Global Services can be more resilient, a peak in 2020 followed by a decline doesn't align with the general impact of COVID-19 on air travel and related services, which would likely have seen a dip or slower growth in 2020.",medium,4,9
FB_065_8F3B2425,FB_065_8F3B2425_H3,Gemini 2.5 Flash,dollar_amount,"$58,658 million","$41,886 million",True,"The sum of the reported FY2020 Commercial Airplanes Revenue ($28,658 million) and FY2020 Defense, Space & Security Revenue ($26,130 million) is $54,788 million. This sum is significantly greater than the reported FY2020 Total Revenue of $41,886 million, indicating a fundamental internal inconsistency as total revenue cannot be less than the sum of its segments.",high,5,10
FB_065_8F3B2425,FB_065_8F3B2425_H2,Gemini 2.5 Flash,dollar_amount,"$26,210 million","$18,532 million",True,"This figure, when combined with FY2020 Commercial Airplanes Revenue ($28,658 million), results in a sum ($54,788 million) that exceeds the reported FY2020 Total Revenue ($41,886 million). This indicates an internal inconsistency within the FY2020 figures.",high,5,10
FB_065_8F3B2425,FB_065_8F3B2425_H1,Gemini 2.5 Flash,dollar_amount,$382 billion,$469 billion,False,,,5,10
FB_067_92C7D508,FB_067_92C7D508_H3,Gemini 2.5 Flash,percentage,20.0%,9.5%,True,"The stated effective tax rate of 9.5% is inconsistent with the provided FY2022 Income Tax Expense ($1,513 million) and Pre-tax Income ($6,000 million). Calculating $1,513 million / $6,000 million yields approximately 25.22%, which significantly differs from the claimed 9.5%. This indicates a likely hallucination or error in at least one of the figures.",high,2,6
FB_067_92C7D508,FB_067_92C7D508_H2,Gemini 2.5 Flash,dollar_amount,"$1,200 million","$1,513 million",False,,,2,6
FB_067_92C7D508,FB_067_92C7D508_H1,Gemini 2.5 Flash,dollar_amount,"$5,500 million","$3,936 million",False,,,2,6
FB_068_46FFC913,FB_068_46FFC913_H2,Gemini 2.5 Flash,dollar_amount,"$86,180.5 million","$58,656.0 million",True,"This is a clear mathematical error. The average of $86,185 million and $86,176 million should be $86,180.5 million, not $58,656.0 million.",high,5,10
FB_068_46FFC913,FB_068_46FFC913_H1,Gemini 2.5 Flash,percentage,1.45%,0.01%,True,"This is a unit conversion error. A decimal value of 0.0145 corresponds to 1.45%, not 0.01%. Although corrected in a subsequent note, the initial statement is incorrect.",high,5,10
FB_069_15B93D82,FB_069_15B93D82_H2,Gemini 2.5 Flash,percentage,44.2%,51.5%,True,"This claim is internally inconsistent with the provided supporting data and the researcher's own calculation note. Using the reported COGS of $18,441 million and Total Revenue of $41,651 million, the correct COGS percentage margin is (18,441 / 41,651) * 100 = 44.2%, which is also stated in the 'Note' section.",high,3,10
FB_069_15B93D82,FB_069_15B93D82_H1,Gemini 2.5 Flash,dollar_amount,"$33,014 million","$25,413 million",True,"This revenue figure, when combined with the reported COGS for FY2020 ($17,167 million), results in a COGS percentage of 67.55% (17,167 / 25,413 * 100). This implies an unusually low gross margin of 32.45% for Coca-Cola, which typically operates with gross margins in the high 50s to low 60s. This is significantly out of line with the COGS percentages calculated for FY2019 (45.85%) and FY2021 (44.2%). Additionally, a revenue drop from $37.2B in 2019 to $25.4B in 2020 (a ~32% decrease) followed by a jump to $41.6B in 2021 (a ~64% increase) represents extreme volatility for a company like Coca-Cola, even considering the impact of COVID-19, making the 2020 revenue figure highly suspicious.",high,3,10
FB_070_4418F850,FB_070_4418F850_H3,Gemini 2.5 Flash,dollar_amount,"$7,964 million","$5,694 million",True,"This figure for Total Cash Dividends Paid directly contradicts the 'SUPPORTING DATA' claim of '$7,964 million' for the exact same metric and period.",high,5,8
FB_070_4418F850,FB_070_4418F850_H2,Gemini 2.5 Flash,dollar_amount,"$11,952 million","$14,585 million",True,"This figure for Net Income Attributable to Shareholders directly contradicts the 'SUPPORTING DATA' claim of '$14,512 million' for the exact same metric and period.",high,5,8
FB_070_4418F850,FB_070_4418F850_H1,Gemini 2.5 Flash,dollar_amount,"$11,952 million","$14,512 million",True,"This figure for Net Income Attributable to Shareholders directly contradicts the 'SUPPORTING DATA' claim of '$14,512 million' for the exact same metric and period.",high,5,8
FB_071_0CB99E74,FB_071_0CB99E74_H3,Gemini 2.5 Flash,dollar_amount,"$3,167 million","$4,292 million",True,"The researcher previously stated FY2020 Inventory as $3,167 million. The value $4,292 million used in the subtraction for change in inventory is inconsistent with the stated FY2020 Inventory. While the final difference ($111 million) is correct based on $3,167 million - $3,056 million, the intermediate figure is wrong.",high,5,16
FB_071_0CB99E74,FB_071_0CB99E74_H2,Gemini 2.5 Flash,dollar_amount,$111 million,$73 million,True,The 'Change in Inventory' was previously calculated and stated as $111 million. Using $73 million in the DPO formula is an internal inconsistency.,high,5,16
FB_071_0CB99E74,FB_071_0CB99E74_H1,Gemini 2.5 Flash,dollar_amount,"$10,248 million","$7,381 million",True,"This value is presented as the sum of ($10,137 million + $73 million). However, $10,137 million + $73 million = $10,210 million, not $7,381 million. This is a clear calculation error.",high,5,16
FB_072_05A484DC,FB_072_05A484DC_H2,Gemini 2.5 Flash,dollar_amount,"$11,500 million","$8,255 million",True,"This figure is stated as the FY2019 Total Revenue, but a different value ($11,500 million) is used in the subsequent margin calculation for the same year, creating an internal inconsistency.",high,7,15
FB_072_05A484DC,FB_072_05A484DC_H1,Gemini 2.5 Flash,large_number,"3,206","2,118",True,"This figure is stated as the FY2019 Operating Income, but a different value ($2,118 million) is used in the subsequent margin calculation for the same year, creating an internal inconsistency.",high,7,15
FB_073_5495DBB9,FB_073_5495DBB9_H3,Gemini 2.5 Flash,percentage,13.9%,9.9%,True,"The reported effective tax rate of 14.4% for FY2021 is inconsistent with the provided supporting data. Calculating (Income Tax Expense / Pre-Tax Income) for FY2021 ($221 million / $1,831 million) yields approximately 12.07%, not 14.4%.",high,2,7
FB_073_5495DBB9,FB_073_5495DBB9_H2,Gemini 2.5 Flash,dollar_amount,$264 million,$221 million,False,,,2,7
FB_073_5495DBB9,FB_073_5495DBB9_H1,Gemini 2.5 Flash,dollar_amount,$292 million,$207 million,False,,,2,7
FB_074_499976A7,FB_074_499976A7_H2,Gemini 2.5 Flash,dollar_amount,"$8,108 million","$6,078 million",False,,,2,13
FB_074_499976A7,FB_074_499976A7_H1,Gemini 2.5 Flash,dollar_amount,"$7,400 million","$9,948 million",False,,,2,13
FB_075_D5F39BB5,FB_075_D5F39BB5_H2,Gemini 2.5 Flash,dollar_amount,"$59,431 million","$38,256 million",True,"This figure, when considered with the FY2020 and FY2019 total asset figures provided, forms a consistent multi-year decline in total assets for Costco. A sustained decrease in total assets from $47.19 billion in FY2019 to $38.26 billion in FY2021 is highly counter-intuitive and implausible for a large, growing retailer like Costco, especially during a period (2019-2021) that generally saw strong performance in the retail sector. This trend strongly suggests hallucination.",high,3,3
FB_075_D5F39BB5,FB_075_D5F39BB5_H1,Gemini 2.5 Flash,dollar_amount,"$53,189 million","$41,694 million",True,This figure contributes to a suspicious multi-year declining trend in total assets for Costco (from $47.19 billion in FY2019 to $38.26 billion in FY2021). Such a consistent and significant decline is inconsistent with the expected growth trajectory and financial performance of a major retailer like Costco during this specific period.,high,3,3
FB_076_1BF5949C,FB_076_1BF5949C_H3,Gemini 2.5 Flash,dollar_amount,"$194,579 million","$124,200 million",True,"This revenue figure is significantly lower than CVS Health's actual reported revenue for FY2018 (which was closer to $194 billion after the Aetna acquisition). It also directly contradicts the revenue figure ($194,579 million) used in the final fixed asset turnover ratio calculation within the same output.",high,7,8
FB_076_1BF5949C,FB_076_1BF5949C_H2,Gemini 2.5 Flash,dollar_amount,"$21,643 million","$27,991 million",True,"This stated FY2017 PP&E figure is contradicted by the number ($21,643 million) subsequently used for FY2017 PP&E in the average PP&E calculation.",high,7,8
FB_076_1BF5949C,FB_076_1BF5949C_H1,Gemini 2.5 Flash,dollar_amount,"$22,389 million","$29,388 million",True,"This stated FY2017 PP&E figure is contradicted by the number ($21,643 million) subsequently used for FY2017 PP&E in the average PP&E calculation.",high,7,8
FB_077_6547C156,FB_077_6547C156_H3,Gemini 2.5 Flash,dollar_amount,"$3,100 million","$2,148 million",False,,,1,6
FB_077_6547C156,FB_077_6547C156_H2,Gemini 2.5 Flash,dollar_amount,"$2,500 million","$3,128 million",False,,,1,6
FB_077_6547C156,FB_077_6547C156_H1,Gemini 2.5 Flash,dollar_amount,"$128,000 million","$78,204 million",True,"The reported total assets for FY2020 ($78,204 million) imply an exceptionally large year-over-year increase of approximately 69% to FY2021's reported total assets ($132,200 million). For a company of CVS Health's size and maturity, such a dramatic increase in total assets in a single year, without a major, publicly known acquisition occurring specifically between FY2020 and FY2021, is highly unusual and inconsistent with typical asset growth patterns. This significant jump stands out compared to the much more modest 1.6% increase from FY2021 to FY2022.",high,1,6
FB_078_F8A3C776,FB_078_F8A3C776_H2,Gemini 2.5 Flash,dollar_amount,$3.0 billion,$2.0 billion,True,"This figure, along with the total liabilities for FY2021 ($89.0 billion) and FY2020 ($86.0 billion), forms a perfectly linear and perfectly round increase of exactly $3.0 billion year-over-year. Such precise, consistent, and round increases in total liabilities across multiple years are highly improbable in real-world financial reporting and strongly suggest hallucination.",high,3,6
FB_078_F8A3C776,FB_078_F8A3C776_H1,Gemini 2.5 Flash,dollar_amount,$2.0 billion,$1.4 billion,False,,,3,6
FB_079_C8770283,FB_079_C8770283_H3,Gemini 2.5 Flash,dollar_amount,$0.50 ,$0.68 ,True,"This figure is suspicious when compared to the reported Q1 FY2022 dividend of $0.69 per share. A decrease in a regular quarterly dividend by a single penny is highly unusual for a stable, mature company like CVS Health, which typically maintains or increases its quarterly dividend.",high,3,5
FB_079_C8770283,FB_079_C8770283_H2,Gemini 2.5 Flash,dollar_amount,$0.50 ,$0.69 ,True,"This figure is suspicious when compared to the reported Q1 FY2022 dividend of $0.69 per share. A decrease in a regular quarterly dividend by a single penny is highly unusual for a stable, mature company like CVS Health, which typically maintains or increases its quarterly dividend.",high,3,5
FB_079_C8770283,FB_079_C8770283_H1,Gemini 2.5 Flash,dollar_amount,$1.98 ,$1.25 ,True,"This figure is highly inconsistent with the reported Q2 FY2021 dividend of $0.50 per share. If CVS Health paid $0.50 per share in Q2, and assuming a typical quarterly dividend schedule (4 payments per year), the total annual dividend for FY2021 would be approximately $2.00 ($0.50 x 4 quarters), not $1.25. This represents a significant internal contradiction.",high,3,5
FB_081_4E1CC3D9,FB_081_4E1CC3D9_H2,Gemini 2.5 Flash,large_number,"48,123,456","63,263,625",False,,,5,13
FB_081_4E1CC3D9,FB_081_4E1CC3D9_H1,Gemini 2.5 Flash,large_number,"9,876,543","12,416,701",True,"This figure for M. Scott McCarty's 'Votes Against' in the summary section (9,876,543) directly contradicts the figure provided earlier for the same nominee (12,416,701 votes against). This is a clear internal inconsistency.",high,5,13
FB_082_4FFC55E4,FB_082_4FFC55E4_H2,Gemini 2.5 Flash,dollar_amount,"$1,059 million","$1,334 million",True,"This stated FY2019 Inventory figure ($1,334 million) is immediately contradicted by the figure used in the subsequent 'Average Inventory' calculation ($1,059 million) and 'Change in Inventory' calculation ($1,059 million). This indicates an internal inconsistency or hallucination of one of the figures.",high,7,18
FB_082_4FFC55E4,FB_082_4FFC55E4_H1,Gemini 2.5 Flash,dollar_amount,$30 million,$37 million,True,The 'Change in Inventory' value of $37 million used in the DPO calculation contradicts the 'Change in Inventory' value of $30 million explicitly calculated in the 'Data Extraction' section (step 6). This is a direct internal inconsistency.,high,7,18
FB_083_62A760DF,FB_083_62A760DF_H3,Gemini 2.5 Flash,dollar_amount,"$2,972 million","$3,586 million",True,"This figure for FY2020 Total Current Liabilities, used in the primary metric calculation, directly contradicts the figure of $3,586 million provided in the 'SUPPORTING DATA' section for the exact same period and source. One of these figures must be incorrect.",high,3,9
FB_083_62A760DF,FB_083_62A760DF_H2,Gemini 2.5 Flash,dollar_amount,"$2,731 million","$3,712 million",True,"This figure for FY2020 Total Current Liabilities, listed in the 'SUPPORTING DATA', directly contradicts the figure of $2,972 million used in the 'PRIMARY METRIC' calculation for the exact same period and source. One of these figures must be incorrect.",high,3,9
FB_083_62A760DF,FB_083_62A760DF_H1,Gemini 2.5 Flash,dollar_amount,"$3,556 million","$2,326 million",True,"This figure for FY2020 Total Current Liabilities, listed in the 'SUPPORTING DATA', directly contradicts the figure of $2,972 million used in the 'PRIMARY METRIC' calculation for the exact same period and source. One of these figures must be incorrect.",high,3,9
FB_084_403F35B5,FB_084_403F35B5_H2,Gemini 2.5 Flash,dollar_amount,"$1,205 million",$952 million,True,"This stated FY2020 FCF value is inconsistent with the provided Cash from Operations ($1,755 million) and Capital Expenditures ($550 million) for the same period. The correct calculation ($1,755 - $550) yields $1,205 million. It is also inconsistent with the researcher's own subsequent calculation of $735 million.",high,2,15
FB_084_403F35B5,FB_084_403F35B5_H1,Gemini 2.5 Flash,dollar_amount,"$1,205 million",$735 million,True,"The arithmetic calculation is incorrect. $1,755 million minus $550 million equals $1,205 million, not $735 million. This mathematical error leads to an incorrect FCF figure for FY2020 and creates an inconsistent year-over-year trend, as Cash from Operations increased and Capital Expenditures decreased, which should generally lead to an increase in FCF, not a significant drop.",high,2,15
FB_085_149EBAE9,FB_085_149EBAE9_H3,Gemini 2.5 Flash,dollar_amount,"$1,174 million",$772 million,True,"This figure for 'Total Cash Dividends Paid' for FY2022 is stated in point 2, but a different figure ($898 million) is used for the same metric and period in the subsequent calculation section. This is an internal inconsistency.",high,7,13
FB_085_149EBAE9,FB_085_149EBAE9_H2,Gemini 2.5 Flash,dollar_amount,"$1,174 million",$898 million,True,"This figure for 'Total Cash Dividends Paid' for FY2022 is used in the calculation, but it contradicts the $772 million explicitly stated for the same metric and period in point 2. This is an internal inconsistency.",high,7,13
FB_085_149EBAE9,FB_085_149EBAE9_H1,Gemini 2.5 Flash,dollar_amount,"$1,905 million","$1,353 million",True,"The figure '$1,353 million' is introduced as 'Net Income' within this calculation step, but it does not match the 'Net Income Attributable to Shareholders' of $1,905 million previously stated for FY2022. It appears to be an arbitrary or hallucinated number.",high,7,13
FB_086_889F46BB,FB_086_889F46BB_H3,Gemini 2.5 Flash,dollar_amount,"$93,775 million","$70,366 million",True,"This figure implies a 34.93% year-over-year revenue growth from FY2021 ($70,366 million). Such a high growth rate is exceptionally unusual and uncharacteristic for a mature, diversified company like Johnson & Johnson, which typically experiences low to mid-single-digit revenue growth.",high,6,6
FB_086_889F46BB,FB_086_889F46BB_H2,Gemini 2.5 Flash,dollar_amount,"$16,676 million","$22,612 million",True,"While the year-over-year growth from FY2021 (8.3%) is plausible in isolation, this figure is part of a net income trend where the preceding year (FY2021 net income of $20,880 million) represents a 135.32% increase from FY2020 ($8,873 million), which is highly suspicious and inconsistent with the reported revenue trend for the same period (FY2020-FY2021 revenue reportedly *declined*).",high,6,6
FB_086_889F46BB,FB_086_889F46BB_H1,Gemini 2.5 Flash,dollar_amount,"$14,714 million","$8,873 million",True,"This figure, in conjunction with the FY2021 net income ($20,880 million), implies a 135.32% year-over-year increase in net income, which is an extremely high and uncharacteristic growth rate for Johnson & Johnson, particularly given the reported revenue decline in the same period.",high,6,6
FB_087_99FD2FB2,FB_087_99FD2FB2_H3,Gemini 2.5 Flash,percentage,81.1%,70.3%,True,"Based on the provided Gross Profit ($77,068 million) and Total Revenue ($94,943 million) for FY2022, the calculated Gross Margin Percentage should be $77,068 / $94,943 = 0.8117 or 81.17%, not 70.3%. This is a calculation error.",high,3,14
FB_087_99FD2FB2,FB_087_99FD2FB2_H2,Gemini 2.5 Flash,dollar_amount,"$15,157 million","$20,998 million",False,,,3,14
FB_087_99FD2FB2,FB_087_99FD2FB2_H1,Gemini 2.5 Flash,dollar_amount,"$67,427 million","$84,991 million",True,"For FY2020, the provided Total Revenue is $82,584 million and COGS is $20,998 million. The calculated Gross Profit should be $82,584 - $20,998 = $61,586 million, not $84,991 million. This is a significant calculation error.",high,3,14
FB_088_DD231ABD,FB_088_DD231ABD_H3,Gemini 2.5 Flash,dollar_amount,"$94,943 million","$130,473 million",True,"This figure is significantly higher than Johnson & Johnson's actual reported consolidated revenue for FY2022 (which was approximately $94.9 billion). A nearly 40% year-over-year revenue growth for a company of J&J's size and maturity is highly implausible without major, publicly known events, suggesting this figure is likely hallucinated or incorrect.",high,3,8
FB_088_DD231ABD,FB_088_DD231ABD_H2,Gemini 2.5 Flash,dollar_amount,"$15,120 million","$19,470 million",False,,,3,8
FB_088_DD231ABD,FB_088_DD231ABD_H1,Gemini 2.5 Flash,dollar_amount,"$14,230 million","$18,618 million",False,,,3,8
FB_089_CF6163C6,FB_089_CF6163C6_H2,Gemini 2.5 Flash,dollar_amount,$2.35 ,$3.05 ,False,,,2,5
FB_089_CF6163C6,FB_089_CF6163C6_H1,Gemini 2.5 Flash,percentage,22.8%,31.6%,True,"The calculation (9.77 - 7.95) / 7.95 equals approximately 22.9%, not 31.6%. This is a mathematical error.",high,2,5
FB_090_72CFB567,FB_090_72CFB567_H3,Gemini 2.5 Flash,dollar_amount,"$46,211 million","$62,980 million",True,"This figure is used in the domestic sales growth calculation but is not provided elsewhere as a relevant sales figure (e.g., prior year sales) for J&J in FY2021 or FY2022. It appears to be a hallucinated number.",high,5,12
FB_090_72CFB567,FB_090_72CFB567_H2,Gemini 2.5 Flash,dollar_amount,"$34,678 million","$48,060 million",True,"This figure is used in the international sales growth calculation but is not provided elsewhere as a relevant sales figure (e.g., prior year sales) for J&J in FY2021 or FY2022. It appears to be a hallucinated number.",high,5,12
FB_090_72CFB567,FB_090_72CFB567_H1,Gemini 2.5 Flash,dollar_amount,"$34,678 million","$40,543 million",True,"This figure is used in the international sales growth calculation but is not provided elsewhere as a relevant sales figure (e.g., prior year sales) for J&J in FY2021 or FY2022. It appears to be a hallucinated number.",high,5,12
FB_091_82F6C167,FB_091_82F6C167_H3,Gemini 2.5 Flash,dollar_amount,"$3,694 million","$4,690 million",True,"This revenue figure for J&J's Consumer Health segment in Q2 2023 appears implausibly high. Publicly available information indicates J&J's Consumer Health segment sales were closer to $4.0 billion for that period. Furthermore, when compared to the reported Q2 2022 figure, it implies an unusually high year-over-year growth rate (nearly 96%) for a stable consumer health business, which is highly suspicious.",high,3,12
FB_091_82F6C167,FB_091_82F6C167_H2,Gemini 2.5 Flash,dollar_amount,"$3,650 million","$2,388 million",True,This revenue figure for J&J's Consumer Health segment in Q2 2022 appears implausibly low. Publicly available information indicates J&J's Consumer Health segment sales were closer to $3.8 billion for that period.,high,3,12
FB_091_82F6C167,FB_091_82F6C167_H1,Gemini 2.5 Flash,dollar_amount,"$3,580 million","$2,481 million",True,This revenue figure for J&J's Consumer Health segment in Q2 2022 appears implausibly low. Publicly available information indicates J&J's Consumer Health segment sales were closer to $3.8 billion for that period.,high,3,12
FB_092_1FF70EDD,FB_092_1FF70EDD_H1,Gemini 2.5 Flash,dollar_amount,$13.0 billion,$16.9 billion,False,,,0,3
FB_093_3013F02B,FB_093_3013F02B_H1,Gemini 2.5 Flash,dollar_amount,"$3,500 million","$4,412 million",False,,,0,1
FB_094_62DF77C2,FB_094_62DF77C2_H3,Gemini 2.5 Flash,dollar_amount,"$24,000 million","$32,304 million",True,"This sales figure for Q2 FY2023 is contradicted by another sales figure for the same period ($24,000 million) provided later in the 'SUPPORTING DATA' section, indicating a significant internal inconsistency.",high,6,18
FB_094_62DF77C2,FB_094_62DF77C2_H2,Gemini 2.5 Flash,percentage,19.87%,26.36%,True,"The calculated percentage (26.36%) is incorrect based on the provided numerator ($4,691 million) and denominator ($23,600 million). The correct calculation is approximately 19.88%.",high,6,18
FB_094_62DF77C2,FB_094_62DF77C2_H1,Gemini 2.5 Flash,percentage,19.87%,25.10%,True,"The calculated percentage (26.36%) is incorrect based on the provided numerator ($4,691 million) and denominator ($23,600 million). The correct calculation is approximately 19.88%.",high,6,18
FB_095_25B2B23C,FB_095_25B2B23C_H2,Gemini 2.5 Flash,dollar_amount,"$14,170 million","$9,112 million",True,"The researcher claims 'Corporate & Investment Bank' had the lowest net revenue at $8,739 million. However, the 'SUPPORTING DATA' provided clearly shows 'Commercial Banking' with a net revenue of $1,154 million, which is significantly lower. This is an internal inconsistency within the provided data.",high,2,8
FB_095_25B2B23C,FB_095_25B2B23C_H1,Gemini 2.5 Flash,dollar_amount,"$4,020 million","$5,399 million",False,,,2,8
FB_096_3F49DA9A,FB_096_3F49DA9A_H3,Gemini 2.5 Flash,dollar_amount,"$3,478,000 million","$2,632,855 million",False,,,1,4
FB_096_3F49DA9A,FB_096_3F49DA9A_H2,Gemini 2.5 Flash,dollar_amount,"$208,000 million","$126,259 million",True,"The reported Shareholders' Equity of $126,259 million is inconsistent with the provided Total Assets ($3,686,000 million) and Total Liabilities ($2,632,855 million). Calculating Total Assets - Total Liabilities yields $1,053,145 million, which is significantly different from the reported figure. This indicates a likely hallucination or calculation error in the reported equity value or its derivation.",high,1,4
FB_096_3F49DA9A,FB_096_3F49DA9A_H1,Gemini 2.5 Flash,large_number,"3,000","1,899",False,,,1,4
FB_097_2BA7758E,FB_097_2BA7758E_H2,Gemini 2.5 Flash,percentage,76.8%,69.6%,True,"Gross Margin is not a standard or relevant financial metric for a financial institution like JPMorgan Chase. Banks do not have 'Cost of Goods Sold' in the traditional sense. Therefore, this figure is highly likely to be fabricated or a misapplication of another metric, and it would not typically be found explicitly under 'Gross Margin' in a bank's 10-K Consolidated Statements of Operations.",high,5,10
FB_097_2BA7758E,FB_097_2BA7758E_H1,Gemini 2.5 Flash,percentage,76.8%,70.4%,True,"Gross Margin is not a standard or relevant financial metric for a financial institution like JPMorgan Chase. Banks do not have 'Cost of Goods Sold' in the traditional sense. Therefore, this figure is highly likely to be fabricated or a misapplication of another metric, and it would not typically be found explicitly under 'Gross Margin' in a bank's 10-K Consolidated Statements of Operations.",high,5,10
FB_098_7154A728,FB_098_7154A728_H2,Gemini 2.5 Flash,dollar_amount,"$1,000 million",$801 million,False,,,1,5
FB_098_7154A728,FB_098_7154A728_H1,Gemini 2.5 Flash,dollar_amount,"$8,640 million","$12,001 million",True,"The reported total net income of $12,001 million does not reconcile with the sum of the provided segment net incomes. The sum of Consumer & Community Banking ($3,440 million), Corporate & Investment Bank ($3,200 million), Commercial Banking ($801 million), and Asset & Wealth Management ($1,000 million) is $8,441 million. This leaves a discrepancy of $3,560 million, which is a significant amount not accounted for by an explicit 'Corporate' or 'Other' segment, suggesting an internal inconsistency or potential hallucination.",high,1,5
FB_099_6BE111D5,FB_099_6BE111D5_H3,Gemini 2.5 Flash,dollar_amount,$23 million,$18 million,True,"For a global financial institution of JPMorgan Chase's size and complexity, a Value at Risk (VaR) figure of $18 million for a quarter is exceptionally low and highly implausible. Typical VaR figures for such banks are often in the hundreds of millions or even billions, reflecting the scale of their market risk exposures.",high,2,4
FB_099_6BE111D5,FB_099_6BE111D5_H2,Gemini 2.5 Flash,dollar_amount,"$7,500 million","$6,231 million",False,,,2,4
FB_099_6BE111D5,FB_099_6BE111D5_H1,Gemini 2.5 Flash,dollar_amount,"$7,200 million","$9,150 million",False,,,2,4
FB_100_6814F36E,FB_100_6814F36E_H2,Gemini 2.5 Flash,dollar_amount,"$1,748 million","$1,172 million",True,"This stated FY2019 inventory figure ($1,172 million) contradicts the figure ($1,748 million) subsequently used in the average inventory calculation.",high,5,7
FB_100_6814F36E,FB_100_6814F36E_H1,Gemini 2.5 Flash,dollar_amount,"$1,698 million","$2,011 million",True,"The FY2019 inventory figure used in this calculation ($1,748 million) contradicts the previously stated FY2019 inventory of $1,172 million.",high,5,7
FB_101_79109208,FB_101_79109208_H2,Gemini 2.5 Flash,dollar_amount,"$45,200 million","$37,987 million",True,"This figure is stated as the FY2019 end assets, but later in the 'SUPPORTING DATA' section, the FY2019 assets used in the average calculation are stated as '$37,987 million'. This is a direct contradiction within the report.",high,5,9
FB_101_79109208,FB_101_79109208_H1,Gemini 2.5 Flash,dollar_amount,"$46,800 million","$64,022 million",True,"This figure is stated as the FY2019 end assets, but later in the 'SUPPORTING DATA' section, the FY2019 assets used in the average calculation are stated as '$37,987 million'. This is a direct contradiction within the report.",high,5,9
FB_102_F5764A3D,FB_102_F5764A3D_H2,Gemini 2.5 Flash,dollar_amount,"$22,189 million","$16,467 million",True,"The reported Net Working Capital of $16,467 million for FY2021 does not equal the difference between the provided Total Current Assets ($36,134 million) and Total Current Liabilities ($13,945 million). The correct calculation is $36,134 million - $13,945 million = $22,189 million, indicating an internal arithmetic inconsistency.",high,2,9
FB_102_F5764A3D,FB_102_F5764A3D_H1,Gemini 2.5 Flash,dollar_amount,"$12,242 million","$14,968 million",False,,,2,9
FB_103_98E6E9E2,FB_103_98E6E9E2_H2,Gemini 2.5 Flash,dollar_amount,"$65,398 million","$90,117 million",True,"This figure for FY2020 Total Revenue ($65,398 million) directly contradicts the figure provided earlier in the 'PRIMARY METRIC' section for the same year ($90,117 million). This is a significant internal inconsistency.",high,5,9
FB_103_98E6E9E2,FB_103_98E6E9E2_H1,Gemini 2.5 Flash,dollar_amount,"$67,045 million","$87,879 million",True,"This figure for FY2020 Total Revenue ($65,398 million) directly contradicts the figure provided earlier in the 'PRIMARY METRIC' section for the same year ($90,117 million). This is a significant internal inconsistency.",high,5,9
FB_104_AE0FFD33,FB_104_AE0FFD33_H3,Gemini 2.5 Flash,dollar_amount,"$1,479 million",$952 million,False,,,0,3
FB_104_AE0FFD33,FB_104_AE0FFD33_H2,Gemini 2.5 Flash,dollar_amount,"$1,379 million","$1,050 million",False,,,0,3
FB_104_AE0FFD33,FB_104_AE0FFD33_H1,Gemini 2.5 Flash,dollar_amount,"$1,295 million","$1,084 million",False,,,0,3
FB_105_61DCE693,FB_105_61DCE693_H3,Gemini 2.5 Flash,dollar_amount,"$12,865 million","$8,743 million",True,"The denominator used for FY2018 revenue in this calculation ($12,865 million) contradicts the FY2018 Total Revenue explicitly stated earlier in the output ($8,743 million). This is an internal inconsistency.",high,5,11
FB_105_61DCE693,FB_105_61DCE693_H2,Gemini 2.5 Flash,dollar_amount,"$13,165 million","$17,790 million",True,"A near doubling of revenue from FY2018 ($8,743 million) to FY2019 ($17,790 million) for a large, established company like MGM Resorts is highly unusual and suggests a potential hallucination or a significant, unmentioned event (e.g., a massive acquisition). This magnitude of growth is a strong red flag for plausibility.",high,5,11
FB_105_61DCE693,FB_105_61DCE693_H1,Gemini 2.5 Flash,percentage,19.74%,12.12%,True,"The calculated percentage of 12.12% is incorrect. Based on the provided figures (1,025 / 5,184), the correct result is approximately 19.77%. This is a direct calculation error.",high,5,11
FB_106_EB0A9203,FB_106_EB0A9203_H2,Gemini 2.5 Flash,dollar_amount,$2 million,$1 million,True,"Given the reported dividend per share of $0.01 for both FY2021 and FY2022, a total dividend of $1 million in FY2022 implies approximately 100 million shares outstanding. This represents a 50% reduction from the implied 200 million shares outstanding in FY2021 (based on $0.01/share totaling $2 million). Such a drastic reduction in shares outstanding for a company of MGM's size in a single year is highly unusual without a major corporate event (e.g., a massive share buyback or reverse stock split) and suggests an internal inconsistency in the reported figures.",high,2,11
FB_107_B17259C6,FB_107_B17259C6_H2,Gemini 2.5 Flash,dollar_amount,$394 million,$532 million,True,"The reported year-over-year growth for Regional Operations from FY2021 ($289 million) to FY2022 ($532 million) is approximately 84%. While strong recovery is possible, an 84% increase in EBITDAR for a relatively stable segment like regional casinos is unusually high and warrants further verification, even in a post-pandemic recovery period.",medium,3,6
FB_107_B17259C6,FB_107_B17259C6_H1,Gemini 2.5 Flash,dollar_amount,$96 million,$59 million,True,"While potentially plausible in isolation, this figure contributes to an implausible 137% year-over-year growth in EBITDAR for MGM China when compared to the reported FY2022 figure of $140 million. Given the severe operational challenges in Macau during FY2022, this growth trend is highly questionable.",high,3,6
FB_108_8E72B311,FB_108_8E72B311_H2,Gemini 2.5 Flash,dollar_amount,"$1,158 million",$793 million,True,"This figure for Adjusted EBIT ($793 million) used in the calculation is inconsistent with the Adjusted EBIT for FY2022 explicitly stated earlier in the output ($1,158 million). It appears to be a hallucinated or incorrect number introduced during the calculation step.",high,2,9
FB_108_8E72B311,FB_108_8E72B311_H1,Gemini 2.5 Flash,dollar_amount,$410 million,$301 million,False,,,2,9
FB_109_F3781DA6,FB_109_F3781DA6_H2,Gemini 2.5 Flash,dollar_amount,"$6,324 million","$4,868 million",False,,,1,6
FB_109_F3781DA6,FB_109_F3781DA6_H1,Gemini 2.5 Flash,dollar_amount,$251 million,$210 million,False,,,1,6
FB_110_74F7847F,FB_110_74F7847F_H2,Gemini 2.5 Flash,dollar_amount,"$1,500 million","$1,210 million",True,"This figure for total short-term investments directly contradicts the 'SUPPORTING DATA' section, which states 'Total short-term investments: $1,500 million' for the exact same date (June 30, 2023).",high,4,16
FB_110_74F7847F,FB_110_74F7847F_H1,Gemini 2.5 Flash,dollar_amount,$900 million,$730 million,True,"This figure for U.S. Treasury Bills directly contradicts the 'SUPPORTING DATA' section, which states 'U.S. Treasury Bills: $900 million' for the exact same date (June 30, 2023).",high,4,16
FB_111_A4B199F5,FB_111_A4B199F5_H3,Gemini 2.5 Flash,dollar_amount,"$24,060 million","$15,037 million",True,"This figure, when compared to Microsoft's reported total revenue for FY2016 (approximately $85 billion), implies an exceptionally high gross margin of over 82%. While Microsoft generally has high margins, this level is unusually high for a company with significant hardware (Xbox, Surface) and cloud infrastructure (Azure) costs, suggesting it might be an underestimation or incorrect.",high,3,3
FB_111_A4B199F5,FB_111_A4B199F5_H2,Gemini 2.5 Flash,dollar_amount,"$23,198 million","$19,557 million",True,"This figure, in conjunction with the FY2014 and FY2016 figures, forms a trend of very steep year-over-year declines (approximately 31% from FY2014 to FY2015, and 23% from FY2015 to FY2016). While divestitures (like Nokia's hardware business) could impact COGS, such a consistent and sharp reduction over two years is highly unusual for a company of Microsoft's scale without a major, explicit, and well-documented strategic shift that would drastically reduce their cost base relative to revenue.",high,3,3
FB_111_A4B199F5,FB_111_A4B199F5_H1,Gemini 2.5 Flash,dollar_amount,"$23,674 million","$28,477 million",True,"While this figure is higher, the subsequent sharp declines to $19,557 million and then $15,037 million are the primary concern. The overall trend of COGS being nearly halved in two years (from $28.4 billion to $15 billion) is highly unusual for a company of Microsoft's scale without a massive, explicit, and well-documented strategic shift that would drastically reduce their cost base relative to revenue. This trend suggests potential inaccuracy in the reported figures.",high,3,3
FB_112_2DC55A31,FB_112_2DC55A31_H2,Gemini 2.5 Flash,dollar_amount,"$51,000 million","$41,918 million",False,,,6,8
FB_112_2DC55A31,FB_112_2DC55A31_H1,Gemini 2.5 Flash,dollar_amount,"$48,000 million","$28,845 million",False,,,6,8
FB_113_30E7F266,FB_113_30E7F266_H2,Gemini 2.5 Flash,large_number,"13,500","17,859",True,"This revenue figure is implausibly high for Netflix in FY2015. Netflix's actual revenue in 2015 was significantly lower (around $6.78 billion). Additionally, this figure contradicts the 'Total Revenue: USD 13,500 million' stated later in the supporting data.",high,4,7
FB_113_30E7F266,FB_113_30E7F266_H1,Gemini 2.5 Flash,large_number,"1,200",906,False,,,4,7
FB_114_ACC06CE8,FB_114_ACC06CE8_H2,Gemini 2.5 Flash,dollar_amount,"$4,052 million","$2,742 million",False,,,0,3
FB_114_ACC06CE8,FB_114_ACC06CE8_H1,Gemini 2.5 Flash,dollar_amount,"$2,474 million","$3,253 million",False,,,0,3
FB_115_AE55E4C4,FB_115_AE55E4C4_H3,Gemini 2.5 Flash,dollar_amount,"$12,199 million","$9,070 million",True,"This numerator is used in the FY2016 COGS % calculation but does not match the explicitly stated FY2016 COGS of $9,070 million. This is a clear internal inconsistency.",high,6,13
FB_115_AE55E4C4,FB_115_AE55E4C4_H2,Gemini 2.5 Flash,large_number,"32,376","21,769",True,"This numerator is used in the FY2016 COGS % calculation but does not match the explicitly stated FY2016 COGS of $9,070 million. This is a clear internal inconsistency.",high,6,13
FB_115_AE55E4C4,FB_115_AE55E4C4_H1,Gemini 2.5 Flash,percentage,37.7%,47.3%,True,"This result is incorrect. If calculated using the numbers provided in the calculation (12,199 / 21,769), the result is approximately 56.0%. If calculated using the stated FY2016 COGS ($9,070 million) and Revenue ($32,376 million), the result is approximately 28.0%. The figure 37.7% is inconsistent with all provided data.",high,6,13
FB_116_1C09CCA7,FB_116_1C09CCA7_H3,Gemini 2.5 Flash,dollar_amount,"$7,883 million","$5,544 million",True,"When compared to FY2018's reported $9,099 million, this represents an approximate 39.1% decrease in total current assets year-over-year. While not as extreme as the prior year's reported increase, a nearly 40% drop for a stable company like Nike is still very significant and, especially in conjunction with the preceding year's massive increase, raises strong suspicion about the accuracy of the figures.",medium,2,3
FB_116_1C09CCA7,FB_116_1C09CCA7_H2,Gemini 2.5 Flash,dollar_amount,"$7,477 million","$9,099 million",True,"When compared to FY2017's reported $4,680 million, this represents an approximate 94.4% increase in total current assets year-over-year. Such a massive, nearly doubling, increase for a large, stable company like Nike is highly unusual and suggests potential data inaccuracy or hallucination.",high,2,3
FB_116_1C09CCA7,FB_116_1C09CCA7_H1,Gemini 2.5 Flash,dollar_amount,"$6,704 million","$4,680 million",False,,,2,3
FB_117_C880E731,FB_117_C880E731_H3,Gemini 2.5 Flash,dollar_amount,"$5,200 million","$6,037 million",True,"This figure, presented as an inventory value for FY2021, directly contradicts the 'Inventory at the end of FY2021: $5,200 million' stated earlier in the researcher's output. This indicates a likely hallucination or fabrication.",high,4,7
FB_117_C880E731,FB_117_C880E731_H2,Gemini 2.5 Flash,dollar_amount,"$4,951.50 million","$6,546.86 million",True,"The calculation ($4,703 million + $6,037 million) / 2 actually equals $5,370 million, not $6,546.86 million. This is a mathematical error.",high,4,7
FB_117_C880E731,FB_117_C880E731_H1,Gemini 2.5 Flash,dollar_amount,"$4,951.50 million","$3,274.29 million",True,"This figure for Average Inventory used in the final ratio calculation contradicts the 'Average Inventory for FY2021: ... = $6,546.86 million' calculated in the preceding step. This is an internal inconsistency and indicates a likely hallucination.",high,4,7
FB_118_8B6021A4,FB_118_8B6021A4_H3,Gemini 2.5 Flash,large_number,"1,112",739,False,,,1,10
FB_118_8B6021A4,FB_118_8B6021A4_H2,Gemini 2.5 Flash,dollar_amount,"$5,752 million","$7,663 million",False,,,1,10
FB_118_8B6021A4,FB_118_8B6021A4_H1,Gemini 2.5 Flash,dollar_amount,"$5,066 million","$4,216 million",True,"This figure for FY2023 Cash Flows from Operating Activities ($4,216 million) directly contradicts the primary metric provided earlier in the output for the same period and activity, which states $5,066 million. This is an internal inconsistency.",high,1,10
FB_119_3CD84B18,FB_119_3CD84B18_H3,Gemini 2.5 Flash,dollar_amount,"$18,407 million","$23,876 million",True,"This figure for FY2022 Current Assets is stated in the 'PRIMARY METRIC' section, but a different figure ($18,407 million) is subsequently used in the working capital calculation for the same period, creating an internal inconsistency.",high,6,10
FB_119_3CD84B18,FB_119_3CD84B18_H2,Gemini 2.5 Flash,dollar_amount,"$10,498 million","$12,740 million",True,"This figure for FY2022 Current Liabilities is stated in the 'PRIMARY METRIC' section, but a different figure ($12,740 million) is subsequently used in the working capital calculation for the same period, creating an internal inconsistency.",high,6,10
FB_119_3CD84B18,FB_119_3CD84B18_H1,Gemini 2.5 Flash,dollar_amount,"$10,226 million","$8,689 million",True,"This figure for FY2022 Current Liabilities is stated in the 'PRIMARY METRIC' section, but a different figure ($12,740 million) is subsequently used in the working capital calculation for the same period, creating an internal inconsistency.",high,6,10
FB_120_223C47BE,FB_120_223C47BE_H2,Gemini 2.5 Flash,dollar_amount,$4.2 billion,$3.2 billion,False,,,0,6
FB_120_223C47BE,FB_120_223C47BE_H1,Gemini 2.5 Flash,dollar_amount,$3.4 billion,$2.5 billion,False,,,0,6
FB_124_C0D9EB5C,FB_124_C0D9EB5C_H3,Gemini 2.5 Flash,dollar_amount,"$8,613 million","$6,616 million",True,"The calculation provided ($12,813 million - $4,200 million) results in $8,613 million, not $6,616 million. This is a direct arithmetic error.",high,9,14
FB_124_C0D9EB5C,FB_124_C0D9EB5C_H2,Gemini 2.5 Flash,dollar_amount,"$11,813 million","$15,021 million",True,"This figure for FY2022 Operating Income ($15,021 million) directly contradicts another FY2022 Operating Income figure provided in the 'SUPPORTING DATA' section ($11,813 million). This is a clear internal inconsistency.",high,9,14
FB_124_C0D9EB5C,FB_124_C0D9EB5C_H1,Gemini 2.5 Flash,dollar_amount,"$10,200 million","$6,610 million",True,"The calculation provided ($12,813 million - $4,200 million) results in $8,613 million, not $6,616 million. This is a direct arithmetic error.",high,9,14
FB_125_E7A2D24B,FB_125_E7A2D24B_H3,Gemini 2.5 Flash,percentage,23.9%,18.6%,True,"This primary answer is directly contradicted by the researcher's own subsequent calculation of 30.9% for the EBITDA margin. Furthermore, the operating income ($17,408 million) and total revenue ($55,509 million) cited in the same sentence do not mathematically lead to an 18.6% EBITDA margin (17,408 / 55,509 * 100 = 31.36%).",high,5,10
FB_125_E7A2D24B,FB_125_E7A2D24B_H2,Gemini 2.5 Flash,dollar_amount,"$13,209 million","$17,408 million",True,"This figure for unadjusted operating income is directly contradicted by the 'SUPPORTING DATA' section, which states the unadjusted operating income as $13,209 million.",high,5,10
FB_125_E7A2D24B,FB_125_E7A2D24B_H1,Gemini 2.5 Flash,dollar_amount,"$17,188 million","$22,497 million",True,"This figure for unadjusted operating income is directly contradicted by the 'SUPPORTING DATA' section, which states the unadjusted operating income as $13,209 million.",high,5,10
FB_126_3313FCA9,FB_126_3313FCA9_H3,Gemini 2.5 Flash,percentage,35.5%,27.2%,True,"This percentage is inconsistent with the provided 'Votes in favor' (475,408,619) and 'Total votes cast' (1,000,000,000). If these two figures were correct, the percentage in favor would be 47.54%. It is also inconsistent with the sum of 'Votes in favor' and 'Votes against' (1,223,681,462), which would yield 38.85%.",high,5,5
FB_126_3313FCA9,FB_126_3313FCA9_H2,Gemini 2.5 Flash,large_number,"355,000,000","475,408,619",True,"This figure, when combined with the stated 'Total votes cast' of 1,000,000,000, implies a 47.54% vote in favor, which contradicts the reported '27.2%' in favor. It also contributes to the overall internal inconsistency where the sum of votes (in favor + against + abstentions) does not equal the stated total votes cast.",high,5,5
FB_126_3313FCA9,FB_126_3313FCA9_H1,Gemini 2.5 Flash,large_number,"645,000,000","748,272,843",True,"This figure, when added to 'Votes in favor' (475,408,619) and 'Abstentions' (0), results in a total of 1,223,681,462 votes, which contradicts the stated 'Total votes cast' of 1,000,000,000.",high,5,5
FB_127_E1B380E5,FB_127_E1B380E5_H2,Gemini 2.5 Flash,dollar_amount,$1.5 billion,$1.0 billion,False,,,0,5
FB_127_E1B380E5,FB_127_E1B380E5_H1,Gemini 2.5 Flash,dollar_amount,$5.5 billion,$4.6 billion,False,,,0,5
FB_128_F410AC0E,FB_128_F410AC0E_H3,Gemini 2.5 Flash,dollar_amount,"$3,000 million","$4,150 million",True,"The conversion from $4,150 million should be $4.15 billion, not $3 billion. This is a significant mathematical inconsistency.",high,5,17
FB_128_F410AC0E,FB_128_F410AC0E_H2,Gemini 2.5 Flash,dollar_amount,"$41,173 million","$27,616 million",True,"The conversion from $27,616 million should be $27.616 billion, not $41.173 billion. This is a significant mathematical inconsistency.",high,5,17
FB_128_F410AC0E,FB_128_F410AC0E_H1,Gemini 2.5 Flash,dollar_amount,"$92,575 million","$107,506 million",True,"The conversion from $107,506 million should be $107.506 billion, not $92.575 billion. This is a significant mathematical inconsistency.",high,5,17
FB_129_1F62F697,FB_129_1F62F697_H3,Gemini 2.5 Flash,percentage,10%,14.2%,False,,,2,15
FB_129_1F62F697,FB_129_1F62F697_H2,Gemini 2.5 Flash,percentage,10.3%,16.9%,True,"The stated year-over-year increase of 16.9% for Net Income is inconsistent with the provided figures. ($2,054 million - $1,862 million) / $1,862 million = $192 million / $1,862 million = approximately 10.3% growth, not 16.9%.",high,2,15
FB_129_1F62F697,FB_129_1F62F697_H1,Gemini 2.5 Flash,dollar_amount,$1.29 ,$1.00 ,True,"The stated year-over-year increase of 16.3% for Adjusted EPS is inconsistent with the provided figures. ($1.50 - $1.00) / $1.00 = $0.50 / $1.00 = 50% growth, not 16.3%.",high,2,15
FB_130_B646D047,FB_130_B646D047_H3,Gemini 2.5 Flash,percentage,10%,17.6%,True,This figure for new guidance is directly contradicted by a later claim in the 'SUPPORTING DATA' section stating 'The new guidance is 10%.' This is a clear internal inconsistency.,high,5,7
FB_130_B646D047,FB_130_B646D047_H2,Gemini 2.5 Flash,percentage,8%,2.6%,True,This figure for previous guidance is directly contradicted by a later claim in the 'SUPPORTING DATA' section stating 'Previous guidance for core constant currency EPS growth was 17.0%.' This is a clear internal inconsistency.,high,5,7
FB_130_B646D047,FB_130_B646D047_H1,Gemini 2.5 Flash,percentage,8%,17.0%,True,This figure for new guidance is directly contradicted by a later claim in the 'SUPPORTING DATA' section stating 'The new guidance is 10%.' This is a clear internal inconsistency.,high,5,7
FB_131_3A78CB5F,FB_131_3A78CB5F_H2,Gemini 2.5 Flash,dollar_amount,"$12,171 million","$8,948 million",True,"This value for FY2021 PPNE directly contradicts the value (12,171 million) used for FY2021 PPNE in the subsequent percentage change calculation, creating a severe internal inconsistency within the report.",high,6,8
FB_131_3A78CB5F,FB_131_3A78CB5F_H1,Gemini 2.5 Flash,large_number,"11,396","7,869",True,"This value for FY2020 PPNE directly contradicts the value (7,869 million) used for FY2020 PPNE in the subsequent percentage change calculation. While it matches the denominator of the calculation, it is inconsistent with the numerator's FY2020 value.",high,6,8
FB_132_9F7A4F77,FB_132_9F7A4F77_H2,Gemini 2.5 Flash,dollar_amount,"$20,028 million","$26,881 million",False,,,1,7
FB_132_9F7A4F77,FB_132_9F7A4F77_H1,Gemini 2.5 Flash,dollar_amount,"$2,200 million","$1,431 million",False,,,1,7
FB_133_F4882588,FB_133_F4882588_H3,Gemini 2.5 Flash,dollar_amount,"$11,400 million","$14,483 million",True,"My general financial knowledge indicates Array BioPharma was acquired by Pfizer in July 2019, not July 2020. The reported acquisition value of $14.483 billion is also different from the widely reported $11.4 billion. If acquired in 2019, it would not be listed as a primary acquisition in the FY2021 10-K's 'Note 3: Acquisitions' in this manner.",high,4,5
FB_133_F4882588,FB_133_F4882588_H2,Gemini 2.5 Flash,dollar_amount,"$2,000 million","$2,747 million",True,"My general financial knowledge indicates Pfizer announced the acquisition of Trillium in August 2021 and closed it in November 2021, not April 30, 2021. The reported acquisition value of $2.747 billion is also significantly higher than the widely reported $2.26 billion (net of cash).",high,4,5
FB_133_F4882588,FB_133_F4882588_H1,Gemini 2.5 Flash,dollar_amount,"$1,000 million","$1,317 million",True,"While Pfizer and BioNTech are partners, I am not aware of a significant additional equity stake acquisition by Pfizer in BioNTech for $1.317 billion in 2021. Pfizer's primary relationship with BioNTech is a collaboration, and any initial equity investment would have been much earlier. This specific transaction and value for 2021 seem fabricated.",high,4,5
FB_134_8EAD738D,FB_134_8EAD738D_H1,Gemini 2.5 Flash,dollar_amount,"$1,200 million","$1,654 million",True,"The Upjohn spin-off (which formed Viatris) was completed in 2020, not in Q2 2023. It is highly implausible that Pfizer would be 'expecting to incur' such a large amount of costs related to this specific, long-completed spin-off in Q2 2023. The costs would have been incurred and largely settled years prior. This suggests a hallucination of the event's timing or the associated costs.",high,2,2
FB_135_DFC4B0A4,FB_135_DFC4B0A4_H3,Gemini 2.5 Flash,dollar_amount,"$3,174 million","$2,548 million",False,,,2,8
FB_135_DFC4B0A4,FB_135_DFC4B0A4_H2,Gemini 2.5 Flash,dollar_amount,"$12,427 million","$16,404 million",False,,,2,8
FB_135_DFC4B0A4,FB_135_DFC4B0A4_H1,Gemini 2.5 Flash,percentage,4.0%,0.0%,True,"The claim that U.S. revenues reflected a decline of 0.0% is incorrect and internally inconsistent. U.S. revenues for Q2 2023 were $16,404 million, compared to $12,948 million in Q2 2022. This represents an increase, not a decline. The actual percentage increase is (($16,404 - $12,948) / $12,948) * 100% = +26.7% (approximately).",high,2,8
FB_137_A71B03EF,FB_137_A71B03EF_H2,Gemini 2.5 Flash,dollar_amount,"$1,000 million",$751 million,True,"This figure for senior unsecured notes due in 2031 directly contradicts the primary metric provided earlier in the output, which states '$751 million in aggregate principal amount of senior unsecured notes due in 2031'. This is a clear internal inconsistency.",high,3,7
FB_137_A71B03EF,FB_137_A71B03EF_H1,Gemini 2.5 Flash,dollar_amount,"$1,500 million",$931 million,True,"This figure for shareholders' equity seems implausibly low for a company of Ulta Beauty's size and market capitalization (typically in the tens of billions). A company with $2.2 billion in total debt and less than $1 billion in equity would indicate very high leverage, which is unusual for a stable, profitable retailer like Ulta.",high,3,7
FB_138_1767BBA1,FB_138_1767BBA1_H3,Gemini 2.5 Flash,dollar_amount,"$3,900.5 million","$5,245.6 million",True,"Ulta Beauty's actual total revenue for FY2022 (ending January 28, 2023) was approximately $10.2 billion. The reported figure of $5.2 billion is significantly understated and implausible for a company of Ulta's scale.",high,7,8
FB_138_1767BBA1,FB_138_1767BBA1_H2,Gemini 2.5 Flash,dollar_amount,"$3,200.2 million","$2,212.1 million",True,Ulta Beauty's actual total assets for FY2022 were approximately $5.2 billion. The reported figure of $2.2 billion is significantly understated.,high,7,8
FB_138_1767BBA1,FB_138_1767BBA1_H1,Gemini 2.5 Flash,dollar_amount,"$3,500.0 million","$2,497.7 million",True,Ulta Beauty's actual total assets for FY2023 were approximately $5.6 billion. The reported figure of $2.5 billion is significantly understated.,high,7,8
FB_139_4FC46F83,FB_139_4FC46F83_H3,Gemini 2.5 Flash,dollar_amount,"$2,800.0 million","$1,698.3 million",True,"The stated source is the FY2022 10-K, which reports annual figures. For a company like Ulta Beauty, annual net sales of $1.7 billion in FY2022 are implausibly low; Ulta's actual annual net sales for FY2022 were over $10 billion. This figure appears to be hallucinated or a misinterpretation of a quarterly figure presented as annual.",high,6,9
FB_139_4FC46F83,FB_139_4FC46F83_H2,Gemini 2.5 Flash,percentage,42.4%,31.4%,True,"Based on the provided FY2022 SG&A Expenses ($1,186.5 million) and Net Sales ($1,698.3 million), the calculated percentage is approximately 69.9% (1186.5 / 1698.3 * 100). The reported 31.4% is a significant calculation error.",high,6,9
FB_139_4FC46F83,FB_139_4FC46F83_H1,Gemini 2.5 Flash,percentage,50.1%,43.9%,True,"Based on the provided FY2021 SG&A Expenses ($1,063.0 million) and Net Sales ($2,120.0 million), the calculated percentage is approximately 50.1% (1063.0 / 2120.0 * 100). The reported 43.9% is a significant calculation error.",high,6,9
FB_140_E38BA3D2,FB_140_E38BA3D2_H3,Gemini 2.5 Flash,dollar_amount,"$1,211.8 million",$952.0 million,True,"This figure is significantly lower than Ulta Beauty's actual merchandise inventory balance for FY2023, which was closer to $1.5 billion. This suggests hallucination.",high,9,9
FB_140_E38BA3D2,FB_140_E38BA3D2_H2,Gemini 2.5 Flash,dollar_amount,"$1,050.5 million","$1,266.6 million",True,"This figure is significantly lower than Ulta Beauty's actual merchandise inventory balance for FY2022, which was closer to $1.6 billion. This suggests hallucination.",high,9,9
FB_140_E38BA3D2,FB_140_E38BA3D2_H1,Gemini 2.5 Flash,dollar_amount,"$1,646.5 million","$1,112.3 million",True,"This figure is significantly lower than Ulta Beauty's actual merchandise inventory balance for FY2022, which was closer to $1.6 billion. This suggests hallucination.",high,9,9
FB_141_339C8E4B,FB_141_339C8E4B_H3,Gemini 2.5 Flash,dollar_amount,$250 million,$298 million,True,"The cited source document, 'Q4 FY 2023 10-Q', is highly suspicious. Companies typically file 10-Qs for Q1, Q2, and Q3. Q4 financial data is generally included in the annual 10-K, not a separate Q4 10-Q.",high,6,14
FB_141_339C8E4B,FB_141_339C8E4B_H2,Gemini 2.5 Flash,dollar_amount,"$1,500 million","$1,001 million",False,,,6,14
FB_141_339C8E4B,FB_141_339C8E4B_H1,Gemini 2.5 Flash,percentage,25%,18.1%,True,"This final percentage (18.1%) is inconsistent with both the Q4 FY 2023 repurchase figure initially stated ($298 million, which would yield 29.8%) and the Q4 FY 2023 repurchase figure used in the calculation ($250 million, which yielded 25%). It appears to be a hallucinated final answer.",high,6,14
FB_142_54C31BE1,FB_142_54C31BE1_H2,Gemini 2.5 Flash,dollar_amount,"$1,083.5 million",$830.6 million,True,"This reported wages expense figure is inconsistent with the wages expense figure ($1,083.5 million) subsequently used in the calculation for 'Wages Expense as a Percentage of Net Sales' within the same output.",high,5,5
FB_142_54C31BE1,FB_142_54C31BE1_H1,Gemini 2.5 Flash,dollar_amount,"$3,829.0 million","$4,411.0 million",True,"This reported net sales figure is inconsistent with the net sales figure ($4,411.0 million) subsequently used in the calculation for 'Wages Expense as a Percentage of Net Sales' within the same output. Additionally, if this figure is intended for the full FY2023 (as implied by the overall context), it appears significantly lower than Ulta Beauty's typical annual net sales, suggesting a potential misattribution or inaccuracy.",high,5,5
FB_143_A0EA48F4,FB_143_A0EA48F4_H3,Gemini 2.5 Flash,dollar_amount,"$12,000 million","$15,974 million",True,"This figure for interest rate swaps in FY 2021 directly contradicts another figure provided in the 'SUPPORTING DATA' section, which states the notional value for interest rate swaps in FY 2021 was $12,000 million. Both cannot be correct for the same instrument and period.",high,2,7
FB_143_A0EA48F4,FB_143_A0EA48F4_H2,Gemini 2.5 Flash,dollar_amount,"$1,500 million","$1,034 million",False,,,2,7
FB_143_A0EA48F4,FB_143_A0EA48F4_H1,Gemini 2.5 Flash,dollar_amount,"$11,000 million","$8,922 million",False,,,2,7
FB_144_BD395CC4,FB_144_BD395CC4_H2,Gemini 2.5 Flash,dollar_amount,"$3,800 million","$2,611 million",True,"The projected decrease of over 43% from the 2020 figure ($4,598 million) to the 2024 projected figure ($2,611 million) represents an exceptionally large and sudden reduction in retiree benefit obligations for a stable, mature company like Verizon. While actuarial assumptions can change, such a dramatic swing in projected future liabilities is highly unusual and raises significant suspicion for potential hallucination or inaccuracy.",high,2,3
FB_144_BD395CC4,FB_144_BD395CC4_H1,Gemini 2.5 Flash,dollar_amount,"$3,600 million","$4,598 million",True,"The reported figure of $4,598 million, when combined with the 2019 figure ($3,400 million) and the 2024 projected figure ($2,611 million), creates a highly volatile trend (a 35% increase from 2019 to 2020, followed by a 43% projected decrease from 2020 to 2024). This magnitude of fluctuation in projected retiree benefit obligations for a stable company like Verizon is unusually large and raises suspicion about its accuracy.",medium,2,3
FB_145_F02E8ED1,FB_145_F02E8ED1_H2,Gemini 2.5 Flash,dollar_amount,"$27,241 million","$37,936 million",False,,,1,8
FB_145_F02E8ED1,FB_145_F02E8ED1_H1,Gemini 2.5 Flash,dollar_amount,"$12,066 million","$7,911 million",False,,,1,8
FB_146_6EE83766,FB_146_6EE83766_H3,Gemini 2.5 Flash,dollar_amount,"$202,000 million","$127,741 million",False,,,1,5
FB_146_6EE83766,FB_146_6EE83766_H2,Gemini 2.5 Flash,dollar_amount,"$19,000 million","$15,877 million",False,,,1,5
FB_146_6EE83766,FB_146_6EE83766_H1,Gemini 2.5 Flash,dollar_amount,"$18,000 million","$12,860 million",False,,,1,5
FB_147_D81E1F94,FB_147_D81E1F94_H3,Gemini 2.5 Flash,dollar_amount,"$164,000 million","$214,715 million",False,,,4,8
FB_147_D81E1F94,FB_147_D81E1F94_H2,Gemini 2.5 Flash,dollar_amount,"$159,000 million","$212,971 million",False,,,4,8
FB_147_D81E1F94,FB_147_D81E1F94_H1,Gemini 2.5 Flash,dollar_amount,"$75,000 million","$50,809 million",True,"This figure, when combined with the reported Total Assets ($234,000 million) and Total Debt ($212,971 million) for FY2021, violates the fundamental accounting equation (Assets = Liabilities + Equity). Specifically, the reported Total Debt ($212,971M) is greater than the implied Total Liabilities ($234,000M Assets - $50,809M Equity = $183,191M), which is impossible.",high,4,8
FB_148_2F878B14,FB_148_2F878B14_H2,Gemini 2.5 Flash,dollar_amount,"$1,402 million",$883 million,True,"This value for 'Change in Inventory' ($883 million) contradicts the previously calculated and stated 'Change in Inventory' of $1,402 million. It appears to be a hallucinated figure introduced in this specific line.",high,3,15
FB_148_2F878B14,FB_148_2F878B14_H1,Gemini 2.5 Flash,large_number,049308,32542,True,"The intermediate calculation factor '0.32542' is incorrect. Based on the preceding line, the factor should be (Average Accounts Payable) / (COGS + Change in Inventory) = $19,611 million / $397,715 million, which calculates to approximately 0.049309. The stated value of 0.32542 is significantly different and appears to be a hallucinated intermediate step.",high,3,15
FB_149_247B6607,FB_149_247B6607_H2,Gemini 2.5 Flash,dollar_amount,"$24,202 million","$30,045 million",True,"This figure for FY2019 Operating Income is inconsistent with the $24,202 million used as the FY2019 Operating Income in the subsequent margin calculation. One of these figures for the same fiscal year must be incorrect.",high,5,9
FB_149_247B6607,FB_149_247B6607_H1,Gemini 2.5 Flash,percentage,4.7%,16.1%,True,"This figure for FY2019 Operating Income (used in the margin calculation) is inconsistent with the $30,045 million explicitly stated as the FY2019 Operating Income in the 'PRIMARY METRIC' section. One of these figures for the same fiscal year must be incorrect.",high,5,9
FB_150_3E3CE551,FB_150_3E3CE551_H2,Gemini 2.5 Flash,dollar_amount,"$22,165 million","$14,431 million",True,"The Unadjusted EBITDA figure ($14,431 million) used in the FY2018 margin calculation is inconsistent with the previously stated and calculated FY2018 Unadjusted EBITDA of $22,165 million. This is a direct internal contradiction.",high,6,22
FB_150_3E3CE551,FB_150_3E3CE551_H1,Gemini 2.5 Flash,dollar_amount,"$514,405 million","$347,115 million",True,"The Total Revenue figure ($347,115 million) used in the FY2019 margin calculation is inconsistent with the previously stated FY2019 Total Revenue of $514,405 million. This is a direct internal contradiction.",high,6,22
FB_001_F18BFC11,FB_001_F18BFC11_H2,DeepSeek-V3.2,dollar_amount,"$1,449 million","$1,677 million",True,"The figure is suspiciously round compared to typical financial reporting which often includes more precise numbers (e.g., $1,432.6 million). Additionally, the decline from $1,677 million in FY2017 to $1,430 million in FY2018 (~14.7% decrease) is unusually large for a stable industrial company like 3M.",medium,3,3
FB_001_F18BFC11,FB_001_F18BFC11_H1,DeepSeek-V3.2,dollar_amount,"$1,487 million","$1,967 million",True,"The figure is suspiciously round compared to typical financial reporting which often includes more precise numbers (e.g., $1,432.6 million). Additionally, the decline from $1,677 million in FY2017 to $1,430 million in FY2018 (~14.7% decrease) is unusually large for a stable industrial company like 3M.",medium,3,3
FB_002_42BE1D74,FB_002_42BE1D74_H2,DeepSeek-V3.2,dollar_amount,$18.2 billion,$14.3 billion,True,"This represents a 65% increase from FY2016 to FY2017 ($10.9B to $18.0B), which is unusually large for an established industrial company like 3M without a major acquisition or restructuring.",high,3,3
FB_002_42BE1D74,FB_002_42BE1D74_H1,DeepSeek-V3.2,dollar_amount,$17.8 billion,$10.9 billion,True,"This represents a 65% increase from FY2016 to FY2017 ($10.9B to $18.0B), which is unusually large for an established industrial company like 3M without a major acquisition or restructuring.",high,3,3
FB_003_959AE4F2,FB_003_959AE4F2_H3,DeepSeek-V3.2,dollar_amount,"$45,517 million","$59,768 million",False,,,2,7
FB_003_959AE4F2,FB_003_959AE4F2_H2,DeepSeek-V3.2,dollar_amount,"$1,451 million","$1,858 million",False,,,2,7
FB_003_959AE4F2,FB_003_959AE4F2_H1,DeepSeek-V3.2,dollar_amount,"$35,436 million","$29,761 million",True,"This figure is inconsistent with the Total Revenue for FY2022 ($19,188 million) and FY2020 ($32,182 million). A drop from $32,182 million to $29,761 million to $19,188 million over three years seems unusually steep for a company like 3M, which typically has stable revenues.",high,2,7
FB_004_FF1B8BC2,FB_004_FF1B8BC2_H3,DeepSeek-V3.2,dollar_amount,"$6,081 million","$7,927 million",True,"Internal inconsistency: The calculation ($7,927 million / $36,693 million) actually yields ~21.6%, not 16.5%. Also contradicts Total Revenue listed as $46,995 million later.",high,5,5
FB_004_FF1B8BC2,FB_004_FF1B8BC2_H2,DeepSeek-V3.2,dollar_amount,"$36,693 million","$46,995 million",True,"Contradicts earlier revenue figure ($36,693 million) used in operating margin calculation for same year.",high,5,5
FB_004_FF1B8BC2,FB_004_FF1B8BC2_H1,DeepSeek-V3.2,dollar_amount,"$36,086 million","$44,964 million",True,"Contradicts earlier revenue figure ($36,693 million) used in operating margin calculation for same year.",high,5,5
FB_005_FE85BE68,FB_005_FE85BE68_H2,DeepSeek-V3.2,dollar_amount,"$12,421 million","$8,236 million",False,,,0,7
FB_005_FE85BE68,FB_005_FE85BE68_H1,DeepSeek-V3.2,dollar_amount,"$8,052 million","$6,023 million",False,,,0,7
FB_006_A4622E06,FB_006_A4622E06_H2,DeepSeek-V3.2,dollar_amount,"$8,492 million","$5,902 million",True,"Current assets appear significantly lower than accounts receivable alone ($5,576 million), which is implausible since accounts receivable is a subset of current assets.",high,3,6
FB_006_A4622E06,FB_006_A4622E06_H1,DeepSeek-V3.2,dollar_amount,"$4,313 million","$5,576 million",True,"Accounts receivable being almost equal to total current assets ($5,902 million) is highly unusual, as it would leave almost no room for other current asset categories like cash, short-term investments, or prepaid expenses.",high,3,6
FB_007_31B558AC,FB_007_31B558AC_H3,DeepSeek-V3.2,dollar_amount,$750 million,$1009 million,True,"The amount $1009 million is unusually precise compared to the other round figures ($1,000 million) listed for other notes. This stands out as potentially fabricated or misreported.",medium,4,10
FB_007_31B558AC,FB_007_31B558AC_H2,DeepSeek-V3.2,percentage,3.750%,0.010%,True,"A 0.010% interest rate is extremely low for corporate debt, especially for a company like 3M. This seems implausible and may be a typo or hallucination.",high,4,10
FB_007_31B558AC,FB_007_31B558AC_H1,DeepSeek-V3.2,percentage,4.250%,8.500%,False,,,4,10
FB_008_77FDE37A,FB_008_77FDE37A_H3,DeepSeek-V3.2,dollar_amount,$1.49 ,$1.08 ,True,"This is suspiciously low compared to the previous quarter's data (Q2 2022: $1.90 per share). A nearly 50% drop in dividends for a stable company like 3M is unusual without a clear explanation (e.g., a major financial event).",high,4,8
FB_008_77FDE37A,FB_008_77FDE37A_H2,DeepSeek-V3.2,dollar_amount,$1.49 ,$1.90 ,True,"This seems unusually high compared to the annual FY2022 dividends ($5.92 per share). If Q2 was $1.90, extrapolating to four quarters would suggest ~$7.60 per share, which contradicts the annual figure.",high,4,8
FB_008_77FDE37A,FB_008_77FDE37A_H1,DeepSeek-V3.2,dollar_amount,$5.76 ,$7.92 ,True,This is inconsistent with the trend shown from FY2021-FY2022 (~$5.88-$5.92). A sudden ~35% drop from FY2020 to FY2021 seems extreme for a stable dividend-paying company.,medium,4,8
FB_009_ABDB2F6B,FB_009_ABDB2F6B_H2,DeepSeek-V3.2,dollar_amount,"$1,025 million","$1,274 million",True,"Inconsistent reporting - earlier in the output, PP&E for 2019 is stated as $1,049 million, but in the average PP&E calculation, it uses $1,274 million. This is a clear inconsistency.",high,3,6
FB_009_ABDB2F6B,FB_009_ABDB2F6B_H1,DeepSeek-V3.2,dollar_amount,"$1,037 million","$1,435 million",True,"Inconsistent reporting - earlier in the output, PP&E for 2019 is stated as $1,049 million, but in the average PP&E calculation, it uses $1,274 million. This is a clear inconsistency.",high,3,6
FB_010_CBE1B721,FB_010_CBE1B721_H2,DeepSeek-V3.2,percentage,3.3%,14.3%,True,"Calculation is wildly incorrect; (244 / 7,500) * 100 = 3.253% (not 14.3%), suggesting a possible transcription error or fabrication",high,3,7
FB_010_CBE1B721,FB_010_CBE1B721_H1,DeepSeek-V3.2,percentage,5.1%,16.3%,True,"Numbers used in the average (3.3% and 16.3%) do not match previously calculated values (2.9%, 14.3%, 5.1%), and the math is incorrect (average would be 7.5% if using these numbers)",high,3,7
FB_011_F50BA584,FB_011_F50BA584_H2,DeepSeek-V3.2,dollar_amount,"$1,626 million","$1,051 million",True,"This seems inconsistent with the stated FY2015 cash flows being lower ($1,051m), as Adobe's business was generally growing during this period. A sharp decline in cash flows year-over-year without explanation is suspicious.",medium,2,6
FB_011_F50BA584,FB_011_F50BA584_H1,DeepSeek-V3.2,dollar_amount,"$1,660 million","$1,034 million",False,,,2,6
FB_012_41487F3A,FB_012_41487F3A_H2,DeepSeek-V3.2,dollar_amount,"$2,825 million","$2,035 million",True,"Does not match the calculation context where $2,825 million appears instead.",high,4,4
FB_012_41487F3A,FB_012_41487F3A_H1,DeepSeek-V3.2,percentage,21.3%,32.8%,True,"Conflicts with reported FY2016 operating income ($2,035 million); unclear origin.",high,4,4
FB_013_E5C83D85,FB_013_E5C83D85_H2,DeepSeek-V3.2,dollar_amount,"$2,927 million","$2,397 million",True,"This figure is significantly lower than both the FY2015 and FY2017 figures ($3,504 million and $3,257 million, respectively). A drop of over $1 billion in cash from operations year-over-year is atypical for a company like Adobe unless there was a known disruption.",medium,2,6
FB_013_E5C83D85,FB_013_E5C83D85_H1,DeepSeek-V3.2,dollar_amount,"$2,628 million","$3,504 million",True,"This figure is significantly higher than the Cash from Operations reported for FY2016 ($2,397 million), which is unusual unless there was a major operational change not mentioned. Additionally, the figure for FY2015 is higher than FY2017, which seems inconsistent with typical growth patterns.",medium,2,6
FB_014_3C2ED91D,FB_014_3C2ED91D_H2,DeepSeek-V3.2,percentage,32.9%,38.5%,True,Contradicts later statement that operating margin improved from 30.9% in FY2021 to 32.9% in FY2022. A 38.5% margin would be inconsistent with the stated operating income and revenue figures.,high,2,9
FB_014_3C2ED91D,FB_014_3C2ED91D_H1,DeepSeek-V3.2,dollar_amount,"$5,786 million","$4,381 million",False,,,2,9
FB_015_5E139DB3,FB_015_5E139DB3_H2,DeepSeek-V3.2,dollar_amount,"$4,895 million","$3,695 million",True,"The Free Cash Flow mentioned earlier is $3,695 million FY2022, not $4,895 million. This inconsistency suggests a calculation error or fabricated figure in the conversion ratio explanation.",high,1,7
FB_015_5E139DB3,FB_015_5E139DB3_H1,DeepSeek-V3.2,dollar_amount,"$3,396 million","$4,076 million",False,,,1,7
FB_017_4ABE7642,FB_017_4ABE7642_H3,DeepSeek-V3.2,dollar_amount,"$8,814 million","$11,608 million",True,"The COGS seems unusually high for an energy company primarily involved in generation and distribution of electricity, which typically has lower COGS relative to revenue.",medium,4,6
FB_017_4ABE7642,FB_017_4ABE7642_H2,DeepSeek-V3.2,dollar_amount,"$8,187 million","$5,621 million",True,"The reported COGS for FY2021 seems inconsistent with the FY2022 COGS, showing a sharp increase without explanation. Such a significant jump in COGS for an energy company is unusual.",medium,4,6
FB_017_4ABE7642,FB_017_4ABE7642_H1,DeepSeek-V3.2,dollar_amount,"$8,814 million","$11,413 million",True,"The COGS used in the calculation ($11,413 million) does not match the previously stated COGS for FY2022 ($11,608 million). This inconsistency raises doubts about the accuracy of the inventory turnover ratio.",high,4,6
FB_018_6E9F56BB,FB_018_6E9F56BB_H2,DeepSeek-V3.2,dollar_amount,"$38,425 million","$27,446 million",True,"Inconsistent with later calculation where FY2021 Total Assets is used as $27,446 million in the Average Total Assets computation",high,3,8
FB_018_6E9F56BB,FB_018_6E9F56BB_H1,DeepSeek-V3.2,dollar_amount,"$39,339 million","$29,233 million",True,"Inconsistent with later calculation where FY2021 Total Assets is used as $27,446 million in the Average Total Assets computation",high,3,8
FB_019_A187C1CC,FB_019_A187C1CC_H2,DeepSeek-V3.2,dollar_amount,"$17,202 million","$14,425 million",True,"The FY2017 Inventory value is incorrectly stated as $17,202 million when it should be $14,425 million based on the provided data.",high,2,7
FB_019_A187C1CC,FB_019_A187C1CC_H1,DeepSeek-V3.2,dollar_amount,"$16,632 million","$10,104 million",True,"The FY2017 Inventory value is incorrectly stated as $17,202 million when it should be $14,425 million based on the provided data.",high,2,7
FB_020_C68C8862,FB_020_C68C8862_H2,DeepSeek-V3.2,dollar_amount,"$136,004 million","$179,626 million",True,"Inconsistent with later claim of FY2016 Revenue: $136,004 million",high,3,5
FB_020_C68C8862,FB_020_C68C8862_H1,DeepSeek-V3.2,percentage,30.8%,26.6%,True,"Calculation seems incorrect. (177,866 - 136,004) / 136,004 * 100 ≈ 30.8%, not 26.6%",high,3,5
FB_021_8ECDBFF6,FB_021_8ECDBFF6_H2,DeepSeek-V3.2,dollar_amount,"$11,588 million","$14,743 million",True,"Amazon's reported net income for FY2019 was $11.588 billion, not $14.743 billion. This appears to be a significant overstatement.",high,2,3
FB_021_8ECDBFF6,FB_021_8ECDBFF6_H1,DeepSeek-V3.2,dollar_amount,"$3,033 million","$2,112 million",False,,,2,3
FB_022_466C1ED8,FB_022_466C1ED8_H2,DeepSeek-V3.2,dollar_amount,"$1,205 million",$947 million,False,,,0,3
FB_022_466C1ED8,FB_022_466C1ED8_H1,DeepSeek-V3.2,dollar_amount,"$1,063 million","$1,235 million",False,,,0,3
FB_024_214CEB4C,FB_024_214CEB4C_H3,DeepSeek-V3.2,dollar_amount,"$2,843 million","$2,085 million",True,"This figure is inconsistent with later mention of FY2022 Current Liabilities as $2,843 million. Only one of these can be correct.",high,4,8
FB_024_214CEB4C,FB_024_214CEB4C_H2,DeepSeek-V3.2,dollar_amount,"$4,196 million","$2,926 million",True,"Contradicts earlier FY2023 Current Assets figure of $4,196 million. Significant inconsistency.",high,4,8
FB_024_214CEB4C,FB_024_214CEB4C_H1,DeepSeek-V3.2,dollar_amount,"$1,058 million",$891 million,True,"Conflicts with earlier FY2022 Inventories figure of $1,058 million used in the Quick Ratio calculation.",high,4,8
FB_025_E70F40EB,FB_025_E70F40EB_H3,DeepSeek-V3.2,large_number,"1,200","1,669",True,"The net income seems disproportionately high relative to the revenue for FY2023 (approx. 12% margin), which is unusual for a packaging company.",high,6,10
FB_025_E70F40EB,FB_025_E70F40EB_H2,DeepSeek-V3.2,large_number,"13,500","17,880",True,"The net income is disproportionately low (approx. 5% margin) compared to the previous and following years, which suggests inconsistency.",medium,6,10
FB_025_E70F40EB,FB_025_E70F40EB_H1,DeepSeek-V3.2,large_number,"1,100",897,True,"The net income is disproportionately low (approx. 5% margin) compared to the previous and following years, which suggests inconsistency.",medium,6,10
FB_027_9BE33B25,FB_027_9BE33B25_H3,DeepSeek-V3.2,percentage,20.5%,12.6%,True,"Calculation does not match the provided figures: (13,800 - 10,900)/13,800 = ~21.0% is technically correct, but the reported FY2023 gross margin is suspiciously inconsistent with methodological consistency.",medium,3,10
FB_027_9BE33B25,FB_027_9BE33B25_H2,DeepSeek-V3.2,dollar_amount,"$10,000 million","$8,437 million",True,"Suspiciously precise figure compared to the rounded numbers reported for other years, raising fabrication concerns without source verification.",medium,3,10
FB_027_9BE33B25,FB_027_9BE33B25_H1,DeepSeek-V3.2,percentage,20.5%,9.4%,True,"Inconsistent with the earlier claim of 12.6% for FY2023 gross margin, suggesting calculation error or misrepresentation.",high,3,10
FB_028_C84B8000,FB_028_C84B8000_H2,DeepSeek-V3.2,dollar_amount,$45 million,$38 million,True,"The restructuring liability remained exactly the same as Q2 FY2022 ($38 million), despite changes in Q1 FY2023 ($48 million). This lack of variation over a year with an interim change is unusual and warrants verification.",medium,3,3
FB_028_C84B8000,FB_028_C84B8000_H1,DeepSeek-V3.2,dollar_amount,$50 million,$38 million,True,"The restructuring liability remained exactly the same as Q2 FY2022 ($38 million), despite changes in Q1 FY2023 ($48 million). This lack of variation over a year with an interim change is unusual and warrants verification.",medium,3,3
FB_029_CA5B2B49,FB_029_CA5B2B49_H2,DeepSeek-V3.2,dollar_amount,"$2,200 million","$2,622 million",False,,,0,3
FB_029_CA5B2B49,FB_029_CA5B2B49_H1,DeepSeek-V3.2,dollar_amount,"$2,000 million","$1,517 million",False,,,0,3
FB_030_DF79B84F,FB_030_DF79B84F_H2,DeepSeek-V3.2,dollar_amount,"$14,000 million","$16,612 million",True,"This figure is inconsistent with the FY 2023 Net Sales reported later as $14,000 million in the same document, causing a contradiction.",high,3,7
FB_030_DF79B84F,FB_030_DF79B84F_H1,DeepSeek-V3.2,dollar_amount,"$13,500 million","$8,955 million",True,"This figure is inconsistent with the FY 2022 Net Sales reported later as $13,500 million in the same document, causing a contradiction.",high,3,7
FB_031_E5667B37,FB_031_E5667B37_H3,DeepSeek-V3.2,dollar_amount,"$1,165 million",$762 million,True,"This value is suspiciously precise and doesn't align with typical D&A figures for a company of AMD's size and industry. Additionally, the D&A margin calculation yields an unusually high percentage for a tech hardware company, which typically has lower D&A margins.",medium,5,5
FB_031_E5667B37,FB_031_E5667B37_H2,DeepSeek-V3.2,dollar_amount,"$5,506 million","$7,678 million",True,"This D&A margin is similarly implausible for FY2014, reinforcing the suspicion that either the D&A or revenue figures are fabricated.",high,5,5
FB_031_E5667B37,FB_031_E5667B37_H1,DeepSeek-V3.2,percentage,21.2%,29.4%,True,"A D&A margin of 29.3% is extremely high for a semiconductor company, suggesting either the D&A figure or revenue figure is incorrect. Typical D&A margins for such companies are in the low single digits.",high,5,5
FB_032_D18D6021,FB_032_D18D6021_H2,DeepSeek-V3.2,dollar_amount,"$1,202 million","$1,474 million",True,"The calculation includes an Inventory value of $1,474 million which contradicts the previously stated Inventory value of $1,202 million. Additionally, the Current Liabilities value used in the calculation ($6,844 million) does not match the stated Current Liabilities of $4,973 million.",high,3,5
FB_032_D18D6021,FB_032_D18D6021_H1,DeepSeek-V3.2,dollar_amount,"$4,973 million","$6,844 million",True,"The calculation includes an Inventory value of $1,474 million which contradicts the previously stated Inventory value of $1,202 million. Additionally, the Current Liabilities value used in the calculation ($6,844 million) does not match the stated Current Liabilities of $4,973 million.",high,3,5
FB_033_EE9D3CFB,FB_033_EE9D3CFB_H3,DeepSeek-V3.2,dollar_amount,"$10,800 million","$8,249 million",True,"The Enterprise segment revenue ($5,600 million) is suspiciously round compared to the precise Computing and Graphics figure ($8,249 million). Mixed precision within the same report is unusual.",low,3,6
FB_033_EE9D3CFB,FB_033_EE9D3CFB_H2,DeepSeek-V3.2,dollar_amount,"$9,763 million","$6,395 million",True,"The Computing and Graphics figure is suspiciously round compared to the precise Enterprise segment figure ($4,399 million). Mixed precision raises red flags about data consistency.",medium,3,6
FB_033_EE9D3CFB,FB_033_EE9D3CFB_H1,DeepSeek-V3.2,dollar_amount,"$3,763 million","$4,399 million",True,"The Computing and Graphics figure is suspiciously round compared to the precise Enterprise segment figure ($4,399 million). Mixed precision raises red flags about data consistency.",medium,3,6
FB_034_BDBAA961,FB_034_BDBAA961_H3,DeepSeek-V3.2,dollar_amount,"$16,420 million","$22,281 million",True,"Inconsistent base figure - contradicts previously stated FY2021 revenue of $22,281 million",high,3,6
FB_034_BDBAA961,FB_034_BDBAA961_H2,DeepSeek-V3.2,percentage,43.8%,33.9%,True,"Inconsistent base figure - contradicts previously stated FY2021 revenue of $22,281 million",high,3,6
FB_034_BDBAA961,FB_034_BDBAA961_H1,DeepSeek-V3.2,dollar_amount,"$16,420 million","$10,590 million",True,"Inconsistent base figure - contradicts previously stated FY2021 revenue of $22,281 million",high,3,6
FB_035_15E1E864,FB_035_15E1E864_H3,DeepSeek-V3.2,percentage,14.0%,6.4%,True,"Operating margin dropped significantly from 17.0% in FY2021 to 6.4% in FY2022, which is a very sharp decline for a major semiconductor company. This warrants verification as such drastic changes are unusual without major corporate events.",medium,3,3
FB_035_15E1E864,FB_035_15E1E864_H2,DeepSeek-V3.2,large_number,"1,832","2,445",True,"17.0% operating margin in FY2021 seems unusually high for AMD historically, as its margins have typically been lower. This could be correct but merits double-checking.",medium,3,3
FB_035_15E1E864,FB_035_15E1E864_H1,DeepSeek-V3.2,large_number,"9,763","12,160",True,"Revenue of USD 12,160 million in FY2020 with only USD 974 million Operating Income yielding a 9.0% margin seems plausible, but the jump to 17.0% in FY2021 is suspicious without context.",low,3,3
FB_036_47FD0B96,FB_036_47FD0B96_H2,DeepSeek-V3.2,large_number,"1,028",802,False,,,3,6
FB_036_47FD0B96,FB_036_47FD0B96_H1,DeepSeek-V3.2,large_number,"1,525","1,829",True,"The figure is suspiciously close to the reported investing outflow of $1,823 million, suggesting possible copy-paste error or rounding anomaly",medium,3,6
FB_037_CB0A4D6D,FB_037_CB0A4D6D_H3,DeepSeek-V3.2,dollar_amount,"$3,800 million","$3,135 million",True,"The denominator $3,135 million doesn't match any previously stated FY2021 figure for Computing and Graphics ($3,800 million) or Data Center ($3,100 million). This appears to be a fabricated intermediate value.",high,3,10
FB_037_CB0A4D6D,FB_037_CB0A4D6D_H2,DeepSeek-V3.2,dollar_amount,"$3,100 million","$2,208 million",True,"The FY2021 Data Center sales were previously stated as $3,100 million, but here it's listed as $2,208 million, which is internally inconsistent.",high,3,10
FB_037_CB0A4D6D,FB_037_CB0A4D6D_H1,DeepSeek-V3.2,dollar_amount,"$3,100 million","$2,500 million",True,"The denominator $3,135 million doesn't match any previously stated FY2021 figure for Computing and Graphics ($3,800 million) or Data Center ($3,100 million). This appears to be a fabricated intermediate value.",high,3,10
FB_038_9BAA83E2,FB_038_9BAA83E2_H2,DeepSeek-V3.2,dollar_amount,"$23,600 million","$19,432 million",False,,,1,5
FB_038_9BAA83E2,FB_038_9BAA83E2_H1,DeepSeek-V3.2,percentage,55%,51.7%,True,Inconsistent with the earlier stated 'approximately 55% of total revenue' for the top five customers. The calculated value should align with the disclosed percentage.,high,1,5
FB_039_FDBB6DC2,FB_039_FDBB6DC2_H3,DeepSeek-V3.2,dollar_amount,"$1,000 million","$1,372 million",True,Unusual precise amount for debt issuance (not a round number like most others listed).,low,4,10
FB_039_FDBB6DC2,FB_039_FDBB6DC2_H2,DeepSeek-V3.2,percentage,4.000%,0.010%,True,"Extremely low coupon rate for senior notes is highly unusual, especially for a company like American Express. Typical corporate bond rates are much higher.",high,4,10
FB_039_FDBB6DC2,FB_039_FDBB6DC2_H1,DeepSeek-V3.2,dollar_amount,"$39,000 million","$46,807 million",False,,,4,10
FB_040_DBF8FC6A,FB_040_DBF8FC6A_H2,DeepSeek-V3.2,dollar_amount,"$51,000 million","$62,827 million",True,"The sum of US revenue ($40,000 million) and International revenue ($11,000 million) is $51,000 million, which does not match the total revenue claim of $62,827 million. Missing revenue sources or incorrect figures.",high,3,5
FB_040_DBF8FC6A,FB_040_DBF8FC6A_H1,DeepSeek-V3.2,percentage,21.6%,29.6%,True,"The percentages for US and International revenue add up to 108%, which is impossible. This suggests either inaccurate reporting or incorrect summation.",high,3,5
FB_041_EB5B1B78,FB_041_EB5B1B78_H3,DeepSeek-V3.2,dollar_amount,"$36,090 million","$48,564 million",False,,,2,6
FB_041_EB5B1B78,FB_041_EB5B1B78_H2,DeepSeek-V3.2,dollar_amount,"$4,825 million","$5,847 million",True,"Inconsistent Operating Income figures for FY2020 - first listed as $4,825 million, then later as $5,847 million in the same sentence.",high,2,6
FB_041_EB5B1B78,FB_041_EB5B1B78_H1,DeepSeek-V3.2,dollar_amount,"$36,090 million","$49,343 million",True,"Inconsistent Operating Income figures for FY2020 - first listed as $4,825 million, then later as $5,847 million in the same sentence.",high,2,6
FB_042_1741E456,FB_042_1741E456_H2,DeepSeek-V3.2,dollar_amount,"$18,816 million","$23,630 million",True,"The calculation appears incorrect; $47,658 million (Total Revenue) - $23,630 million (COGS) should equal approximately $24,028 million, not $17,915 million.",high,2,7
FB_042_1741E456,FB_042_1741E456_H1,DeepSeek-V3.2,dollar_amount,"$28,842 million","$17,915 million",True,"The calculation appears incorrect; $47,658 million (Total Revenue) - $23,630 million (COGS) should equal approximately $24,028 million, not $17,915 million.",high,2,7
FB_043_1BA81F6A,FB_043_1BA81F6A_H3,DeepSeek-V3.2,percentage,20.1%,24.1%,True,"The effective tax rate for FY2021 was listed earlier as 24.1%, not 20.1%. Another internal inconsistency.",high,4,8
FB_043_1BA81F6A,FB_043_1BA81F6A_H2,DeepSeek-V3.2,dollar_amount,"$7,667 million","$5,968 million",True,"Income Before Taxes for FY2022 was listed as $7,667 million earlier, not $5,968 million. This discrepancy affects the tax expense calculation.",high,4,8
FB_043_1BA81F6A,FB_043_1BA81F6A_H1,DeepSeek-V3.2,percentage,20.1%,31.3%,True,The claimed FY2021 effective tax rate of 31.3% contradicts the earlier listed rate of 24.1% from the same source (Note 14 - Income Taxes). This is an internal inconsistency.,high,4,8
FB_044_899DEDA7,FB_044_899DEDA7_H3,DeepSeek-V3.2,dollar_amount,"$106,196 million","$87,723 million",False,,,1,5
FB_044_899DEDA7,FB_044_899DEDA7_H2,DeepSeek-V3.2,dollar_amount,"$58,160 million","$75,098 million",False,,,1,5
FB_044_899DEDA7,FB_044_899DEDA7_H1,DeepSeek-V3.2,dollar_amount,"$50,000 million","$35,269 million",True,"The jump from $35,269 million in FY2020 to $75,098 million in FY2021 seems unusually large for a financial services company like American Express, especially without a clear explanation (e.g., major acquisition/new issuance). More context would be needed to verify this dramatic YoY increase.",medium,1,5
FB_045_3960FE69,FB_045_3960FE69_H2,DeepSeek-V3.2,percentage,5.1%,0.0%,True,"A growth from 121.6 million to 127.8 million is a ~5.1% increase, not 0.0%. There is a clear mathematical inconsistency here.",high,3,4
FB_045_3960FE69,FB_045_3960FE69_H1,DeepSeek-V3.2,percentage,6.3%,0.1%,True,"A growth from 114.4 million to 121.6 million is a ~6.3% increase, not 0.1%. Another mathematical inconsistency.",high,3,4
FB_046_E323A993,FB_046_E323A993_H2,DeepSeek-V3.2,dollar_amount,"$1,034 million","$1,420 million",True,Dividends for a utility company like American Water Works are typically stable or slightly increasing year-over-year. The reported 24.4% decrease from FY2019 to FY2020 is unusual for a regulated utility.,medium,3,3
FB_046_E323A993,FB_046_E323A993_H1,DeepSeek-V3.2,dollar_amount,$977 million,$650 million,True,"All three dividend figures show extreme volatility (650 → 1420 → 1074 million), which is highly atypical for water utilities that pride themselves on dividend consistency.",high,3,3
FB_047_A9C061FE,FB_047_A9C061FE_H3,DeepSeek-V3.2,dollar_amount,"$1,426 million",$966 million,False,,,0,5
FB_047_A9C061FE,FB_047_A9C061FE_H2,DeepSeek-V3.2,dollar_amount,"$1,019 million",$832 million,False,,,0,5
FB_047_A9C061FE,FB_047_A9C061FE_H1,DeepSeek-V3.2,dollar_amount,$263 million,$208 million,False,,,0,5
FB_048_79F71CE3,FB_048_79F71CE3_H3,DeepSeek-V3.2,dollar_amount,"$1,519 million","$1,823 million",True,The figure is suspiciously precise compared to the rounded figures for FY2022 and FY2020.,medium,4,8
FB_048_79F71CE3,FB_048_79F71CE3_H2,DeepSeek-V3.2,dollar_amount,$684 million,$522 million,False,,,4,8
FB_048_79F71CE3,FB_048_79F71CE3_H1,DeepSeek-V3.2,dollar_amount,$606 million,$721 million,False,,,4,8
FB_049_4416C718,FB_049_4416C718_H3,DeepSeek-V3.2,dollar_amount,"$1,173 million",$924 million,True,"Inconsistent with the FY2016 Net Profit Margin calculation which uses $1,173 million. Both cannot be correct for the same fiscal year.",high,4,8
FB_049_4416C718,FB_049_4416C718_H2,DeepSeek-V3.2,percentage,2.9%,0.0%,True,"Calculation appears incorrect - ($1,185 million / $40,349 million) * 100 ≈ 2.94%, not 0.0%. This is a significant discrepancy.",high,4,8
FB_049_4416C718,FB_049_4416C718_H1,DeepSeek-V3.2,percentage,2.9%,0.0%,True,"Calculation appears incorrect - ($1,185 million / $40,349 million) * 100 ≈ 2.94%, not 0.0%. This is a significant discrepancy.",high,4,8
FB_050_A0B82AEA,FB_050_A0B82AEA_H2,DeepSeek-V3.2,dollar_amount,"$3,719 million","$2,780 million",True,A 43.5% YoY inventory decrease for a stable retailer like Best Buy contradicts the gradual inventory trends typically seen in the sector.,medium,3,3
FB_050_A0B82AEA,FB_050_A0B82AEA_H1,DeepSeek-V3.2,dollar_amount,"$3,579 million","$4,922 million",True,"The FY2017 inventory figure is wildly inconsistent with the FY2019 ($4,203M) and FY2018 ($2,780M) numbers. A >$2B drop from FY2017-FY2018 followed by a >$1B increase the next year is extremely unusual for a retailer's inventory levels absent major restructuring.",high,3,3
FB_051_091D46D5,FB_051_091D46D5_H3,DeepSeek-V3.2,dollar_amount,"$46,294 million","$29,580 million",True,This revenue figure is suspiciously low compared to adjacent years (~$43-55B). Electronics retailers like Best Buy don't typically experience >30% revenue drops year-over-year without extreme circumstances (which aren't noted here). Adjacent years show stable ~$43B revenues.,medium,3,12
FB_051_091D46D5,FB_051_091D46D5_H2,DeepSeek-V3.2,dollar_amount,"$47,262 million","$55,020 million",False,,,3,12
FB_051_091D46D5,FB_051_091D46D5_H1,DeepSeek-V3.2,percentage,2%,10.3%,True,This figure appears to be a misinterpretation or typo -- the correct maximum fluctuation was stated as 1.1% earlier in the text. A 10.3% swing would be alarming for retail margins and contradicts all other data presented.,high,3,12
FB_052_FC76DF78,FB_052_FC76DF78_H3,DeepSeek-V3.2,large_number,"1,846","1,157",True,"While these figures are plausible, the revenue and net income values should ideally be cross-referenced for precision, as they are presented without context of historical trends or margins.",low,4,6
FB_052_FC76DF78,FB_052_FC76DF78_H2,DeepSeek-V3.2,large_number,"47,262","32,254",True,"Similar to FY2022, these figures are plausible but lack contextual validation such as growth rates or margin consistency.",low,4,6
FB_052_FC76DF78,FB_052_FC76DF78_H1,DeepSeek-V3.2,large_number,"1,570","1,229",True,"Similar to FY2022, these figures are plausible but lack contextual validation such as growth rates or margin consistency.",low,4,6
FB_053_05E755A5,FB_053_05E755A5_H3,DeepSeek-V3.2,dollar_amount,"$1,518 million","$1,210 million",True,"Inconsistent with the summary statement at the end which says '$1,518 million'. Both cannot be correct for the same metric in the same year.",high,2,10
FB_053_05E755A5,FB_053_05E755A5_H2,DeepSeek-V3.2,large_number,"1,188","1,421",True,"Inconsistent with the summary statement at the end which says '$1,518 million'. Both cannot be correct for the same metric in the same year.",high,2,10
FB_053_05E755A5,FB_053_05E755A5_H1,DeepSeek-V3.2,large_number,"1,045",852,False,,,2,10
FB_054_F1BBC565,FB_054_F1BBC565_H3,DeepSeek-V3.2,dollar_amount,"$1,200 million",$911 million,True,"Inconsistent with later claim of FY 2023 Cash and Cash Equivalents as $1,200 million and $789 million, suggesting possible fabrication or misreporting.",high,3,6
FB_054_F1BBC565,FB_054_F1BBC565_H2,DeepSeek-V3.2,dollar_amount,"$3,200 million","$2,191 million",False,,,3,6
FB_054_F1BBC565,FB_054_F1BBC565_H1,DeepSeek-V3.2,dollar_amount,"$1,200 million",$789 million,True,Conflicts with earlier claim of $911 million and later mention of $789 million for the same period.,high,3,6
FB_055_B75D0172,FB_055_B75D0172_H3,DeepSeek-V3.2,large_number,"1,024",822,True,"The math doesn't add up: 698 stores (FY2023) to 822 (FY2024) would be an increase of 124 stores, not a decrease of 16.",high,3,4
FB_055_B75D0172,FB_055_B75D0172_H2,DeepSeek-V3.2,large_number,"1,040",698,True,"The math doesn't add up: 698 stores (FY2023) to 822 (FY2024) would be an increase of 124 stores, not a decrease of 16.",high,3,4
FB_055_B75D0172,FB_055_B75D0172_H1,DeepSeek-V3.2,large_number,"1,024","1,272",True,Contradicts the earlier claim of 822 stores for Q2 FY2024.,high,3,4
FB_056_E46FAB20,FB_056_E46FAB20_H3,DeepSeek-V3.2,dollar_amount,"$1,800 million","$1,519 million",False,,,5,10
FB_056_E46FAB20,FB_056_E46FAB20_H2,DeepSeek-V3.2,dollar_amount,$600 million,$738 million,True,The figure is unusually precise compared to other categories with round numbers. This inconsistency in reporting style raises suspicions.,medium,5,10
FB_056_E46FAB20,FB_056_E46FAB20_H1,DeepSeek-V3.2,dollar_amount,"$1,900 million","$1,307 million",True,"The figure is unusually precise compared to other categories in the same period with round numbers (e.g., $2,600 million for Consumer Electronics). This inconsistency in reporting style raises suspicions.",medium,5,10
FB_057_2D006C3F,FB_057_2D006C3F_H3,DeepSeek-V3.2,dollar_amount,$467.5 million,$606.8 million,True,"The calculation involves $1,059.4 million / $606.8 million, but the stated current liabilities were $467.5 million, not $606.8 million. Additionally, $1,059.4 / $467.5 would be ~2.26, but the divisor is incorrect, making the working capital ratio suspicious.",high,3,9
FB_057_2D006C3F,FB_057_2D006C3F_H2,DeepSeek-V3.2,dollar_amount,$360.6 million,$259.8 million,False,,,3,9
FB_057_2D006C3F,FB_057_2D006C3F_H1,DeepSeek-V3.2,dollar_amount,"$1,197.5 million",$788.1 million,False,,,3,9
FB_058_4FC4F0E9,FB_058_4FC4F0E9_H3,DeepSeek-V3.2,dollar_amount,"$4,711 million","$5,585 million",True,"Value for FY2019 revenue is stated as both $5,585 million (PRIMARY METRIC) and $4,711 million (SUPPORTING DATA). These conflicting values cannot both be correct.",high,3,7
FB_058_4FC4F0E9,FB_058_4FC4F0E9_H2,DeepSeek-V3.2,percentage,101.6%,91.9%,True,"Growth rate calculation is incorrectly documented (uses FY2019 $4,711m vs. $5,585m), and the formula numerator is inconsistent with documented values (9,493 vs. 12,544). Either the formula or figures appear fabricated.",high,3,7
FB_058_4FC4F0E9,FB_058_4FC4F0E9_H1,DeepSeek-V3.2,dollar_amount,"$9,493 million","$12,544 million",True,"Contradicts the PRIMARY METRIC claim of $9,493 million for FY2020 revenue. Only one can be correct.",high,3,7
FB_060_D8048F85,FB_060_D8048F85_H2,DeepSeek-V3.2,dollar_amount,"$83,535 million","$115,274 million",True,"The reported Net Property, Plant, and Equipment is higher than Total Assets ($85,028 million), which is impossible. Property, Plant, and Equipment should be a subset of Total Assets.",high,3,4
FB_060_D8048F85,FB_060_D8048F85_H1,DeepSeek-V3.2,dollar_amount,"$139,660 million","$85,028 million",False,,,3,4
FB_061_B30537F0,FB_061_B30537F0_H3,DeepSeek-V3.2,dollar_amount,"$62,283 million","$52,278 million",False,,,3,14
FB_061_B30537F0,FB_061_B30537F0_H2,DeepSeek-V3.2,dollar_amount,"$21,319 million","$13,434 million",True,"The dollar amount does not match the previously stated FY2021 Global Services revenue of $13,434 million, indicating an inconsistency.",high,3,14
FB_061_B30537F0,FB_061_B30537F0_H1,DeepSeek-V3.2,percentage,23.0%,14.4%,True,"The percentage does not match the stated dollar amount ($15,345 million) relative to the total revenue ($66,610 million), which should be approximately 23.0%.",high,3,14
FB_062_CCEDD88C,FB_062_CCEDD88C_H1,DeepSeek-V3.2,dollar_amount,"$156,898 million","$191,569 million",True,"The figure appears suspiciously precise (to the exact million) without rounding, which is unusual for large liability totals in financial reports.",medium,1,4
FB_063_38B981AD,FB_063_38B981AD_H2,DeepSeek-V3.2,percentage,7.1%,0.9%,True,"The claimed total revenue for FY2020 ($71,042 million) conflicts with the earlier stated FY2020 revenue of $58,658 million. This inconsistency suggests a possible error or fabrication.",high,3,9
FB_063_38B981AD,FB_063_38B981AD_H1,DeepSeek-V3.2,dollar_amount,"$58,658 million","$71,042 million",True,"The claimed total revenue for FY2020 ($71,042 million) conflicts with the earlier stated FY2020 revenue of $58,658 million. This inconsistency suggests a possible error or fabrication.",high,3,9
FB_064_7576A9AF,FB_064_7576A9AF_H3,DeepSeek-V3.2,dollar_amount,"$14,800 million","$12,426 million",True,"Compared to $39,000 million in FY2020 during peak pandemic, a 68% decline seems excessively steep even accounting for COVID-19 impacts.",medium,3,9
FB_064_7576A9AF,FB_064_7576A9AF_H2,DeepSeek-V3.2,dollar_amount,"$15,300 million","$18,525 million",False,,,3,9
FB_064_7576A9AF,FB_064_7576A9AF_H1,DeepSeek-V3.2,dollar_amount,"$15,100 million","$19,162 million",False,,,3,9
FB_065_8F3B2425,FB_065_8F3B2425_H3,DeepSeek-V3.2,dollar_amount,"$58,658 million","$41,886 million",False,,,3,8
FB_065_8F3B2425,FB_065_8F3B2425_H2,DeepSeek-V3.2,dollar_amount,"$26,210 million","$18,532 million",True,"The figure is suspiciously round compared to other reported revenues (e.g., $28,658 million, $43,028 million) and lacks the typical precision seen in financial reporting.",medium,3,8
FB_065_8F3B2425,FB_065_8F3B2425_H1,DeepSeek-V3.2,dollar_amount,$382 billion,$469 billion,True,"The backlog figure is extraordinarily high and seems implausible for Boeing, as it would represent several years' worth of revenue. This could be a misplaced decimal or misinterpretation of the actual backlog.",high,3,8
FB_067_92C7D508,FB_067_92C7D508_H3,DeepSeek-V3.2,percentage,20.0%,9.5%,True,"Given the suspiciously round pre-tax income figure, the calculated tax rate becomes unreliable. Large industrial companies typically have higher effective tax rates (closer to 20-30%).",medium,3,6
FB_067_92C7D508,FB_067_92C7D508_H2,DeepSeek-V3.2,dollar_amount,"$1,200 million","$1,513 million",True,"This tax expense would imply substantial taxable income, which contradicts Boeing's well-publicized financial struggles in 2022 including continued 737 MAX issues and supply chain problems.",medium,3,6
FB_067_92C7D508,FB_067_92C7D508_H1,DeepSeek-V3.2,dollar_amount,"$5,500 million","$3,936 million",False,,,3,6
FB_068_46FFC913,FB_068_46FFC913_H2,DeepSeek-V3.2,dollar_amount,"$86,180.5 million","$58,656.0 million",True,"This calculation is incorrect. The correct average should be ($86,185 million + $86,176 million) / 2 = $86,180.5 million, not $58,656.0 million. This affects the ROA calculation.",high,2,6
FB_068_46FFC913,FB_068_46FFC913_H1,DeepSeek-V3.2,percentage,1.45%,0.01%,True,The ROA calculation is incorrectly labeled as 0.01%. The correct ROA is 1.45% (0.0145 expressed as a percentage). This is a significant misrepresentation.,high,2,6
FB_069_15B93D82,FB_069_15B93D82_H2,DeepSeek-V3.2,percentage,44.2%,51.5%,True,This percentage doesn't match the calculation shown in the note (44.2%). There's an internal inconsistency between the claimed figure and the supporting calculation.,high,2,8
FB_069_15B93D82,FB_069_15B93D82_H1,DeepSeek-V3.2,dollar_amount,"$33,014 million","$25,413 million",True,Total Revenue for Coca-Cola in FY2020 is improbably low compared to FY2019 and FY2021. Coca-Cola's revenue is typically stable around ~$35-$45 billion annually. A drop to ~$25 billion would be highly unusual without major divestitures or extraordinary circumstances.,high,2,8
FB_070_4418F850,FB_070_4418F850_H3,DeepSeek-V3.2,dollar_amount,"$7,964 million","$5,694 million",True,"Inconsistent calculation: The researcher initially states Total Cash Dividends Paid is $5,694 million but later claims it is $7,964 million. Both cannot be correct for the same period.",high,3,5
FB_070_4418F850,FB_070_4418F850_H2,DeepSeek-V3.2,dollar_amount,"$11,952 million","$14,585 million",True,"Inconsistent calculation: The researcher initially states Total Cash Dividends Paid is $5,694 million but later claims it is $7,964 million. Both cannot be correct for the same period.",high,3,5
FB_070_4418F850,FB_070_4418F850_H1,DeepSeek-V3.2,dollar_amount,"$11,952 million","$14,512 million",True,"Contradicts the later claim of $14,512 million for the same metric (Net Income Attributable to Shareholders). Only one can be correct.",high,3,5
FB_071_0CB99E74,FB_071_0CB99E74_H3,DeepSeek-V3.2,dollar_amount,"$3,167 million","$4,292 million",True,"The arithmetic is incorrect; $4,292 million - $3,056 million = $1,236 million, not $111 million. This discrepancy affects the DPO calculation.",high,3,6
FB_071_0CB99E74,FB_071_0CB99E74_H2,DeepSeek-V3.2,dollar_amount,$111 million,$73 million,True,"The arithmetic is incorrect; $4,292 million - $3,056 million = $1,236 million, not $111 million. This discrepancy affects the DPO calculation.",high,3,6
FB_071_0CB99E74,FB_071_0CB99E74_H1,DeepSeek-V3.2,dollar_amount,"$10,248 million","$7,381 million",True,"The denominator switches to $7,381 million without explanation, diverging from the earlier $10,137 million + $73 million. This inconsistency invalidates the DPO calculation.",high,3,6
FB_072_05A484DC,FB_072_05A484DC_H2,DeepSeek-V3.2,dollar_amount,"$11,500 million","$8,255 million",False,,,3,6
FB_072_05A484DC,FB_072_05A484DC_H1,DeepSeek-V3.2,large_number,"3,206","2,118",True,"Incorrect calculation: Numerator (Operating Income) is listed as $3,206 million earlier, but $2,118 is used in the calculation. Also, the denominator (Total Revenue) is listed as $8,255 million earlier, but $11,500 is used in the calculation.",high,3,6
FB_073_5495DBB9,FB_073_5495DBB9_H3,DeepSeek-V3.2,percentage,13.9%,9.9%,True,The claimed effective tax rate does not match the implied rate calculated from Income Tax Expense and Pre-Tax Income (221/1831 ≈ 12.07%). This is a significant discrepancy.,high,3,6
FB_073_5495DBB9,FB_073_5495DBB9_H2,DeepSeek-V3.2,dollar_amount,$264 million,$221 million,False,,,3,6
FB_073_5495DBB9,FB_073_5495DBB9_H1,DeepSeek-V3.2,dollar_amount,$292 million,$207 million,False,,,3,6
FB_074_499976A7,FB_074_499976A7_H2,DeepSeek-V3.2,dollar_amount,"$8,108 million","$6,078 million",False,,,3,6
FB_074_499976A7,FB_074_499976A7_H1,DeepSeek-V3.2,dollar_amount,"$7,400 million","$9,948 million",True,"Suspiciously precise number compared to the highly round Current Assets figure ($11,000 million) for the same period, raising doubts about consistency.",medium,3,6
FB_075_D5F39BB5,FB_075_D5F39BB5_H2,DeepSeek-V3.2,dollar_amount,"$59,431 million","$38,256 million",False,,,2,3
FB_075_D5F39BB5,FB_075_D5F39BB5_H1,DeepSeek-V3.2,dollar_amount,"$53,189 million","$41,694 million",True,"Total assets decreased from FY2019 to FY2020, which is unusual for a growing retailer like Costco, especially during a period when retail sales generally increased due to pandemic-related stockpiling.",medium,2,3
FB_076_1BF5949C,FB_076_1BF5949C_H3,DeepSeek-V3.2,dollar_amount,"$194,579 million","$124,200 million",True,"Revenue figure seems low for CVS Health in FY2018, given it's a major healthcare company. CVS typically reports revenues in the hundreds of billions.",high,4,6
FB_076_1BF5949C,FB_076_1BF5949C_H2,DeepSeek-V3.2,dollar_amount,"$21,643 million","$27,991 million",True,"PP&E figure for FY2017 seems inconsistent with the subsequent calculation where it's listed as $21,643 million.",high,4,6
FB_076_1BF5949C,FB_076_1BF5949C_H1,DeepSeek-V3.2,dollar_amount,"$22,389 million","$29,388 million",True,"PP&E figure for FY2017 seems inconsistent with the subsequent calculation where it's listed as $21,643 million.",high,4,6
FB_077_6547C156,FB_077_6547C156_H3,DeepSeek-V3.2,dollar_amount,"$3,100 million","$2,148 million",True,"A decline from $3,128 million in FY2020 to $2,148 million in FY2022 seems plausible, but the exact figures for FY2021 ($2,800 million) don't align smoothly with this trend. The volatility in capital expenditures raises questions about consistency.",medium,3,6
FB_077_6547C156,FB_077_6547C156_H2,DeepSeek-V3.2,dollar_amount,"$2,500 million","$3,128 million",True,"A decline from $3,128 million in FY2020 to $2,148 million in FY2022 seems plausible, but the exact figures for FY2021 ($2,800 million) don't align smoothly with this trend. The volatility in capital expenditures raises questions about consistency.",medium,3,6
FB_077_6547C156,FB_077_6547C156_H1,DeepSeek-V3.2,dollar_amount,"$128,000 million","$78,204 million",True,"Total assets nearly doubling from $78,204 million in FY2020 to $132,200 million in FY2021 is unusual for a company like CVS Health without a clear explanation (e.g., major acquisition). Such a large jump in assets should be scrutinized.",high,3,6
FB_078_F8A3C776,FB_078_F8A3C776_H2,DeepSeek-V3.2,dollar_amount,$3.0 billion,$2.0 billion,True,"The liability amounts for opioid-related settlements seem excessively large and increase drastically year-over-year without clear justification. Such large figures would typically attract significant media coverage and regulatory scrutiny, which isn't mentioned here.",high,2,6
FB_078_F8A3C776,FB_078_F8A3C776_H1,DeepSeek-V3.2,dollar_amount,$2.0 billion,$1.4 billion,True,"The liability amounts for opioid-related settlements seem excessively large and increase drastically year-over-year without clear justification. Such large figures would typically attract significant media coverage and regulatory scrutiny, which isn't mentioned here.",high,2,6
FB_079_C8770283,FB_079_C8770283_H3,DeepSeek-V3.2,dollar_amount,$0.50 ,$0.68 ,True,"The dividend amount is unusually precise (to the cent) and doesn't follow a clear progression from previous quarters. Q1 FY2022 was $0.69 and Q2 FY2021 was $0.50, making the $0.68 figure seem arbitrary without consistent growth patterns.",medium,2,4
FB_079_C8770283,FB_079_C8770283_H2,DeepSeek-V3.2,dollar_amount,$0.50 ,$0.69 ,True,"The dividend amount is unusually precise (to the cent) and doesn't follow a clear progression from previous quarters. Q1 FY2022 was $0.69 and Q2 FY2021 was $0.50, making the $0.68 figure seem arbitrary without consistent growth patterns.",medium,2,4
FB_079_C8770283,FB_079_C8770283_H1,DeepSeek-V3.2,dollar_amount,$1.98 ,$1.25 ,True,"Given that Q2 FY2021 was $0.50 per share, and assuming quarterly dividends were consistent, annualizing this would suggest ~$2.00 per share for FY2021 (4 quarters). $1.25 seems too low unless dividends were only paid for part of the year.",high,2,4
FB_081_4E1CC3D9,FB_081_4E1CC3D9_H2,DeepSeek-V3.2,large_number,"48,123,456","63,263,625",True,"Identical abstention figure as other nominees, suggesting possible fabrication.",high,6,18
FB_081_4E1CC3D9,FB_081_4E1CC3D9_H1,DeepSeek-V3.2,large_number,"9,876,543","12,416,701",True,"Same abstention number appears again, making this consistent pattern highly suspicious.",high,6,18
FB_082_4FFC55E4,FB_082_4FFC55E4_H2,DeepSeek-V3.2,dollar_amount,"$1,059 million","$1,334 million",True,"Inconsistent calculation: The sum of $1,059 million and $1,029 million is $2,088 million, which divided by 2 equals $1,044 million (correct), but the referenced FY2019 Inventory is $1,334 million (not $1,059 million), which makes the average inventory calculation incorrect.",high,3,12
FB_082_4FFC55E4,FB_082_4FFC55E4_H1,DeepSeek-V3.2,dollar_amount,$30 million,$37 million,True,"Inconsistent reference to FY2019 Inventory: The researcher previously cited FY2019 Inventory as $1,334 million (not $1,059 million), making the change in inventory calculation incorrect.",high,3,12
FB_083_62A760DF,FB_083_62A760DF_H3,DeepSeek-V3.2,dollar_amount,"$2,972 million","$3,586 million",True,"Contradicts the later claim of $3,586 million for the same line item, making one of these clearly wrong.",high,2,8
FB_083_62A760DF,FB_083_62A760DF_H2,DeepSeek-V3.2,dollar_amount,"$2,731 million","$3,712 million",False,,,2,8
FB_083_62A760DF,FB_083_62A760DF_H1,DeepSeek-V3.2,dollar_amount,"$3,556 million","$2,326 million",False,,,2,8
FB_084_403F35B5,FB_084_403F35B5_H2,DeepSeek-V3.2,dollar_amount,"$1,205 million",$952 million,True,The claimed FCF ($952 million) does not match the calculated FCF ($735 million) based on the provided components.,high,2,6
FB_084_403F35B5,FB_084_403F35B5_H1,DeepSeek-V3.2,dollar_amount,"$1,205 million",$735 million,True,The claimed FCF ($952 million) does not match the calculated FCF ($735 million) based on the provided components.,high,2,6
FB_085_149EBAE9,FB_085_149EBAE9_H3,DeepSeek-V3.2,dollar_amount,"$1,174 million",$772 million,True,"Suspiciously high dividend payment compared to FY2020 ($1,073m) and FY2022 ($772m) - dividend cuts are unusual for stable companies like General Mills",medium,3,10
FB_085_149EBAE9,FB_085_149EBAE9_H2,DeepSeek-V3.2,dollar_amount,"$1,174 million",$898 million,True,"Suspiciously high dividend payment compared to FY2020 ($1,073m) and FY2022 ($772m) - dividend cuts are unusual for stable companies like General Mills",medium,3,10
FB_085_149EBAE9,FB_085_149EBAE9_H1,DeepSeek-V3.2,dollar_amount,"$1,905 million","$1,353 million",True,"Internal inconsistency - Net Income was previously stated as $1,905 million, but here it's referenced as $1,353 million. Similarly, Total Cash Dividends Paid was $772 million earlier, but here it's $1,174 million.",high,3,10
FB_086_889F46BB,FB_086_889F46BB_H3,DeepSeek-V3.2,dollar_amount,"$93,775 million","$70,366 million",True,"Johnson & Johnson is a large, stable company with consistent revenue growth. A drop from $82,584 million in FY2020 to $70,366 million in FY2021 (approx. 15% decrease) is highly unusual and not consistent with its historical trends.",high,2,6
FB_086_889F46BB,FB_086_889F46BB_H2,DeepSeek-V3.2,dollar_amount,"$16,676 million","$22,612 million",False,,,2,6
FB_086_889F46BB,FB_086_889F46BB_H1,DeepSeek-V3.2,dollar_amount,"$14,714 million","$8,873 million",True,"Net income of $8,873 million in FY2020 seems significantly lower compared to FY2021 ($20,880 million) and FY2022 ($22,612 million). While 2020 was impacted by the pandemic, such a sharp drop and subsequent recovery for a company like JnJ is suspicious without corroborating evidence.",medium,2,6
FB_087_99FD2FB2,FB_087_99FD2FB2_H3,DeepSeek-V3.2,percentage,81.1%,70.3%,True,"The Gross Margin Percentage is calculated as Gross Profit / Total Revenue, which should be $77,068 million / $94,943 million ≈ 81.2%, not 70.3%. This discrepancy suggests a potential error in the reported percentage.",high,4,8
FB_087_99FD2FB2,FB_087_99FD2FB2_H2,DeepSeek-V3.2,dollar_amount,"$15,157 million","$20,998 million",False,,,4,8
FB_087_99FD2FB2,FB_087_99FD2FB2_H1,DeepSeek-V3.2,dollar_amount,"$67,427 million","$84,991 million",True,"For FY2020, the Gross Profit calculation is incorrect. Total Revenue ($82,584 million) minus COGS ($20,998 million) should be $61,586 million, not $84,991 million. This is a significant discrepancy.",high,4,8
FB_088_DD231ABD,FB_088_DD231ABD_H3,DeepSeek-V3.2,dollar_amount,"$94,943 million","$130,473 million",True,"This figure seems plausible for J&J but stands in contrast to the $94,943 million used later in the calculation. If both are from the same source, there's an inconsistency that needs verification.",medium,3,6
FB_088_DD231ABD,FB_088_DD231ABD_H2,DeepSeek-V3.2,dollar_amount,"$15,120 million","$19,470 million",False,,,3,6
FB_088_DD231ABD,FB_088_DD231ABD_H1,DeepSeek-V3.2,dollar_amount,"$14,230 million","$18,618 million",False,,,3,6
FB_089_CF6163C6,FB_089_CF6163C6_H2,DeepSeek-V3.2,dollar_amount,$2.35 ,$3.05 ,False,,,1,4
FB_089_CF6163C6,FB_089_CF6163C6_H1,DeepSeek-V3.2,percentage,22.8%,31.6%,False,,,1,4
FB_090_72CFB567,FB_090_72CFB567_H3,DeepSeek-V3.2,dollar_amount,"$46,211 million","$62,980 million",True,"Numerator uses $49,097m instead of stated Domestic Sales ($49,097m vs $49,097m typo?), and subtracts $62,980m (unexplained figure - possibly swapped with another metric?), denominator uses $46,211m instead of $46,211m (should match FY2021 Domestic Sales of $46,211m for YoY growth calculation). Arithmetic also incorrect for given numbers.",high,2,4
FB_090_72CFB567,FB_090_72CFB567_H2,DeepSeek-V3.2,dollar_amount,"$34,678 million","$48,060 million",True,"Numerator subtracts $48,060m (unexplained figure - possibly swapped with another metric?), denominator uses $40,543m instead of $34,678m (should match FY2021 International Sales for YoY growth). Arithmetic fails basic sanity check (negative growth implied before division contradicts positive result).",high,2,4
FB_090_72CFB567,FB_090_72CFB567_H1,DeepSeek-V3.2,dollar_amount,"$34,678 million","$40,543 million",True,"Numerator subtracts $48,060m (unexplained figure - possibly swapped with another metric?), denominator uses $40,543m instead of $34,678m (should match FY2021 International Sales for YoY growth). Arithmetic fails basic sanity check (negative growth implied before division contradicts positive result).",high,2,4
FB_091_82F6C167,FB_091_82F6C167_H3,DeepSeek-V3.2,dollar_amount,"$3,694 million","$4,690 million",True,"Suspiciously round number for revenue figure, which typically has more variability.",medium,3,3
FB_091_82F6C167,FB_091_82F6C167_H2,DeepSeek-V3.2,dollar_amount,"$3,650 million","$2,388 million",True,Oddly specific and precise number compared to the round figure for 2023.,medium,3,3
FB_091_82F6C167,FB_091_82F6C167_H1,DeepSeek-V3.2,dollar_amount,"$3,580 million","$2,481 million",True,Oddly specific and precise number compared to the round figure for 2023.,medium,3,3
FB_092_1FF70EDD,FB_092_1FF70EDD_H1,DeepSeek-V3.2,dollar_amount,$13.0 billion,$16.9 billion,True,"The figure is unusually high for a segment separation, especially for a Consumer Health division, which typically doesn't command such valuations. This amount is suspiciously precise and large without additional context or breakdown.",high,1,1
FB_093_3013F02B,FB_093_3013F02B_H1,DeepSeek-V3.2,dollar_amount,"$3,500 million","$4,412 million",True,"The amount is oddly specific for a large transaction, which often rounds to the nearest hundred million or billion. This precision without context is suspicious.",medium,1,1
FB_094_62DF77C2,FB_094_62DF77C2_H3,DeepSeek-V3.2,dollar_amount,"$24,000 million","$32,304 million",False,,,3,8
FB_094_62DF77C2,FB_094_62DF77C2_H2,DeepSeek-V3.2,percentage,19.87%,26.36%,True,"The calculation contradicts the earlier statement that Q2 FY2022 Sales were $23,600 million, but the correct calculation should yield ~19.87% ($4,691 / $23,600 * 100), matching the later correct calculation.",high,3,8
FB_094_62DF77C2,FB_094_62DF77C2_H1,DeepSeek-V3.2,percentage,19.87%,25.10%,True,"The calculation contradicts the earlier statement that Q2 FY2022 Sales were $23,600 million, but the correct calculation should yield ~19.87% ($4,691 / $23,600 * 100), matching the later correct calculation.",high,3,8
FB_095_25B2B23C,FB_095_25B2B23C_H2,DeepSeek-V3.2,dollar_amount,"$14,170 million","$9,112 million",True,"This directly contradicts the reported Commercial Banking segment revenue of $1,154 million, which is significantly lower. There appears to be either incorrect labeling ('lowest' applied to wrong segment) or inaccurate figures.",high,2,6
FB_095_25B2B23C,FB_095_25B2B23C_H1,DeepSeek-V3.2,dollar_amount,"$4,020 million","$5,399 million",True,"The sum of the reported segment revenues ($9,112 + $8,739 + $1,154 + $5,399 = $24,404 million) does not match the claimed total net revenue ($28,083 million). There could be unlisted segments, but the discrepancy is significant.",high,2,6
FB_096_3F49DA9A,FB_096_3F49DA9A_H3,DeepSeek-V3.2,dollar_amount,"$3,478,000 million","$2,632,855 million",True,"The precision of this figure (exact to the million) contrasts oddly with the roundness of the Total Assets figure, raising consistency concerns.",medium,4,4
FB_096_3F49DA9A,FB_096_3F49DA9A_H2,DeepSeek-V3.2,dollar_amount,"$208,000 million","$126,259 million",True,"The calculation seems plausible, but given the suspicious Total Assets and Liabilities figures, it inherits those concerns.",low,4,4
FB_096_3F49DA9A,FB_096_3F49DA9A_H1,DeepSeek-V3.2,large_number,"3,000","1,899",True,"The claim acknowledges approximation, but the rounding to exactly 1,899 million shares is unusual; shares outstanding are usually precise or rounded to more conventional figures.",medium,4,4
FB_097_2BA7758E,FB_097_2BA7758E_H2,DeepSeek-V3.2,percentage,76.8%,69.6%,True,"Gross margin is typically not a relevant metric for financial institutions like JPMorgan Chase, and such precise figures are unusual for this sector.",high,6,10
FB_097_2BA7758E,FB_097_2BA7758E_H1,DeepSeek-V3.2,percentage,76.8%,70.4%,True,"Gross margin is typically not a relevant metric for financial institutions like JPMorgan Chase, and such precise figures are unusual for this sector.",high,6,10
FB_098_7154A728,FB_098_7154A728_H2,DeepSeek-V3.2,dollar_amount,"$1,000 million",$801 million,True,"The figure is exactly $1,000 million, which is unusually round and lacks typical financial reporting precision seen in other segments (e.g., $801 million).",medium,3,4
FB_098_7154A728,FB_098_7154A728_H1,DeepSeek-V3.2,dollar_amount,"$8,640 million","$12,001 million",True,"The total net income figure is suspiciously precise (ending in 001) compared to the rounded segment figures, suggesting potential fabrication.",high,3,4
FB_099_6BE111D5,FB_099_6BE111D5_H3,DeepSeek-V3.2,dollar_amount,$23 million,$18 million,True,VaR figures are typically rounded to the nearest $5 million or $10 million for large banks. The exact $18 million figure seems unusually precise.,medium,4,4
FB_099_6BE111D5,FB_099_6BE111D5_H2,DeepSeek-V3.2,dollar_amount,"$7,500 million","$6,231 million",True,"Suspiciously precise figure for trading revenue, which is typically rounded to the nearest hundred million or billion for large institutions like JPMorgan.",medium,4,4
FB_099_6BE111D5,FB_099_6BE111D5_H1,DeepSeek-V3.2,dollar_amount,"$7,200 million","$9,150 million",True,"Suspiciously round figure compared to the precise $6,231 million for Q2 2023. Large revenue figures are usually reported with consistent rounding.",medium,4,4
FB_100_6814F36E,FB_100_6814F36E_H2,DeepSeek-V3.2,dollar_amount,"$1,748 million","$1,172 million",True,"The inventory figure for FY2019 seems unusually low compared to the inventory for FY2018 ($1,648 million), representing a nearly 30% drop without explanation.",medium,3,6
FB_100_6814F36E,FB_100_6814F36E_H1,DeepSeek-V3.2,dollar_amount,"$1,698 million","$2,011 million",True,"The inventory figures used in the calculation are inconsistent. The FY2019 inventory was previously stated as $1,172 million, but $1,748 million is used here for the average calculation, which is a discrepancy.",high,3,6
FB_101_79109208,FB_101_79109208_H2,DeepSeek-V3.2,dollar_amount,"$45,200 million","$37,987 million",True,"The claimed FY2019 total assets ($45,200 million) is inconsistent with the value used in the calculation ($37,987 million). This inconsistency suggests a likely fabrication or error.",high,2,4
FB_101_79109208,FB_101_79109208_H1,DeepSeek-V3.2,dollar_amount,"$46,800 million","$64,022 million",True,"The claimed FY2019 total assets ($45,200 million) is inconsistent with the value used in the calculation ($37,987 million). This inconsistency suggests a likely fabrication or error.",high,2,4
FB_102_F5764A3D,FB_102_F5764A3D_H2,DeepSeek-V3.2,dollar_amount,"$22,189 million","$16,467 million",True,"Internal inconsistency: The calculation of Net Working Capital ($36,134 million - $13,945 million) should equal $22,189 million, not $16,467 million.",high,3,3
FB_102_F5764A3D,FB_102_F5764A3D_H1,DeepSeek-V3.2,dollar_amount,"$12,242 million","$14,968 million",True,"Internal inconsistency: The calculation of Net Working Capital ($32,200 million - $14,968 million) should equal $17,232 million, not $19,958 million.",high,3,3
FB_103_98E6E9E2,FB_103_98E6E9E2_H2,DeepSeek-V3.2,dollar_amount,"$65,398 million","$90,117 million",True,"Contradicts subsequent FY2020 revenue figure of $65,398 million in the same output, indicating potential data inconsistency or error.",high,4,6
FB_103_98E6E9E2,FB_103_98E6E9E2_H1,DeepSeek-V3.2,dollar_amount,"$67,045 million","$87,879 million",True,"Contradicts subsequent FY2020 revenue figure of $65,398 million in the same output, indicating potential data inconsistency or error.",high,4,6
FB_104_AE0FFD33,FB_104_AE0FFD33_H3,DeepSeek-V3.2,dollar_amount,"$1,479 million",$952 million,True,"The figure seems suspiciously round compared to typical financial reporting, which often includes more precise figures (e.g., $951.8 million).",medium,5,5
FB_104_AE0FFD33,FB_104_AE0FFD33_H2,DeepSeek-V3.2,dollar_amount,"$1,379 million","$1,050 million",True,"The figure is unusually round and lacks decimal precision, which is uncommon in formal financial statements.",medium,5,5
FB_104_AE0FFD33,FB_104_AE0FFD33_H1,DeepSeek-V3.2,dollar_amount,"$1,295 million","$1,084 million",True,"The figure is unusually round and lacks decimal precision, which is uncommon in formal financial statements.",medium,5,5
FB_105_61DCE693,FB_105_61DCE693_H3,DeepSeek-V3.2,dollar_amount,"$12,865 million","$8,743 million",True,"The FY2018 revenue figure seems unusually low for MGM Resorts, which typically reports revenues in the billions. The sudden drop from FY2019 ($17,790 million) to FY2020 ($5,184 million) is also suspicious without context like the COVID-19 pandemic impact, which should be noted if relevant.",medium,6,9
FB_105_61DCE693,FB_105_61DCE693_H2,DeepSeek-V3.2,dollar_amount,"$13,165 million","$17,790 million",True,"This figure is more than double the FY2018 revenue ($8,743 million), which is an unusually large year-over-year increase for a company like MGM Resorts without a major acquisition or expansion.",medium,6,9
FB_105_61DCE693,FB_105_61DCE693_H1,DeepSeek-V3.2,percentage,19.74%,12.12%,True,"The third term (19.74%) does not appear anywhere else in the output, suggesting a calculation error or fabrication.",high,6,9
FB_106_EB0A9203,FB_106_EB0A9203_H2,DeepSeek-V3.2,dollar_amount,$2 million,$1 million,True,"The total dividend amount appears unusually low for a company of MGM's size, given that $0.01 per share totals $1 million implies only ~100 million shares outstanding, which seems inconsistent with MGM's actual share count (typically >300 million shares).",high,2,4
FB_107_B17259C6,FB_107_B17259C6_H2,DeepSeek-V3.2,dollar_amount,$394 million,$532 million,True,"The figure is unusually rounded (exactly $532 million) for a financial metric, which is often reported with greater precision.",medium,6,6
FB_107_B17259C6,FB_107_B17259C6_H1,DeepSeek-V3.2,dollar_amount,$96 million,$59 million,True,"The figure is unusually rounded (exactly $59 million) for a financial metric, which is often reported with greater precision.",medium,6,6
FB_108_8E72B311,FB_108_8E72B311_H2,DeepSeek-V3.2,dollar_amount,"$1,158 million",$793 million,True,Inconsistent with the later calculation where $793 million is used as Adjusted EBIT for the coverage ratio calculation.,high,2,7
FB_108_8E72B311,FB_108_8E72B311_H1,DeepSeek-V3.2,dollar_amount,$410 million,$301 million,False,,,2,7
FB_109_F3781DA6,FB_109_F3781DA6_H2,DeepSeek-V3.2,dollar_amount,"$6,324 million","$4,868 million",True,"This figure is unusually precise compared to typical financial reporting, which often rounds to the nearest $10 or $100 million. The precision raises flags about potential fabrication.",medium,3,6
FB_109_F3781DA6,FB_109_F3781DA6_H1,DeepSeek-V3.2,dollar_amount,$251 million,$210 million,False,,,3,6
FB_110_74F7847F,FB_110_74F7847F_H2,DeepSeek-V3.2,dollar_amount,"$1,500 million","$1,210 million",True,"Inconsistent with the supporting data below which lists total short-term investments as $1,500 million",high,4,4
FB_110_74F7847F,FB_110_74F7847F_H1,DeepSeek-V3.2,dollar_amount,$900 million,$730 million,True,Inconsistent with the supporting data below which lists U.S. Treasury Bills as $900 million,high,4,4
FB_111_A4B199F5,FB_111_A4B199F5_H3,DeepSeek-V3.2,dollar_amount,"$24,060 million","$15,037 million",True,"A ~48% decrease from FY2015 COGS ($19,557 million) seems unusual unless there was a significant restructuring or divestiture, which was not mentioned.",medium,2,3
FB_111_A4B199F5,FB_111_A4B199F5_H2,DeepSeek-V3.2,dollar_amount,"$23,198 million","$19,557 million",True,"A ~31.3% decrease from FY2014 COGS ($28,477 million) is also unusually large for a company like Microsoft without noted major changes in business operations.",medium,2,3
FB_111_A4B199F5,FB_111_A4B199F5_H1,DeepSeek-V3.2,dollar_amount,"$23,674 million","$28,477 million",False,,,2,3
FB_112_2DC55A31,FB_112_2DC55A31_H2,DeepSeek-V3.2,dollar_amount,"$51,000 million","$41,918 million",False,,,4,6
FB_112_2DC55A31,FB_112_2DC55A31_H1,DeepSeek-V3.2,dollar_amount,"$48,000 million","$28,845 million",False,,,4,6
FB_113_30E7F266,FB_113_30E7F266_H2,DeepSeek-V3.2,large_number,"13,500","17,859",True,"Inconsistent with the supporting data's stated Total Revenue of USD 13,500 million.",high,3,6
FB_113_30E7F266,FB_113_30E7F266_H1,DeepSeek-V3.2,large_number,"1,200",906,True,Inconsistent with the stated Unadjusted Operating Income of USD 906 million.,high,3,6
FB_114_ACC06CE8,FB_114_ACC06CE8_H2,DeepSeek-V3.2,dollar_amount,"$4,052 million","$2,742 million",True,"The figure is suspiciously odd for Netflix's scale in 2017, given its content spending and subscription growth. The exact precision (no decimals) also raises questions.",medium,3,3
FB_114_ACC06CE8,FB_114_ACC06CE8_H1,DeepSeek-V3.2,dollar_amount,"$2,474 million","$3,253 million",True,"The round number (ending in exactly 00) is unusual for a financial disclosure, where precise figures are typically reported.",medium,3,3
FB_115_AE55E4C4,FB_115_AE55E4C4_H3,DeepSeek-V3.2,dollar_amount,"$12,199 million","$9,070 million",True,"This COGS figure seems suspiciously low compared to the FY2017 and FY2018 COGS figures ($12,579 million and $13,202 million respectively). A sudden jump of ~40% in COGS from FY2016 to FY2017 is unusual for a mature company like Nike.",high,3,10
FB_115_AE55E4C4,FB_115_AE55E4C4_H2,DeepSeek-V3.2,large_number,"32,376","21,769",True,"The numerator (12,199) doesn't match the previously stated FY2016 COGS ($9,070 million). There's an inconsistency in which COGS figure is being used for the calculation.",high,3,10
FB_115_AE55E4C4,FB_115_AE55E4C4_H1,DeepSeek-V3.2,percentage,37.7%,47.3%,True,"The numerator (12,199) doesn't match the previously stated FY2016 COGS ($9,070 million). There's an inconsistency in which COGS figure is being used for the calculation.",high,3,10
FB_116_1C09CCA7,FB_116_1C09CCA7_H3,DeepSeek-V3.2,dollar_amount,"$7,883 million","$5,544 million",False,,,3,6
FB_116_1C09CCA7,FB_116_1C09CCA7_H2,DeepSeek-V3.2,dollar_amount,"$7,477 million","$9,099 million",True,"Implausible jump from $4,680 million in FY2017 to $9,099 million in FY2018, followed by a drop back to $5,544 million in FY2019. Such volatility is highly unusual for current assets in a stable company like Nike.",high,3,6
FB_116_1C09CCA7,FB_116_1C09CCA7_H1,DeepSeek-V3.2,dollar_amount,"$6,704 million","$4,680 million",True,Extremely low compared to subsequent years; inconsistent with Nike's known scale and working capital needs.,medium,3,6
FB_117_C880E731,FB_117_C880E731_H3,DeepSeek-V3.2,dollar_amount,"$5,200 million","$6,037 million",True,"The FY2021 inventory value is inconsistently reported as $5,200 million earlier and suddenly $6,037 million here.",high,2,5
FB_117_C880E731,FB_117_C880E731_H2,DeepSeek-V3.2,dollar_amount,"$4,951.50 million","$6,546.86 million",True,"The FY2021 inventory value is inconsistently reported as $5,200 million earlier and suddenly $6,037 million here.",high,2,5
FB_117_C880E731,FB_117_C880E731_H1,DeepSeek-V3.2,dollar_amount,"$4,951.50 million","$3,274.29 million",True,"The average inventory value used in the calculation ($3,274.29 million) does not match the previously stated average inventory for FY2021 ($6,546.86 million).",high,2,5
FB_118_8B6021A4,FB_118_8B6021A4_H3,DeepSeek-V3.2,large_number,"1,112",739,False,,,3,9
FB_118_8B6021A4,FB_118_8B6021A4_H2,DeepSeek-V3.2,dollar_amount,"$5,752 million","$7,663 million",False,,,3,9
FB_118_8B6021A4,FB_118_8B6021A4_H1,DeepSeek-V3.2,dollar_amount,"$5,066 million","$4,216 million",True,"Inconsistent with the summary statement later claiming $4,216 million from operating activities for FY2023. Both cannot be correct.",high,3,9
FB_119_3CD84B18,FB_119_3CD84B18_H3,DeepSeek-V3.2,dollar_amount,"$18,407 million","$23,876 million",False,,,1,6
FB_119_3CD84B18,FB_119_3CD84B18_H2,DeepSeek-V3.2,dollar_amount,"$10,498 million","$12,740 million",True,"The working capital calculation uses different numbers ($18,407M & $12,740M) than the previously stated current assets ($23,876M) and liabilities ($10,498M). There is an inconsistency in the values used for computation versus the stated values.",high,1,6
FB_119_3CD84B18,FB_119_3CD84B18_H1,DeepSeek-V3.2,dollar_amount,"$10,226 million","$8,689 million",False,,,1,6
FB_120_223C47BE,FB_120_223C47BE_H2,DeepSeek-V3.2,dollar_amount,$4.2 billion,$3.2 billion,False,,,0,3
FB_120_223C47BE,FB_120_223C47BE_H1,DeepSeek-V3.2,dollar_amount,$3.4 billion,$2.5 billion,False,,,0,3
FB_124_C0D9EB5C,FB_124_C0D9EB5C_H3,DeepSeek-V3.2,dollar_amount,"$8,613 million","$6,616 million",True,"This calculation appears incorrect based on other supporting data. If Operating Income were $11,813 million + $1,000 million Depreciation and Amortization, EBITDA should be $12,813 million, but the Operating Income figure seems contradictory.",medium,4,9
FB_124_C0D9EB5C,FB_124_C0D9EB5C_H2,DeepSeek-V3.2,dollar_amount,"$11,813 million","$15,021 million",True,"This figure contradicts the supporting data provided below ($11,813 million for FY2022 Operating Income), which is a clear inconsistency.",high,4,9
FB_124_C0D9EB5C,FB_124_C0D9EB5C_H1,DeepSeek-V3.2,dollar_amount,"$10,200 million","$6,610 million",False,,,4,9
FB_125_E7A2D24B,FB_125_E7A2D24B_H3,DeepSeek-V3.2,percentage,23.9%,18.6%,True,"The EBITDA margin is inconsistent with the supporting data provided. The calculation should be based on the unadjusted EBITDA derived from the operating income and D&A figures, which yields a different margin percentage.",high,3,6
FB_125_E7A2D24B,FB_125_E7A2D24B_H2,DeepSeek-V3.2,dollar_amount,"$13,209 million","$17,408 million",True,"The EBITDA margin is inconsistent with the supporting data provided. The calculation should be based on the unadjusted EBITDA derived from the operating income and D&A figures, which yields a different margin percentage.",high,3,6
FB_125_E7A2D24B,FB_125_E7A2D24B_H1,DeepSeek-V3.2,dollar_amount,"$17,188 million","$22,497 million",True,"The claim text mentions unadjusted operating income of $17,408 million but the calculation uses $13,209 million, which is contradictory.",high,3,6
FB_126_3313FCA9,FB_126_3313FCA9_H3,DeepSeek-V3.2,percentage,35.5%,27.2%,True,"Percentage appears inconsistent with the claimed vote counts (475,408,619 votes in favor out of 1,000,000,000 total should equate to 47.54% in favor, not 27.2%)",high,4,4
FB_126_3313FCA9,FB_126_3313FCA9_H2,DeepSeek-V3.2,large_number,"355,000,000","475,408,619",True,"Highly precise number that doesn't match the overly-round total votes cast, suggesting potential fabrication",medium,4,4
FB_126_3313FCA9,FB_126_3313FCA9_H1,DeepSeek-V3.2,large_number,"645,000,000","748,272,843",True,"When added to votes in favor (475,408,619), this would equal 1,223,681,462 votes, which exceeds the claimed total votes cast of 1,000,000,000",high,4,4
FB_127_E1B380E5,FB_127_E1B380E5_H2,DeepSeek-V3.2,dollar_amount,$1.5 billion,$1.0 billion,True,"Figures are suspiciously round ($1.0 billion, $4.6 billion) without any cents or more precise figures, which is uncommon for financial disclosures of this magnitude.",medium,1,2
FB_127_E1B380E5,FB_127_E1B380E5_H1,DeepSeek-V3.2,dollar_amount,$5.5 billion,$4.6 billion,True,"Figures are suspiciously round ($1.0 billion, $4.6 billion) without any cents or more precise figures, which is uncommon for financial disclosures of this magnitude.",medium,1,2
FB_128_F410AC0E,FB_128_F410AC0E_H3,DeepSeek-V3.2,dollar_amount,"$3,000 million","$4,150 million",True,"The figures $4,150 million and USD 3 billion are not equivalent ($4,150 million is $4.15 billion). This is a clear inconsistency in the reported values.",high,3,3
FB_128_F410AC0E,FB_128_F410AC0E_H2,DeepSeek-V3.2,dollar_amount,"$41,173 million","$27,616 million",True,"The figures $4,150 million and USD 3 billion are not equivalent ($4,150 million is $4.15 billion). This is a clear inconsistency in the reported values.",high,3,3
FB_128_F410AC0E,FB_128_F410AC0E_H1,DeepSeek-V3.2,dollar_amount,"$92,575 million","$107,506 million",True,"The figures $107,506 million and USD 92.575 billion are not equivalent ($107,506 million is $107.506 billion, not $92.575 billion). This is another inconsistency.",high,3,3
FB_129_1F62F697,FB_129_1F62F697_H3,DeepSeek-V3.2,percentage,10%,14.2%,True,"The revenue growth guidance of 14.2% is unusually high for a mature company like PepsiCo, especially when Q1 revenue growth was 10.2%. The EPS growth guidance of 8% also seems inconsistent with the reported 16.3% YoY increase in Q1.",medium,4,4
FB_129_1F62F697,FB_129_1F62F697_H2,DeepSeek-V3.2,percentage,10.3%,16.9%,True,"The net income increase of 16.9% is substantially higher than the revenue growth of 10.2%, which may indicate margin expansion but seems aggressive without additional context.",medium,4,4
FB_129_1F62F697,FB_129_1F62F697_H1,DeepSeek-V3.2,dollar_amount,$1.29 ,$1.00 ,True,"A 50% increase in EPS ($1.00 to $1.50) is reported as a 16.3% increase, which is mathematically incorrect. This inconsistency is highly suspicious.",high,4,4
FB_130_B646D047,FB_130_B646D047_H3,DeepSeek-V3.2,percentage,10%,17.6%,True,"The math is incorrect - an increase from 2.6% to 17.6% is actually a 15 percentage point increase, not 2. This suggests either a typo in the numbers or the percentage point calculation.",high,2,3
FB_130_B646D047,FB_130_B646D047_H2,DeepSeek-V3.2,percentage,8%,2.6%,True,"The math is incorrect - an increase from 2.6% to 17.6% is actually a 15 percentage point increase, not 2. This suggests either a typo in the numbers or the percentage point calculation.",high,2,3
FB_130_B646D047,FB_130_B646D047_H1,DeepSeek-V3.2,percentage,8%,17.0%,True,"Contradicts the earlier claim that guidance was raised (from 2.6% to 17.6%). Also, a guidance reduction from 17% to 10% would be unusually large for a stable company like PepsiCo.",high,2,3
FB_131_3A78CB5F,FB_131_3A78CB5F_H2,DeepSeek-V3.2,dollar_amount,"$12,171 million","$8,948 million",True,"The PPNE value for FY2021 does not match the value used in the percentage change calculation ($12,171 million). This inconsistency suggests a possible transcription error.",high,3,3
FB_131_3A78CB5F,FB_131_3A78CB5F_H1,DeepSeek-V3.2,large_number,"11,396","7,869",True,"The PPNE value for FY2020 does not match the value used in the percentage change calculation ($7,869 million). This inconsistency suggests a possible transcription error.",high,3,3
FB_132_9F7A4F77,FB_132_9F7A4F77_H2,DeepSeek-V3.2,dollar_amount,"$20,028 million","$26,881 million",False,,,2,6
FB_132_9F7A4F77,FB_132_9F7A4F77_H1,DeepSeek-V3.2,dollar_amount,"$2,200 million","$1,431 million",False,,,2,6
FB_133_F4882588,FB_133_F4882588_H3,DeepSeek-V3.2,dollar_amount,"$11,400 million","$14,483 million",True,"The acquisition amount for Array BioPharma Inc. is suspiciously precise (to the million) for such a large transaction, which is unusual for acquisition figures typically rounded to the nearest hundred million or billion.",medium,2,5
FB_133_F4882588,FB_133_F4882588_H2,DeepSeek-V3.2,dollar_amount,"$2,000 million","$2,747 million",False,,,2,5
FB_133_F4882588,FB_133_F4882588_H1,DeepSeek-V3.2,dollar_amount,"$1,000 million","$1,317 million",False,,,2,5
FB_134_8EAD738D,FB_134_8EAD738D_H1,DeepSeek-V3.2,dollar_amount,"$1,200 million","$1,654 million",True,"The figure is suspiciously precise for an estimated future cost, lacking round numbers typically seen in forward-looking statements.",medium,1,1
FB_135_DFC4B0A4,FB_135_DFC4B0A4_H3,DeepSeek-V3.2,dollar_amount,"$3,174 million","$2,548 million",True,"Calculation discrepancy - $2,548M vs $4,213M is a 39.5% decline, not 24.7%",high,3,5
FB_135_DFC4B0A4,FB_135_DFC4B0A4_H2,DeepSeek-V3.2,dollar_amount,"$12,427 million","$16,404 million",True,"Mathematical impossibility - $16,404M represents 26.7% growth over $12,948M, not 0% decline",high,3,5
FB_135_DFC4B0A4,FB_135_DFC4B0A4_H1,DeepSeek-V3.2,percentage,4.0%,0.0%,True,"Mathematical impossibility - $16,404M represents 26.7% growth over $12,948M, not 0% decline",high,3,5
FB_137_A71B03EF,FB_137_A71B03EF_H2,DeepSeek-V3.2,dollar_amount,"$1,000 million",$751 million,True,"Inconsistent with the supporting data below which states $1,000 million for 2031 notes, suggesting a possible typo or transcription error",high,3,6
FB_137_A71B03EF,FB_137_A71B03EF_H1,DeepSeek-V3.2,dollar_amount,"$1,500 million",$931 million,False,,,3,6
FB_138_1767BBA1,FB_138_1767BBA1_H3,DeepSeek-V3.2,dollar_amount,"$3,900.5 million","$5,245.6 million",False,,,3,6
FB_138_1767BBA1,FB_138_1767BBA1_H2,DeepSeek-V3.2,dollar_amount,"$3,200.2 million","$2,212.1 million",False,,,3,6
FB_138_1767BBA1,FB_138_1767BBA1_H1,DeepSeek-V3.2,dollar_amount,"$3,500.0 million","$2,497.7 million",True,"Assets grew by 13% year-over-year while revenue allegedly declined by 20%, creating an unusual divergence between asset growth and revenue performance.",medium,3,6
FB_139_4FC46F83,FB_139_4FC46F83_H3,DeepSeek-V3.2,dollar_amount,"$2,800.0 million","$1,698.3 million",True,"Calculated SG&A percentage does not align with provided figures ($1,186.5M / $1,698.3M ≈ 69.86%, which is significantly higher than the claimed 31.4%. This suggests either a typo in the figures or a miscalculation.",high,3,3
FB_139_4FC46F83,FB_139_4FC46F83_H2,DeepSeek-V3.2,percentage,42.4%,31.4%,True,"Calculated SG&A percentage does not align with provided figures ($1,255.4M / $3,075.4M ≈ 40.82%, which rounds to 40.8%, so this appears correct. However, FY2022 and FY2021 calculations seem incorrect based on the provided figures.",low,3,3
FB_139_4FC46F83,FB_139_4FC46F83_H1,DeepSeek-V3.2,percentage,50.1%,43.9%,True,"Calculated SG&A percentage does not align with provided figures ($1,063.0M / $2,120.0M ≈ 50.14%, which is higher than the claimed 43.9%. This suggests either a typo in the figures or a miscalculation.",high,3,3
FB_140_E38BA3D2,FB_140_E38BA3D2_H3,DeepSeek-V3.2,dollar_amount,"$1,211.8 million",$952.0 million,True,"This figure is inconsistent with the historical trend (decreasing from $1,266.6M to $1,066.3M), yet FY2023 shows an unexpected drop to $952.0M despite reported revenue growth. Such a steep decline with increasing revenue seems unlikely without explicit explanation.",high,3,5
FB_140_E38BA3D2,FB_140_E38BA3D2_H2,DeepSeek-V3.2,dollar_amount,"$1,050.5 million","$1,266.6 million",False,,,3,5
FB_140_E38BA3D2,FB_140_E38BA3D2_H1,DeepSeek-V3.2,dollar_amount,"$1,646.5 million","$1,112.3 million",True,"COGS for FY2022 ($1,112.3M) is lower than FY2021 ($1,186.0M) despite higher revenue ($2,908.4M vs $2,100.0M), which contradicts typical retail economics where higher revenue usually correlates with higher COGS. The FY2023 COGS ($1,919.5M) also seems disproportionately high relative to revenue.",high,3,5
FB_141_339C8E4B,FB_141_339C8E4B_H3,DeepSeek-V3.2,dollar_amount,$250 million,$298 million,True,Inconsistent with the subsequent calculation which uses $250 million for Q4 FY 2023 repurchase expenditure. This discrepancy suggests potential fabrication or error.,high,3,8
FB_141_339C8E4B,FB_141_339C8E4B_H2,DeepSeek-V3.2,dollar_amount,"$1,500 million","$1,001 million",False,,,3,8
FB_141_339C8E4B,FB_141_339C8E4B_H1,DeepSeek-V3.2,percentage,25%,18.1%,True,"This percentage does not match the prior arithmetic result of 25% derived from the incorrect figure of $250 million. The proper calculation using $298 million would yield 29.8%, indicating multiple arithmetic inconsistencies.",high,3,8
FB_142_54C31BE1,FB_142_54C31BE1_H2,DeepSeek-V3.2,dollar_amount,"$1,083.5 million",$830.6 million,False,,,1,3
FB_142_54C31BE1,FB_142_54C31BE1_H1,DeepSeek-V3.2,dollar_amount,"$3,829.0 million","$4,411.0 million",True,"The calculation uses $1,083.5 million for wages expense when earlier it was stated as $830.6 million, and $4,411.0 million for net sales when earlier it was stated as $3,829.0 million. This inconsistency in figures suggests potential fabrication or error.",high,1,3
FB_143_A0EA48F4,FB_143_A0EA48F4_H3,DeepSeek-V3.2,dollar_amount,"$12,000 million","$15,974 million",True,"The notional value of $15,974 million for interest rate swaps in FY 2021 contradicts the supporting data provided, which lists it as $12,000 million for the same period. This inconsistency makes the $15,974 million figure suspicious.",high,1,5
FB_143_A0EA48F4,FB_143_A0EA48F4_H2,DeepSeek-V3.2,dollar_amount,"$1,500 million","$1,034 million",False,,,1,5
FB_143_A0EA48F4,FB_143_A0EA48F4_H1,DeepSeek-V3.2,dollar_amount,"$11,000 million","$8,922 million",False,,,1,5
FB_144_BD395CC4,FB_144_BD395CC4_H2,DeepSeek-V3.2,dollar_amount,"$3,800 million","$2,611 million",True,"The projected obligation for 2024 is significantly lower than the 2020 and 2019 figures ($4,598M and $3,400M respectively), which is unusual without explanation for a large reduction in retiree benefits.",medium,2,3
FB_144_BD395CC4,FB_144_BD395CC4_H1,DeepSeek-V3.2,dollar_amount,"$3,600 million","$4,598 million",True,"This figure is higher than both 2019 and the projection for 2024, which could indicate a spike followed by a sharp decline. Such volatility in retiree benefit obligations is uncommon without structural changes or divestitures.",medium,2,3
FB_145_F02E8ED1,FB_145_F02E8ED1_H2,DeepSeek-V3.2,dollar_amount,"$27,241 million","$37,936 million",False,,,0,7
FB_145_F02E8ED1,FB_145_F02E8ED1_H1,DeepSeek-V3.2,dollar_amount,"$12,066 million","$7,911 million",False,,,0,7
FB_146_6EE83766,FB_146_6EE83766_H3,DeepSeek-V3.2,dollar_amount,"$202,000 million","$127,741 million",False,,,0,4
FB_146_6EE83766,FB_146_6EE83766_H2,DeepSeek-V3.2,dollar_amount,"$19,000 million","$15,877 million",False,,,0,4
FB_146_6EE83766,FB_146_6EE83766_H1,DeepSeek-V3.2,dollar_amount,"$18,000 million","$12,860 million",False,,,0,4
FB_147_D81E1F94,FB_147_D81E1F94_H3,DeepSeek-V3.2,dollar_amount,"$164,000 million","$214,715 million",False,,,3,6
FB_147_D81E1F94,FB_147_D81E1F94_H2,DeepSeek-V3.2,dollar_amount,"$159,000 million","$212,971 million",False,,,3,6
FB_147_D81E1F94,FB_147_D81E1F94_H1,DeepSeek-V3.2,dollar_amount,"$75,000 million","$50,809 million",False,,,3,6
FB_148_2F878B14,FB_148_2F878B14_H2,DeepSeek-V3.2,dollar_amount,"$1,402 million",$883 million,True,"Incorrect calculation: $44,559 - $43,157 = $1,402, but used $883 million incorrectly in the next step",high,3,7
FB_148_2F878B14,FB_148_2F878B14_H1,DeepSeek-V3.2,large_number,049308,32542,False,,,3,7
FB_149_247B6607,FB_149_247B6607_H2,DeepSeek-V3.2,dollar_amount,"$24,202 million","$30,045 million",True,"Contradicts the $24,202M used in the margin calculation. One of these figures must be wrong.",high,3,6
FB_149_247B6607,FB_149_247B6607_H1,DeepSeek-V3.2,percentage,4.7%,16.1%,True,"The calculation is incorrect. ($24,202M / $514,405M) * 100 ≈ 4.7%, not 16.1%. The jump from 4.6% to 16.1% is implausible for a stable retailer like Walmart.",high,3,6
FB_150_3E3CE551,FB_150_3E3CE551_H2,DeepSeek-V3.2,dollar_amount,"$22,165 million","$14,431 million",True,"The FY2018 EBITDA calculation is inconsistent with the EBITDA margin calculation provided later, which uses $14,431 million instead of $22,165 million. This is internally inconsistent.",high,3,12
FB_150_3E3CE551,FB_150_3E3CE551_H1,DeepSeek-V3.2,dollar_amount,"$514,405 million","$347,115 million",True,"The total revenue for FY2019 is inconsistent with the FY2019 revenue claimed earlier ($514,405 million vs. $347,115 million). This is likely a typo or error.",high,3,12
FB_001_F18BFC11,FB_001_F18BFC11_H2,Qwen3.5-397B,dollar_amount,"$1,449 million","$1,677 million",True,"Based on general financial knowledge of 3M's historical filings, the Capital Expenditures reported in the FY2018 10-K Consolidated Statements of Cash Flows are widely cited as approximately $1,577 million. The claimed figure of $1,430 million represents a significant deviation (~10% variance) from the standard reported figure, suggesting potential hallucination or confusion with a different metric.",high,1,3
FB_001_F18BFC11,FB_001_F18BFC11_H1,Qwen3.5-397B,dollar_amount,"$1,487 million","$1,967 million",True,"Based on general financial knowledge of 3M's historical filings, the Capital Expenditures reported in the FY2018 10-K Consolidated Statements of Cash Flows are widely cited as approximately $1,577 million. The claimed figure of $1,430 million represents a significant deviation (~10% variance) from the standard reported figure, suggesting potential hallucination or confusion with a different metric.",high,1,3
FB_002_42BE1D74,FB_002_42BE1D74_H2,Qwen3.5-397B,dollar_amount,$18.2 billion,$14.3 billion,True,"This figure implies a significant deviation from typical asset bases for 3M relative to revenue (~$32B in 2018). Combined with the prior year's spike, it suggests volatile fixed asset turnover inconsistent with a mature industrial conglomerate.",medium,6,6
FB_002_42BE1D74,FB_002_42BE1D74_H1,Qwen3.5-397B,dollar_amount,$17.8 billion,$10.9 billion,True,"A year-over-year increase from $10.9B (2016) to $18.0B (2017) represents a ~65% growth in net fixed assets. This is highly unusual for 3M without a major disclosed acquisition, as organic capex rarely drives such massive balance sheet expansion in a single year.",high,6,6
FB_003_959AE4F2,FB_003_959AE4F2_H3,Qwen3.5-397B,dollar_amount,"$45,517 million","$59,768 million",True,"A 29% increase in total assets concurrent with a claimed 35% collapse in revenue presents an internal inconsistency. Asset growth of this magnitude typically correlates with revenue expansion or major acquisitions, not contraction.",medium,3,9
FB_003_959AE4F2,FB_003_959AE4F2_H2,Qwen3.5-397B,dollar_amount,"$1,451 million","$1,858 million",False,,,3,9
FB_003_959AE4F2,FB_003_959AE4F2_H1,Qwen3.5-397B,dollar_amount,"$35,436 million","$29,761 million",True,"This figure represents a significant drop from the reported 2020 revenue of $32,182 million within the same dataset. 3M historically maintained revenues above $30 billion prior to 2022, making this figure suspiciously low and inconsistent with the company's scale.",medium,3,9
FB_004_FF1B8BC2,FB_004_FF1B8BC2_H3,Qwen3.5-397B,dollar_amount,"$6,081 million","$7,927 million",True,"Mathematical error: $7,927 million divided by $36,693 million equals approximately 21.6%, not 16.5%. Additionally, these figures contradict the Supporting Data section for the same year.",high,5,11
FB_004_FF1B8BC2,FB_004_FF1B8BC2_H2,Qwen3.5-397B,dollar_amount,"$36,693 million","$46,995 million",True,"Internal inconsistency: Contradicts the Total Revenue of $36,693 million cited in the Primary Metric section for the same period. Also appears inflated compared to typical 3M revenue scales (~$34B).",high,5,11
FB_004_FF1B8BC2,FB_004_FF1B8BC2_H1,Qwen3.5-397B,dollar_amount,"$36,086 million","$44,964 million",True,"Internal inconsistency: Contradicts the Total Revenue of $36,693 million cited in the Primary Metric section for the same period. Also appears inflated compared to typical 3M revenue scales (~$34B).",high,5,11
FB_005_FE85BE68,FB_005_FE85BE68_H2,Qwen3.5-397B,dollar_amount,"$12,421 million","$8,236 million",False,,,3,10
FB_005_FE85BE68,FB_005_FE85BE68_H1,Qwen3.5-397B,dollar_amount,"$8,052 million","$6,023 million",True,"Plausibility concern: Historically, the Health Care segment has represented a larger portion of 3M's portfolio (often closer to 25% of total revenue). A figure of $6 billion on a $35 billion total (~17%) seems low relative to general knowledge of 3M's segment mix prior to the spinoff discussions.",medium,3,10
FB_006_A4622E06,FB_006_A4622E06_H2,Qwen3.5-397B,dollar_amount,"$8,492 million","$5,902 million",True,"Mathematically impossible relative to provided components: The sum of listed Current Asset components (Cash $1,032m + Accounts Receivable $5,576m + Inventories $3,147m) equals $9,755 million, which exceeds the reported Total Current Assets of $5,902 million. Components cannot exceed the total.",high,4,6
FB_006_A4622E06,FB_006_A4622E06_H1,Qwen3.5-397B,dollar_amount,"$4,313 million","$5,576 million",True,"Suspicious in context: When combined with reported Cash and Inventories, this figure contributes to a sum ($9,755 million) that exceeds the reported Total Current Assets ($5,902 million), indicating at least one of these component figures is hallucinated or inaccurate.",medium,4,6
FB_007_31B558AC,FB_007_31B558AC_H3,Qwen3.5-397B,dollar_amount,$750 million,$1009 million,True,"Internal inconsistency: The specific security list claims $1,009 million for 2025 notes, while the maturity schedule section claims $750 million for the same year.",high,4,23
FB_007_31B558AC,FB_007_31B558AC_H2,Qwen3.5-397B,percentage,3.750%,0.010%,True,"A coupon rate of 1 basis point is highly anomalous for a major industrial issuer like 3M. While near-zero debt existed during the 2020 liquidity crunch, this specific figure is likely a hallucination confusing par value or a specific banking facility with a public bond note.",high,4,23
FB_007_31B558AC,FB_007_31B558AC_H1,Qwen3.5-397B,percentage,4.250%,8.500%,True,"3M is an investment-grade issuer with a much lower cost of debt. An 8.5% coupon for a 2032 maturity is inconsistent with the company's credit profile and recent issuance history, suggesting fabrication.",high,4,23
FB_008_77FDE37A,FB_008_77FDE37A_H3,Qwen3.5-397B,dollar_amount,$1.49 ,$1.08 ,True,Contradicts major financial news: 3M announced a significant dividend cut in early 2023 to $1.01 per quarter. The $1.08 figure appears to be an inaccurate approximation or hallucination of this event.,medium,4,9
FB_008_77FDE37A,FB_008_77FDE37A_H2,Qwen3.5-397B,dollar_amount,$1.49 ,$1.90 ,True,"Internal inconsistency: A $1.90 quarterly dividend implies an annualized rate of $7.60, which directly contradicts the reported FY 2022 total of $5.92 (approx. $1.48/quarter). Additionally, this figure is significantly higher than 3M's historical quarterly rate of ~$1.49 during this period.",high,4,9
FB_008_77FDE37A,FB_008_77FDE37A_H1,Qwen3.5-397B,dollar_amount,$5.76 ,$7.92 ,True,"Contradicts general financial knowledge: 3M is a known 'Dividend King' that increased dividends annually until 2023. This figure implies a massive ~25% dividend cut in 2021 ($7.92 to $5.88), which did not occur. Historical annual dividends were approximately $5.80 in 2020.",high,4,9
FB_009_ABDB2F6B,FB_009_ABDB2F6B_H2,Qwen3.5-397B,dollar_amount,"$1,025 million","$1,274 million",True,"Internal inconsistency and arithmetic error. The supporting data previously stated 2018 PP&E was $1,025 million, but this calculation uses $1,274 million. Furthermore, the arithmetic is incorrect: ($1,049 + $1,274) / 2 equals $1,161.5 million, not $1,037 million.",high,3,5
FB_009_ABDB2F6B,FB_009_ABDB2F6B_H1,Qwen3.5-397B,dollar_amount,"$1,037 million","$1,435 million",True,"Internal inconsistency and arithmetic error. The denominator ($1,435 million) differs from the previously calculated Average PP&E ($1,037 million) without explanation. Additionally, the math is wrong: $6,489 / $1,435 equals approximately 4.52, not 6.26. The result 6.26 only matches if dividing by $1,037 million.",high,3,5
FB_010_CBE1B721,FB_010_CBE1B721_H2,Qwen3.5-397B,percentage,3.3%,14.3%,True,"Mathematical error. The calculation 244 divided by 7,500 equals approximately 3.25% (rounded to 3.3%), not 14.3%. This suggests a hallucination or severe calculation failure.",high,2,11
FB_010_CBE1B721,FB_010_CBE1B721_H1,Qwen3.5-397B,percentage,5.1%,16.3%,True,"Internal inconsistency and arithmetic error. First, the input percentages (3.3%, 16.3%) contradict the supporting data section which listed FY2018 as 14.3% and FY2019 as 5.1%. Second, the arithmetic is incorrect: (2.9 + 3.3 + 16.3) / 3 equals 7.5%, not 3.8%. The final result appears coincidentally correct based on the raw data (2.9%, 3.3%, 5.1%) but the stated reasoning is fabricated.",high,2,11
FB_011_F50BA584,FB_011_F50BA584_H2,Qwen3.5-397B,dollar_amount,"$1,626 million","$1,051 million",True,"Internal inconsistency: The output later states the ratio is calculated using $1,626 million for Cash from Operations. These two figures for the same metric in the same fiscal year contradict each other within the same response.",high,4,9
FB_011_F50BA584,FB_011_F50BA584_H1,Qwen3.5-397B,dollar_amount,"$1,660 million","$1,034 million",True,"Internal inconsistency: The output later states the ratio is calculated using $1,626 million for Cash from Operations. These two figures for the same metric in the same fiscal year contradict each other within the same response.",high,4,9
FB_012_41487F3A,FB_012_41487F3A_H2,Qwen3.5-397B,dollar_amount,"$2,825 million","$2,035 million",True,"Internal inconsistency: The calculation section uses $2,825 million for FY2016 operating income instead of $2,035 million. Additionally, if $2,035 million is correct, the change from $2,329 million (FY2015) should be negative, not positive.",high,3,5
FB_012_41487F3A,FB_012_41487F3A_H1,Qwen3.5-397B,percentage,21.3%,32.8%,True,"Arithmetic hallucination: The formula provided actually equals approximately 21.3%, not 32.8%. This indicates a failure in basic mathematical reasoning.",high,3,5
FB_013_E5C83D85,FB_013_E5C83D85_H2,Qwen3.5-397B,dollar_amount,"$2,927 million","$2,397 million",True,"Inconsistent with growth trajectory; implies a significant drop from FY2015 followed by only partial recovery in FY2017, contradicting Adobe's consistent performance growth during this period.",high,5,8
FB_013_E5C83D85,FB_013_E5C83D85_H1,Qwen3.5-397B,dollar_amount,"$2,628 million","$3,504 million",True,Claiming FY2015 operating cash flow was higher than FY2017 is highly suspicious for a company in a high-growth phase; suggests hallucinated historical data points.,high,5,8
FB_014_3C2ED91D,FB_014_3C2ED91D_H2,Qwen3.5-397B,percentage,32.9%,38.5%,True,"Mathematically inconsistent with the provided Supporting Data. Dividing the stated FY2022 Operating Income ($4,381 million) by Total Revenue ($17,610 million) yields approximately 24.9%, not 38.5%.",high,3,9
FB_014_3C2ED91D,FB_014_3C2ED91D_H1,Qwen3.5-397B,dollar_amount,"$5,786 million","$4,381 million",True,"This figure is inconsistent with the claimed operating margins (38.5% or 32.9% would require income of ~$6.7B or ~$5.8B respectively). Additionally, it shows a year-over-year decrease from FY2021 ($4,883 million) despite revenue growth, contradicting the report's conclusion of an improving margin profile.",high,3,9
FB_015_5E139DB3,FB_015_5E139DB3_H2,Qwen3.5-397B,dollar_amount,"$4,895 million","$3,695 million",True,"This figure contradicts the Supporting Data section which lists FY2022 Free Cash Flow as $3,695 million. This internal inconsistency suggests a hallucination or calculation error within the report.",high,4,10
FB_015_5E139DB3,FB_015_5E139DB3_H1,Qwen3.5-397B,dollar_amount,"$3,396 million","$4,076 million",False,,,4,10
FB_017_4ABE7642,FB_017_4ABE7642_H3,Qwen3.5-397B,dollar_amount,"$8,814 million","$11,608 million",True,"Internal inconsistency: The calculation section later uses $11,413 million for FY2022 COGS without explanation. Two different figures for the same metric undermine data integrity.",high,4,6
FB_017_4ABE7642,FB_017_4ABE7642_H2,Qwen3.5-397B,dollar_amount,"$8,187 million","$5,621 million",False,,,4,6
FB_017_4ABE7642,FB_017_4ABE7642_H1,Qwen3.5-397B,dollar_amount,"$8,814 million","$11,413 million",True,"Internal inconsistency: The calculation section later uses $11,413 million for FY2022 COGS without explanation. Two different figures for the same metric undermine data integrity.",high,4,6
FB_018_6E9F56BB,FB_018_6E9F56BB_H2,Qwen3.5-397B,dollar_amount,"$38,425 million","$27,446 million",True,"Internal inconsistency: The 2021 Total Assets value is stated as $38,425 million in the bullet points but changes to $27,446 million in the calculation formula without explanation.",high,4,11
FB_018_6E9F56BB,FB_018_6E9F56BB_H1,Qwen3.5-397B,dollar_amount,"$39,339 million","$29,233 million",True,"Mathematical error: The average of $40,253 million and $27,446 million is $33,849.5 million, not $29,233 million.",high,4,11
FB_019_A187C1CC,FB_019_A187C1CC_H2,Qwen3.5-397B,dollar_amount,"$17,202 million","$14,425 million",True,"Internal inconsistency: The subsequent calculation for Change in Inventory uses $17,202 million as the FY2017 figure ($17,202 - $13,224 = $3,978), directly contradicting the stated $14,425 million within the same report.",high,4,8
FB_019_A187C1CC,FB_019_A187C1CC_H1,Qwen3.5-397B,dollar_amount,"$16,632 million","$10,104 million",True,"Internal inconsistency: This figure conflicts with the previously stated FY2017 Inventory of $14,425 million. Additionally, based on general financial knowledge, Amazon's FY2017 inventory was approximately $16.05 billion, making both the $14.4B and $17.2B figures suspicious.",high,4,8
FB_020_C68C8862,FB_020_C68C8862_H2,Qwen3.5-397B,dollar_amount,"$136,004 million","$179,626 million",True,"Contradicts the Supporting Data section within the same report ($136,004 million) and general financial knowledge (Amazon FY2016 revenue was approximately $136 billion). Additionally, this figure exceeds the reported FY2017 revenue ($177,866 million), implying a revenue decline inconsistent with the calculated positive growth.",high,3,6
FB_020_C68C8862,FB_020_C68C8862_H1,Qwen3.5-397B,percentage,30.8%,26.6%,True,"Mathematical error. The provided formula calculates to approximately 30.8% ((177,866 - 136,004) / 136,004 = 0.3077), not 26.6%. This contradicts the Supporting Data section which correctly states 30.8%.",high,3,6
FB_021_8ECDBFF6,FB_021_8ECDBFF6_H2,Qwen3.5-397B,dollar_amount,"$11,588 million","$14,743 million",True,"Amazon's reported GAAP net income for FY2019 is widely recorded as approximately $11,588 million. The figure $14,743 million is suspiciously close to the FY2019 Operating Income ($14,541 million), suggesting a potential confusion between net income and operating income.",high,2,3
FB_021_8ECDBFF6,FB_021_8ECDBFF6_H1,Qwen3.5-397B,dollar_amount,"$3,033 million","$2,112 million",True,"Amazon's reported GAAP net income for FY2017 is widely recorded as approximately $3,033 million. The claimed figure is roughly 30% lower than established historical data, indicating a likely inaccuracy.",high,2,3
FB_022_466C1ED8,FB_022_466C1ED8_H2,Qwen3.5-397B,dollar_amount,"$1,205 million",$947 million,True,"Amcor completed the acquisition of Bemis in June 2019. FY2020 represents the first full year of the combined entity, which significantly increased revenue scale. A decrease in AR from $1,235 million (FY2018) to $947 million (FY2020) contradicts the expected consolidation impact of a major acquisition unless accompanied by massive divestitures or policy changes not mentioned.",medium,4,9
FB_022_466C1ED8,FB_022_466C1ED8_H1,Qwen3.5-397B,dollar_amount,"$1,063 million","$1,235 million",False,,,4,9
FB_024_214CEB4C,FB_024_214CEB4C_H3,Qwen3.5-397B,dollar_amount,"$2,843 million","$2,085 million",True,"Internal inconsistency: The calculation description and Supporting Data section list FY2022 Current Liabilities as $2,843 million.",high,6,18
FB_024_214CEB4C,FB_024_214CEB4C_H2,Qwen3.5-397B,dollar_amount,"$4,196 million","$2,926 million",True,"Internal inconsistency: The Supporting Data section lists FY2023 Current Assets as $2,926 million, a significant discrepancy within the same report.",high,6,18
FB_024_214CEB4C,FB_024_214CEB4C_H1,Qwen3.5-397B,dollar_amount,"$1,058 million",$891 million,True,Internal inconsistency: The Supporting Data section lists FY2022 Inventories as $891 million.,high,6,18
FB_025_E70F40EB,FB_025_E70F40EB_H3,Qwen3.5-397B,large_number,"1,200","1,669",False,,,6,15
FB_025_E70F40EB,FB_025_E70F40EB_H2,Qwen3.5-397B,large_number,"13,500","17,880",True,"This figure represents a ~40% increase from FY2021 and a ~22% decrease to FY2023. Such volatility is highly unusual for a stable industrial packaging company without major divestitures, suggesting hallucination.",high,6,15
FB_025_E70F40EB,FB_025_E70F40EB_H1,Qwen3.5-397B,large_number,"1,100",897,False,,,6,15
FB_027_9BE33B25,FB_027_9BE33B25_H3,Qwen3.5-397B,percentage,20.5%,12.6%,True,Internal contradiction. The report cites two different gross margin percentages for the same fiscal year (FY2023) in different sections without explanation.,high,5,10
FB_027_9BE33B25,FB_027_9BE33B25_H2,Qwen3.5-397B,dollar_amount,"$10,000 million","$8,437 million",True,"Mathematical inconsistency. Based on the provided Revenue and COGS ($12,500m - $8,437m = $4,063m), the gross margin should be approximately 32.5%, not 20.0%.",high,5,10
FB_027_9BE33B25,FB_027_9BE33B25_H1,Qwen3.5-397B,percentage,20.5%,9.4%,True,Internal contradiction. The report cites two different gross margin percentages for the same fiscal year (FY2023) in different sections without explanation.,high,5,10
FB_028_C84B8000,FB_028_C84B8000_H2,Qwen3.5-397B,dollar_amount,$45 million,$38 million,True,"This figure is derived from the same erroneous reporting framework (10-Q) identified above. Additionally, an exact year-over-year match ($38m to $38m) is statistically unusual without specific context, raising suspicion of fabrication.",medium,4,4
FB_028_C84B8000,FB_028_C84B8000_H1,Qwen3.5-397B,dollar_amount,$50 million,$38 million,True,"This figure is derived from the same erroneous reporting framework (10-Q) identified above. Additionally, an exact year-over-year match ($38m to $38m) is statistically unusual without specific context, raising suspicion of fabrication.",medium,4,4
FB_029_CA5B2B49,FB_029_CA5B2B49_H2,Qwen3.5-397B,dollar_amount,"$2,200 million","$2,622 million",True,Non-GAAP financial measures (like Adjusted EBITDA) are never reported within the GAAP Consolidated Statements of Operations. They are found in supplemental schedules or press releases. This indicates a fundamental hallucination of financial statement structure.,high,5,6
FB_029_CA5B2B49,FB_029_CA5B2B49_H1,Qwen3.5-397B,dollar_amount,"$2,000 million","$1,517 million",True,"This figure is suspiciously round compared to the precise figures reported for FY2021 ($1,517 million) and FY2023 ($2,622 million). Financial filings rarely present exact hundred-million round numbers for non-GAAP metrics alongside precise figures.",medium,5,6
FB_030_DF79B84F,FB_030_DF79B84F_H2,Qwen3.5-397B,dollar_amount,"$14,000 million","$16,612 million",True,"Direct internal contradiction with Supporting Data section which lists FY23 as $14,000 million and FY22 as $13,500 million. Additionally, an increase from $8.9B to $16.6B (approx 85% growth) is implausible for a mature packaging company like Amcor without major M&A disclosure.",high,5,5
FB_030_DF79B84F,FB_030_DF79B84F_H1,Qwen3.5-397B,dollar_amount,"$13,500 million","$8,955 million",True,"Direct internal contradiction with Supporting Data section which lists FY23 as $14,000 million and FY22 as $13,500 million. Additionally, an increase from $8.9B to $16.6B (approx 85% growth) is implausible for a mature packaging company like Amcor without major M&A disclosure.",high,5,5
FB_031_E5667B37,FB_031_E5667B37_H3,Qwen3.5-397B,dollar_amount,"$1,165 million",$762 million,True,"Internal mathematical inconsistency. Dividing the provided D&A ($762 million) by the provided Revenue ($7,678 million) yields approximately 9.9%, not 29.4%. The margin figure appears hallucinated to match the FY2015 margin.",high,4,9
FB_031_E5667B37,FB_031_E5667B37_H2,Qwen3.5-397B,dollar_amount,"$5,506 million","$7,678 million",True,"Internal mathematical inconsistency. Dividing the provided D&A ($762 million) by the provided Revenue ($7,678 million) yields approximately 9.9%, not 29.4%. The margin figure appears hallucinated to match the FY2015 margin.",high,4,9
FB_031_E5667B37,FB_031_E5667B37_H1,Qwen3.5-397B,percentage,21.2%,29.4%,True,"Internal mathematical inconsistency. Dividing the provided D&A ($762 million) by the provided Revenue ($7,678 million) yields approximately 9.9%, not 29.4%. The margin figure appears hallucinated to match the FY2015 margin.",high,4,9
FB_032_D18D6021,FB_032_D18D6021_H2,Qwen3.5-397B,dollar_amount,"$1,202 million","$1,474 million",True,"Directly contradicted by the calculation line later in the text which uses $1,474 million for inventory.",high,6,7
FB_032_D18D6021,FB_032_D18D6021_H1,Qwen3.5-397B,dollar_amount,"$4,973 million","$6,844 million",True,"Directly contradicted by the calculation line later in the text which uses $6,844 million for current liabilities.",high,6,7
FB_033_EE9D3CFB,FB_033_EE9D3CFB_H3,Qwen3.5-397B,dollar_amount,"$10,800 million","$8,249 million",True,"Internal inconsistency: The sum of the reported segments ($8,249M + $5,600M = $13,849M) does not equal the reported total revenue ($16,400M). There is an unaccounted discrepancy of approximately $2.55 billion.",high,5,11
FB_033_EE9D3CFB,FB_033_EE9D3CFB_H2,Qwen3.5-397B,dollar_amount,"$9,763 million","$6,395 million",True,"Internal inconsistency: The sum of the reported segments ($6,000M + $4,399M = $10,399M) significantly exceeds the reported total revenue ($6,395M). Additionally, the total revenue figure of $6.4B is suspiciously low for FY2020 given general knowledge of AMD's ~$9.7B revenue that year.",high,5,11
FB_033_EE9D3CFB,FB_033_EE9D3CFB_H1,Qwen3.5-397B,dollar_amount,"$3,763 million","$4,399 million",True,"Internal inconsistency: The sum of the reported segments ($6,000M + $4,399M = $10,399M) significantly exceeds the reported total revenue ($6,395M). Additionally, the total revenue figure of $6.4B is suspiciously low for FY2020 given general knowledge of AMD's ~$9.7B revenue that year.",high,5,11
FB_034_BDBAA961,FB_034_BDBAA961_H3,Qwen3.5-397B,dollar_amount,"$16,420 million","$22,281 million",True,"Internal inconsistency: The same document later uses $16,420 million and $10,590 million as the FY2021 revenue base in growth calculations. Additionally, $22.28B is significantly higher than the actual reported FY2021 revenue (~$16.4B), suggesting hallucination.",high,4,9
FB_034_BDBAA961,FB_034_BDBAA961_H2,Qwen3.5-397B,percentage,43.8%,33.9%,True,"Mathematical error: $7,180 million growth on a $16,420 million base equals approximately 43.7%, not 33.9%. The percentage does not match the provided dollar figures.",high,4,9
FB_034_BDBAA961,FB_034_BDBAA961_H1,Qwen3.5-397B,dollar_amount,"$16,420 million","$10,590 million",True,"Basic arithmetic failure: $10,590 million minus $9,763 million equals $827 million, not $6,657 million. This indicates severe calculation hallucination.",high,4,9
FB_035_15E1E864,FB_035_15E1E864_H3,Qwen3.5-397B,percentage,14.0%,6.4%,True,"Internal mathematical inconsistency: 1,825 divided by 13,031 equals approximately 14.0%, not 6.4%. Additionally, FY2022 revenue is widely known to be significantly higher (~$23.6B) due to the Xilinx acquisition closing in early 2022, making $13B implausible.",high,3,3
FB_035_15E1E864,FB_035_15E1E864_H2,Qwen3.5-397B,large_number,"1,832","2,445",True,"Internal mathematical inconsistency: 2,445 divided by 10,965 equals approximately 22.3%, not 17.0%. The revenue figure also contradicts general knowledge of AMD's growth trajectory leading up to the Xilinx deal.",high,3,3
FB_035_15E1E864,FB_035_15E1E864_H1,Qwen3.5-397B,large_number,"9,763","12,160",True,"Internal mathematical inconsistency: 974 divided by 12,160 equals approximately 8.0%, not 9.0%. The revenue figure ($12.16B) is historically inaccurate for AMD in 2020 (actual was ~$9.7B), and the trend shows a revenue decline from 2020 to 2021 which contradicts AMD's known growth period.",high,3,3
FB_036_47FD0B96,FB_036_47FD0B96_H2,Qwen3.5-397B,large_number,"1,028",802,True,"To fund the Xilinx acquisition, AMD issued significant debt and equity. Financing activities should reflect a substantial net cash inflow from these proceeds, rather than a net outflow similar to the prior year.",high,3,6
FB_036_47FD0B96,FB_036_47FD0B96_H1,Qwen3.5-397B,large_number,"1,525","1,829",True,"AMD's revenue grew approximately 44% in FY22 following the Xilinx consolidation. Operating cash flow should typically correlate with this significant top-line and profitability growth, rather than decreasing slightly from the FY21 level of $1,891 million.",high,3,6
FB_037_CB0A4D6D,FB_037_CB0A4D6D_H3,Qwen3.5-397B,dollar_amount,"$3,800 million","$3,135 million",True,"Internal inconsistency: The stated FY2021 Sales figure for Computing and Graphics is $3,800 million, but the calculation uses $3,135 million as the denominator. $2,800/$3,800 equals 73.68%, indicating the formula text is hallucinated.",high,5,12
FB_037_CB0A4D6D,FB_037_CB0A4D6D_H2,Qwen3.5-397B,dollar_amount,"$3,100 million","$2,208 million",True,"Internal inconsistency: The stated FY2021 Sales figure for Computing and Graphics is $3,800 million, but the calculation uses $3,135 million as the denominator. $2,800/$3,800 equals 73.68%, indicating the formula text is hallucinated.",high,5,12
FB_037_CB0A4D6D,FB_037_CB0A4D6D_H1,Qwen3.5-397B,dollar_amount,"$3,100 million","$2,500 million",True,"Internal inconsistency: The stated FY2021 Sales figure for Computing and Graphics is $3,800 million, but the calculation uses $3,135 million as the denominator. $2,800/$3,800 equals 73.68%, indicating the formula text is hallucinated.",high,5,12
FB_038_9BAA83E2,FB_038_9BAA83E2_H2,Qwen3.5-397B,dollar_amount,"$23,600 million","$19,432 million",True,This figure conflicts with widely known financial data. AMD's FY2022 revenue is commonly reported as approximately $23.6 billion following the consolidation of Xilinx (acquired Feb 2022). A figure of $19.4B suggests a significant underreporting or hallucination given the acquisition impact.,high,4,6
FB_038_9BAA83E2,FB_038_9BAA83E2_H1,Qwen3.5-397B,percentage,55%,51.7%,True,"Internal mathematical inconsistency. $12,980 million divided by the claimed total revenue of $19,432 million equals approximately 66.8%, not 51.7%. Conversely, 51.7% of $19,432 million is approximately $10,046 million. The numbers do not reconcile.",high,4,6
FB_039_FDBB6DC2,FB_039_FDBB6DC2_H3,Qwen3.5-397B,dollar_amount,"$1,000 million","$1,372 million",True,"This figure displays inconsistent precision compared to the surrounding debt items (which are all round $1,000 million or $1,500 million figures). It suggests a potential conflation of original issuance amounts with outstanding principal balances.",medium,5,12
FB_039_FDBB6DC2,FB_039_FDBB6DC2_H2,Qwen3.5-397B,percentage,4.000%,0.010%,True,"A 1 basis point coupon rate for a 10-year+ maturity corporate bond is financially anomalous. Even during the low-rate environment of 2020-2021, investment-grade corporate debt (like American Express) typically carried coupons significantly higher than 0.01% for long-dated maturities. This suggests a hallucinated figure.",high,5,12
FB_039_FDBB6DC2,FB_039_FDBB6DC2_H1,Qwen3.5-397B,dollar_amount,"$39,000 million","$46,807 million",False,,,5,12
FB_040_DBF8FC6A,FB_040_DBF8FC6A_H2,Qwen3.5-397B,dollar_amount,"$51,000 million","$62,827 million",True,"Historical financial data indicates American Express FY2022 revenue was approximately $52.9 billion. The reported figure is significantly overstated (by ~$10 billion) and exceeds even FY2023 actuals, suggesting a hallucinated or period-mismatched figure.",high,3,7
FB_040_DBF8FC6A,FB_040_DBF8FC6A_H1,Qwen3.5-397B,percentage,21.6%,29.6%,True,"The sum of these percentages is 108%. For mutually exclusive geographic segments comprising total revenue, the percentages cannot exceed 100%. This is a mathematical impossibility.",high,3,7
FB_041_EB5B1B78,FB_041_EB5B1B78_H3,Qwen3.5-397B,dollar_amount,"$36,090 million","$48,564 million",True,"Critical internal inconsistency: The bullet point lists specific Revenue and Operating Income figures, but the parenthetical calculation explanation cites completely different figures for both metrics within the same sentence.",high,4,11
FB_041_EB5B1B78,FB_041_EB5B1B78_H2,Qwen3.5-397B,dollar_amount,"$4,825 million","$5,847 million",True,"Critical internal inconsistency: The bullet point lists specific Revenue and Operating Income figures, but the parenthetical calculation explanation cites completely different figures for both metrics within the same sentence.",high,4,11
FB_041_EB5B1B78,FB_041_EB5B1B78_H1,Qwen3.5-397B,dollar_amount,"$36,090 million","$49,343 million",True,"Critical internal inconsistency: The bullet point lists specific Revenue and Operating Income figures, but the parenthetical calculation explanation cites completely different figures for both metrics within the same sentence.",high,4,11
FB_042_1741E456,FB_042_1741E456_H2,Qwen3.5-397B,dollar_amount,"$18,816 million","$23,630 million",True,"Internal mathematical inconsistency. The provided Revenue ($47,658 million) minus COGS ($23,630 million) equals $24,028 million, not $17,915 million.",high,7,12
FB_042_1741E456,FB_042_1741E456_H1,Qwen3.5-397B,dollar_amount,"$28,842 million","$17,915 million",True,"Internal mathematical inconsistency. The provided Revenue ($47,658 million) minus COGS ($23,630 million) equals $24,028 million, not $17,915 million.",high,7,12
FB_043_1BA81F6A,FB_043_1BA81F6A_H3,Qwen3.5-397B,percentage,20.1%,24.1%,True,Direct internal contradiction. The Primary Metric section states 24.1% while the Summary Note states 31.3% for the same fiscal year.,high,5,8
FB_043_1BA81F6A,FB_043_1BA81F6A_H2,Qwen3.5-397B,dollar_amount,"$7,667 million","$5,968 million",True,"Internal inconsistency on Income Before Tax. The Supporting Data lists $7,667 million, but the Tax Expense calculation line uses $5,968 million as the base.",high,5,8
FB_043_1BA81F6A,FB_043_1BA81F6A_H1,Qwen3.5-397B,percentage,20.1%,31.3%,True,Direct internal contradiction. The Primary Metric section states 24.1% while the Summary Note states 31.3% for the same fiscal year.,high,5,8
FB_044_899DEDA7,FB_044_899DEDA7_H3,Qwen3.5-397B,dollar_amount,"$106,196 million","$87,723 million",True,"American Express is a bank holding company with total assets typically exceeding $240 billion in 2022. Total liabilities should be commensurate (approximately $210 billion+), making $87 billion implausibly low (less than half of expected scale).",high,3,4
FB_044_899DEDA7,FB_044_899DEDA7_H2,Qwen3.5-397B,dollar_amount,"$58,160 million","$75,098 million",True,"A 114% year-over-year increase in long-term debt for a mature financial institution like Amex is highly anomalous without a major acquisition or crisis event, neither of which occurred in 2021. This volatility suggests data fabrication.",high,3,4
FB_044_899DEDA7,FB_044_899DEDA7_H1,Qwen3.5-397B,dollar_amount,"$50,000 million","$35,269 million",True,"A 114% year-over-year increase in long-term debt for a mature financial institution like Amex is highly anomalous without a major acquisition or crisis event, neither of which occurred in 2021. This volatility suggests data fabrication.",high,3,4
FB_045_3960FE69,FB_045_3960FE69_H2,Qwen3.5-397B,percentage,5.1%,0.0%,True,"Mathematical inconsistency. A growth of 6.2 million on a base of 121.6 million equals approximately 5.1%, not 0.0%. This suggests a hallucinated percentage calculation.",high,3,10
FB_045_3960FE69,FB_045_3960FE69_H1,Qwen3.5-397B,percentage,6.3%,0.1%,True,"Mathematical inconsistency. A growth of 7.2 million on a base of 114.4 million equals approximately 6.3%, not 0.1%. This suggests a hallucinated percentage calculation.",high,3,10
FB_046_E323A993,FB_046_E323A993_H2,Qwen3.5-397B,dollar_amount,"$1,034 million","$1,420 million",True,"A 24% decrease from the claimed 2019 figure is highly unusual for a stable regulated utility like American Water Works, which typically maintains or grows dividends annually. Additionally, this magnitude implies a dividend yield significantly higher than the company's historical average (approx. 1.5-2.5%).",high,3,3
FB_046_E323A993,FB_046_E323A993_H1,Qwen3.5-397B,dollar_amount,$977 million,$650 million,True,"While the absolute number is more plausible than 2019, the volatility between this figure and the 2019 claim (a doubling) indicates at least one of these figures is hallucinated. Given the stability of utility dividends, this baseline contributes to an inconsistent trend.",medium,3,3
FB_047_A9C061FE,FB_047_A9C061FE_H3,Qwen3.5-397B,dollar_amount,"$1,426 million",$966 million,True,"Internal mathematical inconsistency: The text states Operating Income is $1,149 million and D&A is $277 million. Their sum is $1,426 million, not $966 million. Additionally, EBITDA cannot be lower than Operating Income when D&A is positive. The $966 million figure likely corresponds to Net Income, indicating a label hallucination.",high,2,7
FB_047_A9C061FE,FB_047_A9C061FE_H2,Qwen3.5-397B,dollar_amount,"$1,019 million",$832 million,False,,,2,7
FB_047_A9C061FE,FB_047_A9C061FE_H1,Qwen3.5-397B,dollar_amount,$263 million,$208 million,False,,,2,7
FB_048_79F71CE3,FB_048_79F71CE3_H3,Qwen3.5-397B,dollar_amount,"$1,519 million","$1,823 million",False,,,2,9
FB_048_79F71CE3,FB_048_79F71CE3_H2,Qwen3.5-397B,dollar_amount,$684 million,$522 million,True,"Internal arithmetic inconsistency: The provided Current Assets ($2,203 million) minus Current Liabilities ($1,823 million) equals $380 million, not $522 million. This suggests the figure is hallucinated or the components are incorrect.",high,2,9
FB_048_79F71CE3,FB_048_79F71CE3_H1,Qwen3.5-397B,dollar_amount,$606 million,$721 million,True,"Internal arithmetic inconsistency: The provided Current Assets ($1,974 million) minus Current Liabilities ($1,368 million) equals $606 million, not $721 million. This fundamental calculation error indicates data fabrication.",high,2,9
FB_049_4416C718,FB_049_4416C718_H3,Qwen3.5-397B,dollar_amount,"$1,173 million",$924 million,True,"Internal inconsistency. The Primary Metric section lists FY2016 Net Profit as $924 million, but the Calculation section uses $1,173 million for the same metric without explanation. This suggests data hallucination or copy-paste errors.",high,3,11
FB_049_4416C718,FB_049_4416C718_H2,Qwen3.5-397B,percentage,2.9%,0.0%,True,"Basic arithmetic error. $1,185 million divided by $40,349 million equals approximately 2.9%, not 0.0%. A positive net income cannot result in a 0.0% margin unless revenue is infinite or income is zero.",high,3,11
FB_049_4416C718,FB_049_4416C718_H1,Qwen3.5-397B,percentage,2.9%,0.0%,True,"Basic arithmetic error. $1,185 million divided by $40,349 million equals approximately 2.9%, not 0.0%. A positive net income cannot result in a 0.0% margin unless revenue is infinite or income is zero.",high,3,11
FB_050_A0B82AEA,FB_050_A0B82AEA_H2,Qwen3.5-397B,dollar_amount,"$3,719 million","$2,780 million",True,Represents a 43% decrease from the reported FY2017 figure; such drastic inventory contraction is inconsistent with Best Buy's stable revenue profile and typical inventory-to-revenue ratios for big-box retail.,high,3,3
FB_050_A0B82AEA,FB_050_A0B82AEA_H1,Qwen3.5-397B,dollar_amount,"$3,579 million","$4,922 million",True,"While plausible in isolation, this figure contributes to an erratic 'V-shaped' trend (4.9B -> 2.7B -> 4.2B) across three years that lacks operational justification.",medium,3,3
FB_051_091D46D5,FB_051_091D46D5_H3,Qwen3.5-397B,dollar_amount,"$46,294 million","$29,580 million",True,"This represents a ~46% decrease from the claimed FY2021 revenue of $55,020 million. Best Buy is a stable consumer electronics retailer that did not undergo a divestiture or bankruptcy event large enough to halve its revenue in one year. This figure is highly implausible.",high,5,15
FB_051_091D46D5,FB_051_091D46D5_H2,Qwen3.5-397B,dollar_amount,"$47,262 million","$55,020 million",True,"While 2021 was a peak pandemic year, this figure combined with the claimed $29.5B for 2022 creates an impossible volatility profile for this company. Actual FY2021 revenue was closer to $51B, and FY2022 was closer to $46B, not $29B.",high,5,15
FB_051_091D46D5,FB_051_091D46D5_H1,Qwen3.5-397B,percentage,2%,10.3%,True,This directly contradicts the earlier analysis in the same output which stated the maximum fluctuation observed was 1.1%. This internal inconsistency suggests hallucinated reasoning or numbers.,high,5,15
FB_052_FC76DF78,FB_052_FC76DF78_H3,Qwen3.5-397B,large_number,"1,846","1,157",True,"While the revenue figure is accurate for FY2022, the net income is suspiciously low. Best Buy's FY2022 net income was approximately $2.45 billion. The $1.157 billion figure aligns more closely with FY2023 results, suggesting a data mix-up.",high,5,7
FB_052_FC76DF78,FB_052_FC76DF78_H2,Qwen3.5-397B,large_number,"47,262","32,254",True,Best Buy's FY2021 revenue was approximately $47.3 billion. A figure of $32.2 billion is drastically understated and resembles revenue from much earlier fiscal years (circa 2015-2016).,high,5,7
FB_052_FC76DF78,FB_052_FC76DF78_H1,Qwen3.5-397B,large_number,"1,570","1,229",True,Best Buy's FY2021 revenue was approximately $47.3 billion. A figure of $32.2 billion is drastically understated and resembles revenue from much earlier fiscal years (circa 2015-2016).,high,5,7
FB_053_05E755A5,FB_053_05E755A5_H3,Qwen3.5-397B,dollar_amount,"$1,518 million","$1,210 million",True,"Direct internal contradiction: The 'PRIMARY METRIC' section explicitly states FY2023 Operating Cash Flow is $1,210 million. The summary figure differs by $308 million without explanation, indicating a hallucination or calculation error in the summary generation.",high,2,10
FB_053_05E755A5,FB_053_05E755A5_H2,Qwen3.5-397B,large_number,"1,188","1,421",True,"Suspicious volatility and implied negative Free Cash Flow: This represents a 67% increase in cash outflow compared to FY2022 ($(852) million). For a mature retailer like Best Buy, capital expenditures are typically stable. Additionally, combined with the reported Operating Cash Flow of $1,210 million, this implies negative Free Cash Flow for FY2023, which is unusual for Best Buy absent a major acquisition event not mentioned elsewhere.",medium,2,10
FB_053_05E755A5,FB_053_05E755A5_H1,Qwen3.5-397B,large_number,"1,045",852,False,,,2,10
FB_054_F1BBC565,FB_054_F1BBC565_H3,Qwen3.5-397B,dollar_amount,"$1,200 million",$911 million,True,"Internal inconsistency: The same report lists FY 2023 Cash as $1,200 million in Supporting Data and $789 million in the Note. Three different values for the same metric indicate hallucination.",high,5,8
FB_054_F1BBC565,FB_054_F1BBC565_H2,Qwen3.5-397B,dollar_amount,"$3,200 million","$2,191 million",True,Plausibility issue: Best Buy is a large-cap retailer with ~$47 billion annual revenue. Total Current Assets of only $2.2 billion is implausibly low (inventory alone typically exceeds this amount).,high,5,8
FB_054_F1BBC565,FB_054_F1BBC565_H1,Qwen3.5-397B,dollar_amount,"$1,200 million",$789 million,True,Internal inconsistency: Contradicts the Primary Metric ($911 million) and the Note ($789 million) within the same output.,high,5,8
FB_055_B75D0172,FB_055_B75D0172_H3,Qwen3.5-397B,large_number,"1,024",822,True,"These figures directly contradict the Supporting Data section within the same report (which lists 1,272 and 1,040). Additionally, 698 total stores is historically low for Best Buy's known footprint.",high,4,7
FB_055_B75D0172,FB_055_B75D0172_H2,Qwen3.5-397B,large_number,"1,040",698,True,"These figures directly contradict the Supporting Data section within the same report (which lists 1,272 and 1,040). Additionally, 698 total stores is historically low for Best Buy's known footprint.",high,4,7
FB_055_B75D0172,FB_055_B75D0172_H1,Qwen3.5-397B,large_number,"1,024","1,272",True,These figures directly contradict the Primary Metric text section (which lists 822 and 698). Internal inconsistency suggests at least one set is hallucinated.,high,4,7
FB_056_E46FAB20,FB_056_E46FAB20_H3,Qwen3.5-397B,dollar_amount,"$1,800 million","$1,519 million",True,"While precise, this figure is cited from the Consolidated Statements of Operations which does not contain category breakdowns. Additionally, the sum of all claimed categories (~$6.3B) is significantly lower than Best Buy's typical quarterly domestic revenue (~$9B+), suggesting missing or fabricated data.",medium,7,16
FB_056_E46FAB20,FB_056_E46FAB20_H2,Qwen3.5-397B,dollar_amount,$600 million,$738 million,True,"While this number is precise, the implied year-over-year growth from the claimed $500 million (Q2 FY23) is ~47%. Such a massive swing in the Entertainment category contradicts long-term industry trends of digital substitution and decline in physical media for big-box retailers.",medium,7,16
FB_056_E46FAB20,FB_056_E46FAB20_H1,Qwen3.5-397B,dollar_amount,"$1,900 million","$1,307 million",False,,,7,16
FB_057_2D006C3F,FB_057_2D006C3F_H3,Qwen3.5-397B,dollar_amount,$467.5 million,$606.8 million,True,"Internal inconsistency: The subsequent calculation for the Working Capital Ratio uses $606.8 million as the denominator instead of the stated $467.5 million, indicating conflicting data within the same output.",high,6,12
FB_057_2D006C3F,FB_057_2D006C3F_H2,Qwen3.5-397B,dollar_amount,$360.6 million,$259.8 million,True,Internal inconsistency: The subsequent calculation for the FY2015 Working Capital Ratio uses $360.6 million as the numerator instead of the stated $259.8 million.,high,6,12
FB_057_2D006C3F,FB_057_2D006C3F_H1,Qwen3.5-397B,dollar_amount,"$1,197.5 million",$788.1 million,True,"Internal inconsistency: The subsequent calculation for the FY2017 Working Capital Ratio uses $1,197.5 million as the numerator instead of the stated $788.1 million.",high,6,12
FB_058_4FC4F0E9,FB_058_4FC4F0E9_H3,Qwen3.5-397B,dollar_amount,"$4,711 million","$5,585 million",True,"Internal inconsistency: The Supporting Data section lists FY2019 Total Revenue as $4,711 million. A single document cannot cite two different actuals for the same line item from the same source.",high,5,5
FB_058_4FC4F0E9,FB_058_4FC4F0E9_H2,Qwen3.5-397B,percentage,101.6%,91.9%,True,"Mathematical error: The provided formula [(9,493 - 4,711) / 4,711] equals approximately 101.5%, not 91.9%. The stated percentage does not match the stated inputs.",high,5,5
FB_058_4FC4F0E9,FB_058_4FC4F0E9_H1,Qwen3.5-397B,dollar_amount,"$9,493 million","$12,544 million",True,"Internal inconsistency: The Supporting Data section lists FY2020 Total Revenue as $12,544 million. These figures differ by over $3 billion within the same summary.",high,5,5
FB_060_D8048F85,FB_060_D8048F85_H2,Qwen3.5-397B,dollar_amount,"$83,535 million","$115,274 million",True,"Logically impossible: Net PP&E is a subset of Total Assets, yet this figure exceeds the reported Total Assets of $85,028 million. Additionally, this PP&E value is anomalously high for Boeing's typical asset composition.",high,4,4
FB_060_D8048F85,FB_060_D8048F85_H1,Qwen3.5-397B,dollar_amount,"$139,660 million","$85,028 million",True,"Violates the fundamental accounting equation (Assets = Liabilities + Equity). The reported Liabilities ($103,227 million) plus Equity ($36,433 million) equal $139,660 million, which does not match the reported Assets.",high,4,4
FB_061_B30537F0,FB_061_B30537F0_H3,Qwen3.5-397B,dollar_amount,"$62,283 million","$52,278 million",True,Plausibility concern. General financial knowledge indicates Boeing's FY2021 revenue was approximately $62 billion. A $10 billion understatement is significant and inconsistent with the reported growth trajectory to FY2022.,medium,5,15
FB_061_B30537F0,FB_061_B30537F0_H2,Qwen3.5-397B,dollar_amount,"$21,319 million","$13,434 million",True,Direct internal contradiction. The document lists two different revenue figures for the same segment in the same fiscal year within different sections (Supporting Data vs. Trends).,high,5,15
FB_061_B30537F0,FB_061_B30537F0_H1,Qwen3.5-397B,percentage,23.0%,14.4%,False,,,5,15
FB_062_CCEDD88C,FB_062_CCEDD88C_H1,Qwen3.5-397B,dollar_amount,"$156,898 million","$191,569 million",True,"Based on general financial knowledge of Boeing's balance sheet scale during this period, total liabilities were approximately $143.6 billion. A reported figure of $191.6 billion represents a ~33% overstatement, which is inconsistent with the company's known financial position where total assets were roughly $138 billion. The suspicious precision of the number combined with the significant magnitude error suggests hallucination.",high,1,5
FB_063_38B981AD,FB_063_38B981AD_H2,Qwen3.5-397B,percentage,7.1%,0.9%,True,"Internal inconsistency: The text states Total Revenue is $58,658 million but uses $71,042 million in the calculation explanation within the same section.",high,4,10
FB_063_38B981AD,FB_063_38B981AD_H1,Qwen3.5-397B,dollar_amount,"$58,658 million","$71,042 million",True,"Internal inconsistency: The text states Total Revenue is $58,658 million but uses $71,042 million in the calculation explanation within the same section.",high,4,10
FB_064_7576A9AF,FB_064_7576A9AF_H3,Qwen3.5-397B,dollar_amount,"$14,800 million","$12,426 million",False,,,4,9
FB_064_7576A9AF,FB_064_7576A9AF_H2,Qwen3.5-397B,dollar_amount,"$15,300 million","$18,525 million",False,,,4,9
FB_064_7576A9AF,FB_064_7576A9AF_H1,Qwen3.5-397B,dollar_amount,"$15,100 million","$19,162 million",False,,,4,9
FB_065_8F3B2425,FB_065_8F3B2425_H3,Qwen3.5-397B,dollar_amount,"$58,658 million","$41,886 million",True,"This figure is significantly lower than the widely reported FY2020 revenue for Boeing (approximately $58.2 billion). Furthermore, it creates an internal mathematical inconsistency: the sum of the provided segment revenues for 2020 (Commercial Airplanes $28,658m + Defense $26,130m = $54,788m) exceeds the claimed Total Revenue, which is impossible without negative revenue from other segments or massive eliminations not typical for this company.",high,1,10
FB_065_8F3B2425,FB_065_8F3B2425_H2,Qwen3.5-397B,dollar_amount,"$26,210 million","$18,532 million",False,,,1,10
FB_065_8F3B2425,FB_065_8F3B2425_H1,Qwen3.5-397B,dollar_amount,$382 billion,$469 billion,False,,,1,10
FB_067_92C7D508,FB_067_92C7D508_H3,Qwen3.5-397B,percentage,20.0%,9.5%,True,"Internal mathematical inconsistency: The provided tax expense ($1,513 million) divided by the provided pre-tax income ($6,000 million) equals approximately 25.2%, not 9.5%.",high,6,6
FB_067_92C7D508,FB_067_92C7D508_H2,Qwen3.5-397B,dollar_amount,"$1,200 million","$1,513 million",True,"Contextual plausibility: Given Boeing's reported losses during this period, a positive tax expense of this size is inconsistent with expected tax benefits or valuation allowances on deferred tax assets.",medium,6,6
FB_067_92C7D508,FB_067_92C7D508_H1,Qwen3.5-397B,dollar_amount,"$5,500 million","$3,936 million",True,"Contradicts general financial knowledge: Boeing reported a net loss in FY2021, making a positive pre-tax income of this magnitude highly improbable.",high,6,6
FB_068_46FFC913,FB_068_46FFC913_H2,Qwen3.5-397B,dollar_amount,"$86,180.5 million","$58,656.0 million",True,"Critical arithmetic error. The average of 86,185 and 86,176 is 86,180.5, not 58,656. Furthermore, the subsequent ROA calculation line uses the correct figure ($86,180.5 million), creating a direct internal inconsistency within the report.",high,3,10
FB_068_46FFC913,FB_068_46FFC913_H1,Qwen3.5-397B,percentage,1.45%,0.01%,True,"Decimal-to-percentage conversion error. 0.0145 converts to 1.45%, not 0.01%. This contradicts the final note in the output which correctly states 1.45%.",high,3,10
FB_069_15B93D82,FB_069_15B93D82_H2,Qwen3.5-397B,percentage,44.2%,51.5%,True,"Internal inconsistency: This figure directly contradicts the researcher's own calculation in the note (44.2%) and the raw data provided (18,441 / 41,651 equals approx 44.3%, not 51.5%).",high,3,8
FB_069_15B93D82,FB_069_15B93D82_H1,Qwen3.5-397B,dollar_amount,"$33,014 million","$25,413 million",True,"Implausible volatility: A drop from $37.3B (2019) to $25.4B (2020) followed by a surge to $41.7B (2021) represents a 32% decline and 64% growth in consecutive years, which is highly atypical for a stable consumer staples company like Coca-Cola without major M&A explanation.",high,3,8
FB_070_4418F850,FB_070_4418F850_H3,Qwen3.5-397B,dollar_amount,"$7,964 million","$5,694 million",True,"Internal inconsistency: The Supporting Data section lists Total Cash Dividends Paid as $7,964 million, contradicting the Primary Metric section.",high,5,5
FB_070_4418F850,FB_070_4418F850_H2,Qwen3.5-397B,dollar_amount,"$11,952 million","$14,585 million",True,"Internal inconsistency: The Supporting Data section lists Net Income as $14,512 million, contradicting the Primary Metric section.",high,5,5
FB_070_4418F850,FB_070_4418F850_H1,Qwen3.5-397B,dollar_amount,"$11,952 million","$14,512 million",True,"Internal inconsistency: The Supporting Data section lists Net Income as $14,512 million, contradicting the Primary Metric section.",high,5,5
FB_071_0CB99E74,FB_071_0CB99E74_H3,Qwen3.5-397B,dollar_amount,"$3,167 million","$4,292 million",True,"Internal contradiction: FY2020 Inventory was previously stated as $3,167 million. Additionally, $4,292 - $3,056 equals $1,236 million, not $111 million. The result ($111) matches the difference between the stated inventory figures ($3,167 - $3,056), indicating the $4,292 figure is hallucinated.",high,5,12
FB_071_0CB99E74,FB_071_0CB99E74_H2,Qwen3.5-397B,dollar_amount,$111 million,$73 million,True,"Internal inconsistency: The Change in Inventory was calculated as $111 million in Section 3, but suddenly becomes $73 million in the DPO calculation formula without explanation.",high,5,12
FB_071_0CB99E74,FB_071_0CB99E74_H1,Qwen3.5-397B,dollar_amount,"$10,248 million","$7,381 million",True,"Arithmetic error: $10,137 million + $73 million equals $10,210 million. The denominator $7,381 million is mathematically impossible based on the provided addends and appears fabricated.",high,5,12
FB_072_05A484DC,FB_072_05A484DC_H2,Qwen3.5-397B,dollar_amount,"$11,500 million","$8,255 million",True,"Critical internal inconsistency. The margin calculation uses numerators (2,118) and denominators (11,500) that completely contradict the stated Operating Income ($3,206) and Revenue ($8,255) in the preceding lines. Additionally, 2,118/11,500 equals 18.4%, not the reported 27.9%.",high,5,12
FB_072_05A484DC,FB_072_05A484DC_H1,Qwen3.5-397B,large_number,"3,206","2,118",True,"Critical internal inconsistency. The margin calculation uses numerators (2,118) and denominators (11,500) that completely contradict the stated Operating Income ($3,206) and Revenue ($8,255) in the preceding lines. Additionally, 2,118/11,500 equals 18.4%, not the reported 27.9%.",high,5,12
FB_073_5495DBB9,FB_073_5495DBB9_H3,Qwen3.5-397B,percentage,13.9%,9.9%,True,"Internal inconsistency. The provided supporting data (Tax Expense $221m / Pre-Tax Income $1,831m) implies an effective tax rate of approximately 12.1%, not 14.4%. One of these figures is likely inaccurate.",high,3,7
FB_073_5495DBB9,FB_073_5495DBB9_H2,Qwen3.5-397B,dollar_amount,$264 million,$221 million,True,"Inconsistent with the reported Effective Tax Rate of 14.4% and Pre-Tax Income of $1,831 million. Either the expense, the income, or the rate is hallucinated as they do not reconcile.",medium,3,7
FB_073_5495DBB9,FB_073_5495DBB9_H1,Qwen3.5-397B,dollar_amount,$292 million,$207 million,False,,,3,7
FB_074_499976A7,FB_074_499976A7_H2,Qwen3.5-397B,dollar_amount,"$8,108 million","$6,078 million",True,"Implies a 39% decrease from FY2020 ($9,948 million) followed by a 51% increase in FY2022 ($9,166 million). Such extreme volatility in current liabilities is unusual for a stable industrial company like Corning without major restructuring events.",medium,4,9
FB_074_499976A7,FB_074_499976A7_H1,Qwen3.5-397B,dollar_amount,"$7,400 million","$9,948 million",False,,,4,9
FB_075_D5F39BB5,FB_075_D5F39BB5_H2,Qwen3.5-397B,dollar_amount,"$59,431 million","$38,256 million",True,"Highly implausible. Costco is a growth-oriented retailer that typically expands its balance sheet annually. A total asset figure of $38B is inconsistent with FY2021 revenue scales (~$195B), implying an unrealistically high asset turnover ratio. Actual FY2021 assets were significantly higher (approx. $59B).",high,3,3
FB_075_D5F39BB5,FB_075_D5F39BB5_H1,Qwen3.5-397B,dollar_amount,"$53,189 million","$41,694 million",True,Suspicious trend implication. This figure suggests a year-over-year decline from FY2019. Costco did not undergo major divestitures or balance sheet contractions during the pandemic period; assets typically grew during this time.,high,3,3
FB_076_1BF5949C,FB_076_1BF5949C_H3,Qwen3.5-397B,dollar_amount,"$194,579 million","$124,200 million",True,"Internal inconsistency: The Fixed Asset Turnover Ratio calculation later uses a Revenue figure of $194,579 million. These two figures contradict each other within the same report.",high,4,9
FB_076_1BF5949C,FB_076_1BF5949C_H2,Qwen3.5-397B,dollar_amount,"$21,643 million","$27,991 million",True,"Internal inconsistency: The Average PP&E calculation immediately below uses $21,643 million for FY2017 PP&E, not $27,991 million.",high,4,9
FB_076_1BF5949C,FB_076_1BF5949C_H1,Qwen3.5-397B,dollar_amount,"$22,389 million","$29,388 million",True,"Internal inconsistency: The Average PP&E calculation immediately below uses $21,643 million for FY2017 PP&E, not $27,991 million.",high,4,9
FB_077_6547C156,FB_077_6547C156_H3,Qwen3.5-397B,dollar_amount,"$3,100 million","$2,148 million",False,,,3,6
FB_077_6547C156,FB_077_6547C156_H2,Qwen3.5-397B,dollar_amount,"$2,500 million","$3,128 million",False,,,3,6
FB_077_6547C156,FB_077_6547C156_H1,Qwen3.5-397B,dollar_amount,"$128,000 million","$78,204 million",True,"Internal inconsistency and historical implausibility: CVS Health acquired Aetna in late 2018, which permanently increased the asset base to over $130 billion. A drop to $78 billion in 2020 followed by a 69% jump to $132 billion in 2021 is anomalous without a major divestiture/acquisition, suggesting this figure may be pre-merger data or hallucinated.",high,3,6
FB_078_F8A3C776,FB_078_F8A3C776_H2,Qwen3.5-397B,dollar_amount,$3.0 billion,$2.0 billion,True,The total liabilities show a perfect linear increase of exactly $3.0 billion each year. Real financial statements for a company of this size and complexity exhibit variance and do not follow precise arithmetic progressions. This pattern is highly indicative of hallucinated data.,high,4,6
FB_078_F8A3C776,FB_078_F8A3C776_H1,Qwen3.5-397B,dollar_amount,$2.0 billion,$1.4 billion,True,"Prior to the major 2022 settlement framework, companies typically disclosed opioid litigation as contingencies where the loss could not be reasonably estimated. Recognizing specific liabilities on the balance sheet for 2020 and 2021 contradicts standard accounting treatment for unresolved mass tort litigation during that period.",high,4,6
FB_079_C8770283,FB_079_C8770283_H3,Qwen3.5-397B,dollar_amount,$0.50 ,$0.68 ,True,"Suspicious trend: The report claims Q2 FY2022 dividends were $0.68 per share. A decrease from $0.69 to $0.68 between consecutive quarters is highly unusual for a mature healthcare company, as dividends are typically sticky upwards or flat. This suggests potential hallucination of precise figures.",high,3,4
FB_079_C8770283,FB_079_C8770283_H2,Qwen3.5-397B,dollar_amount,$0.50 ,$0.69 ,True,"Suspicious trend: The report claims Q2 FY2022 dividends were $0.68 per share. A decrease from $0.69 to $0.68 between consecutive quarters is highly unusual for a mature healthcare company, as dividends are typically sticky upwards or flat. This suggests potential hallucination of precise figures.",high,3,4
FB_079_C8770283,FB_079_C8770283_H1,Qwen3.5-397B,dollar_amount,$1.98 ,$1.25 ,True,"Internal inconsistency: The report claims Q2 FY2021 dividends were $0.50 per share. For a stable dividend payer like CVS, quarterly dividends are typically uniform. Four quarters at $0.50 would equal $2.00 annually, making $1.25 mathematically inconsistent with the quarterly claim unless other quarters were drastically lower, which is atypical.",high,3,4
FB_081_4E1CC3D9,FB_081_4E1CC3D9_H2,Qwen3.5-397B,large_number,"48,123,456","63,263,625",False,,,7,19
FB_081_4E1CC3D9,FB_081_4E1CC3D9_H1,Qwen3.5-397B,large_number,"9,876,543","12,416,701",True,"This figure contradicts the earlier listed value for McCarty (12,416,701) and is also a reverse-sequential pattern (9-8-7-6-5-4-3), confirming hallucination.",high,7,19
FB_082_4FFC55E4,FB_082_4FFC55E4_H2,Qwen3.5-397B,dollar_amount,"$1,059 million","$1,334 million",True,"Internal inconsistency: The extraction states $1,334 million, but the subsequent calculation uses $1,059 million for FY2019 Inventory. This suggests a hallucination or data handling error.",high,5,17
FB_082_4FFC55E4,FB_082_4FFC55E4_H1,Qwen3.5-397B,dollar_amount,$30 million,$37 million,True,"Internal inconsistency: While the math here is correct (1059-1029=30), the subsequent DPO calculation uses $37 million for this same variable.",high,5,17
FB_083_62A760DF,FB_083_62A760DF_H3,Qwen3.5-397B,dollar_amount,"$2,972 million","$3,586 million",True,"Internal inconsistency: The SUPPORTING DATA section within the same report lists FY2020 Total Current Liabilities as $3,586 million, directly contradicting this figure used in the PRIMARY METRIC section.",high,3,8
FB_083_62A760DF,FB_083_62A760DF_H2,Qwen3.5-397B,dollar_amount,"$2,731 million","$3,712 million",True,"Internal inconsistency: The PRIMARY METRIC section within the same report calculates the ratio using FY2020 Total Current Liabilities of $2,972 million, directly contradicting this figure listed in SUPPORTING DATA.",high,3,8
FB_083_62A760DF,FB_083_62A760DF_H1,Qwen3.5-397B,dollar_amount,"$3,556 million","$2,326 million",True,"Internal inconsistency: The PRIMARY METRIC section within the same report calculates the ratio using FY2020 Total Current Liabilities of $2,972 million, directly contradicting this figure listed in SUPPORTING DATA.",high,3,8
FB_084_403F35B5,FB_084_403F35B5_H2,Qwen3.5-397B,dollar_amount,"$1,205 million",$952 million,True,"This headline figure directly contradicts the calculation provided immediately below it ($1,755 million - $550 million = $735 million). This internal inconsistency indicates a significant factual error or hallucination.",high,3,10
FB_084_403F35B5,FB_084_403F35B5_H1,Qwen3.5-397B,dollar_amount,"$1,205 million",$735 million,False,,,3,10
FB_085_149EBAE9,FB_085_149EBAE9_H3,Qwen3.5-397B,dollar_amount,"$1,174 million",$772 million,True,"Contradicted later in Section 3 where dividends are stated as $898 million and $1,174 million; also represents a suspicious ~33% drop from FY2021's $1,157 million for a stable dividend payer like General Mills.",high,4,10
FB_085_149EBAE9,FB_085_149EBAE9_H2,Qwen3.5-397B,dollar_amount,"$1,174 million",$898 million,True,"Directly contradicts Section 2 figure of $772 million and the $1,174 million used in the subsequent calculation line within the same report.",high,4,10
FB_085_149EBAE9,FB_085_149EBAE9_H1,Qwen3.5-397B,dollar_amount,"$1,905 million","$1,353 million",True,"Net Income figure contradicts Section 1 stated Net Income of $1,905 million; additionally, the arithmetic $1,353 - $1,174 does not equal $731 (actual result $179).",high,4,10
FB_086_889F46BB,FB_086_889F46BB_H3,Qwen3.5-397B,dollar_amount,"$93,775 million","$70,366 million",True,"Implausible volatility for a mature large-cap company. This figure represents a ~15% decline from 2020 followed by a ~35% surge in 2022. Johnson & Johnson typically exhibits stable revenue growth. Additionally, this creates an unrealistic net profit margin spike from ~10.7% in 2020 to ~29.6% in 2021 without stated cause.",high,3,6
FB_086_889F46BB,FB_086_889F46BB_H2,Qwen3.5-397B,dollar_amount,"$16,676 million","$22,612 million",True,"While not impossible, this figure contributes to a net margin of ~23.8%. Combined with the suspicious 2021 revenue data, the profitability trend appears inconsistent with typical GAAP results for this period, which generally showed lower net income in 2022 compared to 2021.",medium,3,6
FB_086_889F46BB,FB_086_889F46BB_H1,Qwen3.5-397B,dollar_amount,"$14,714 million","$8,873 million",True,"Implies a net profit margin of ~10.7%, which is significantly lower than the ~20%+ margins claimed for 2021 and 2022. Such a drastic margin contraction and subsequent recovery is unusual for J&J without mention of major impairment charges or one-time costs.",medium,3,6
FB_087_99FD2FB2,FB_087_99FD2FB2_H3,Qwen3.5-397B,percentage,81.1%,70.3%,True,"Internal inconsistency: The provided dollar figures ($77,068 million Gross Profit / $94,943 million Revenue) calculate to approximately 81.2%, not 70.3%.",high,4,12
FB_087_99FD2FB2,FB_087_99FD2FB2_H2,Qwen3.5-397B,dollar_amount,"$15,157 million","$20,998 million",False,,,4,12
FB_087_99FD2FB2,FB_087_99FD2FB2_H1,Qwen3.5-397B,dollar_amount,"$67,427 million","$84,991 million",True,"Mathematical impossibility: Gross Profit ($84,991 million) exceeds Total Revenue ($82,584 million). Additionally, Revenue ($82,584 million) minus COGS ($20,998 million) equals $61,586 million, not $84,991 million.",high,4,12
FB_088_DD231ABD,FB_088_DD231ABD_H3,Qwen3.5-397B,dollar_amount,"$94,943 million","$130,473 million",True,"Internal inconsistency: The calculation section later uses $94,943 million for revenue. Additionally, a ~39% year-over-year increase from the stated 2021 revenue ($93,775 million) is highly unusual for a stable conglomerate like JnJ without major M&A disclosure.",high,4,8
FB_088_DD231ABD,FB_088_DD231ABD_H2,Qwen3.5-397B,dollar_amount,"$15,120 million","$19,470 million",False,,,4,8
FB_088_DD231ABD,FB_088_DD231ABD_H1,Qwen3.5-397B,dollar_amount,"$14,230 million","$18,618 million",False,,,4,8
FB_089_CF6163C6,FB_089_CF6163C6_H2,Qwen3.5-397B,dollar_amount,$2.35 ,$3.05 ,True,"This figure deviates significantly from commonly reported Adjusted EPS for JnJ in Q4 2022 (typically cited around $2.35), suggesting potential hallucination or confusion with another metric.",medium,4,6
FB_089_CF6163C6,FB_089_CF6163C6_H1,Qwen3.5-397B,percentage,22.8%,31.6%,True,"The arithmetic provided is incorrect. (9.77 - 7.95) / 7.95 equals approximately 22.9%, not 31.6%. This indicates a hallucinated calculation result.",high,4,6
FB_090_72CFB567,FB_090_72CFB567_H3,Qwen3.5-397B,dollar_amount,"$46,211 million","$62,980 million",True,"The formula uses an undefined value ($62,980 million) instead of the stated FY2022 Domestic Sales ($49,097 million). Additionally, the arithmetic provided does not equal 4.06% (actual calculation yields approx -30%).",high,4,8
FB_090_72CFB567,FB_090_72CFB567_H2,Qwen3.5-397B,dollar_amount,"$34,678 million","$48,060 million",True,"The formula uses undefined values ($48,060 million and $40,543 million) that contradict the stated International Sales figures ($36,544 million FY2022 and $34,678 million FY2021). While the percentage matches the stated sales, the formula text is hallucinated.",high,4,8
FB_090_72CFB567,FB_090_72CFB567_H1,Qwen3.5-397B,dollar_amount,"$34,678 million","$40,543 million",True,"The formula uses undefined values ($48,060 million and $40,543 million) that contradict the stated International Sales figures ($36,544 million FY2022 and $34,678 million FY2021). While the percentage matches the stated sales, the formula text is hallucinated.",high,4,8
FB_091_82F6C167,FB_091_82F6C167_H3,Qwen3.5-397B,dollar_amount,"$3,694 million","$4,690 million",True,"This figure represents a ~96% year-over-year increase compared to the reported Q2 2022 revenue ($2,388 million). Such growth is economically implausible for a mature consumer health segment (stable staples) during a divestiture period without major acquisitions. The figure may represent Year-to-Date revenue mislabeled as Q2, or a hallucination.",high,3,6
FB_091_82F6C167,FB_091_82F6C167_H2,Qwen3.5-397B,dollar_amount,"$3,650 million","$2,388 million",True,"This figure is inconsistent with the known scale of the Johnson & Johnson Consumer Health business (later Kenvue), which reported approximately $15 billion in annual sales for 2022. This implies an average quarterly revenue of ~$3.75 billion, making $2.388 billion suspiciously low for a full quarter.",medium,3,6
FB_091_82F6C167,FB_091_82F6C167_H1,Qwen3.5-397B,dollar_amount,"$3,580 million","$2,481 million",True,"This figure is inconsistent with the known scale of the Johnson & Johnson Consumer Health business (later Kenvue), which reported approximately $15 billion in annual sales for 2022. This implies an average quarterly revenue of ~$3.75 billion, making $2.388 billion suspiciously low for a full quarter.",medium,3,6
FB_092_1FF70EDD,FB_092_1FF70EDD_H1,Qwen3.5-397B,dollar_amount,$13.0 billion,$16.9 billion,True,"Accounting gains on major divestitures are typically recognized and detailed in Quarterly Reports (10-Q) rather than Current Reports (8-K), which focus on transaction mechanics. Additionally, JnJ's earnings releases typically occur in July and October, making an August 30 filing for a specific accounting gain structurally unusual. This specific figure may conflate transaction valuation, proceeds, or pre-tax gain with the final accounting gain.",high,2,3
FB_093_3013F02B,FB_093_3013F02B_H1,Qwen3.5-397B,dollar_amount,"$3,500 million","$4,412 million",True,"The Kenvue IPO, which generated cash proceeds for Johnson & Johnson, occurred in May 2023. The August 2023 event marked the final distribution of remaining shares to shareholders, which is typically a non-cash transaction. Attributing specific cash proceeds to an August 30 8-K filing likely conflates the IPO timing with the final separation completion. Additionally, the precision of the figure is unusual for summary disclosures.",medium,1,1
FB_094_62DF77C2,FB_094_62DF77C2_H3,Qwen3.5-397B,dollar_amount,"$24,000 million","$32,304 million",True,"Internal inconsistency: The Supporting Data section lists Q2 FY2023 Sales as $24,000 million, and the margin calculation explicitly uses $24,000 million instead of $32,304 million.",high,3,16
FB_094_62DF77C2,FB_094_62DF77C2_H2,Qwen3.5-397B,percentage,19.87%,26.36%,True,"Mathematical error: The provided calculation ($4,691 / $23,600) equals approximately 19.88%, not 26.36%. This also contradicts the Supporting Data section which lists 19.87%.",high,3,16
FB_094_62DF77C2,FB_094_62DF77C2_H1,Qwen3.5-397B,percentage,19.87%,25.10%,True,"Mathematical error: The provided calculation ($4,691 / $23,600) equals approximately 19.88%, not 26.36%. This also contradicts the Supporting Data section which lists 19.87%.",high,3,16
FB_095_25B2B23C,FB_095_25B2B23C_H2,Qwen3.5-397B,dollar_amount,"$14,170 million","$9,112 million",False,,,3,6
FB_095_25B2B23C,FB_095_25B2B23C_H1,Qwen3.5-397B,dollar_amount,"$4,020 million","$5,399 million",False,,,3,6
FB_096_3F49DA9A,FB_096_3F49DA9A_H3,Qwen3.5-397B,dollar_amount,"$3,478,000 million","$2,632,855 million",True,"Internal inconsistency: Subtracting this liability figure from the reported Total Assets ($3,686,000 million) yields approximately $1,053,145 million in equity, not the $126,259 million reported. Additionally, for a bank with $3.7T in assets, total liabilities are typically closer to $3.4T (assuming ~10% equity ratio); this figure resembles total deposits rather than total liabilities.",high,3,4
FB_096_3F49DA9A,FB_096_3F49DA9A_H2,Qwen3.5-397B,dollar_amount,"$208,000 million","$126,259 million",True,"Mathematical impossibility: The text claims this is calculated as Assets minus Liabilities, but $3,686,000m - $2,632,855m does not equal $126,259m. Furthermore, JPM's actual total stockholders' equity in Q1 2021 was approximately $270-$290 billion, making this figure roughly 50% of the expected value.",high,3,4
FB_096_3F49DA9A,FB_096_3F49DA9A_H1,Qwen3.5-397B,large_number,"3,000","1,899",True,"Plausibility concern: JPMorgan Chase typically had approximately 2.9 to 3.0 billion shares outstanding during the 2020-2021 period. A figure of 1.899 billion represents a ~35% deviation from historical norms, suggesting a potential hallucination or confusion with another metric.",high,3,4
FB_097_2BA7758E,FB_097_2BA7758E_H2,Qwen3.5-397B,percentage,76.8%,69.6%,True,Banks do not report 'Gross Margin' or 'Cost of Goods Sold' on their Consolidated Statements of Operations. This line item does not exist in JPM's 10-K filings; this is a hallucinated metric attribution.,high,6,10
FB_097_2BA7758E,FB_097_2BA7758E_H1,Qwen3.5-397B,percentage,76.8%,70.4%,True,Banks do not report 'Gross Margin' or 'Cost of Goods Sold' on their Consolidated Statements of Operations. This line item does not exist in JPM's 10-K filings; this is a hallucinated metric attribution.,high,6,10
FB_098_7154A728,FB_098_7154A728_H2,Qwen3.5-397B,dollar_amount,"$1,000 million",$801 million,True,"Suspicious precision: Compared to other segment figures ($801 million, $3,440 million), this number is suspiciously round. SEC filings typically report exact figures (e.g., $1,023 million) rather than exact thousands unless explicitly rounded in a summary, which contradicts the claim of being sourced directly from the 10-Q statements.",medium,3,6
FB_098_7154A728,FB_098_7154A728_H1,Qwen3.5-397B,dollar_amount,"$8,640 million","$12,001 million",True,"Internal inconsistency: The sum of the reported segment net incomes ($3,440 + $3,200 + $801 + $1,000 = $8,441 million) does not reconcile with the claimed total. A $3.5 billion variance attributed to unallocated corporate items is highly unusual (typically negative or smaller). Additionally, general financial knowledge indicates JPM's Q2 2022 net income was approximately $8.65 billion, while $12 billion aligns more closely with Q2 2021 results, suggesting a hallucinated or conflated figure.",high,3,6
FB_099_6BE111D5,FB_099_6BE111D5_H3,Qwen3.5-397B,dollar_amount,$23 million,$18 million,True,"This figure is significantly lower than JPM's typical firm-wide Trading VaR, which generally ranges between $50 million and $80 million during normal market conditions. Additionally, 10-Q filings typically distinguish between Average and Period-end VaR, which is not specified here.",high,3,4
FB_099_6BE111D5,FB_099_6BE111D5_H2,Qwen3.5-397B,dollar_amount,"$7,500 million","$6,231 million",False,,,3,4
FB_099_6BE111D5,FB_099_6BE111D5_H1,Qwen3.5-397B,dollar_amount,"$7,200 million","$9,150 million",True,"This figure contradicts the general market narrative of reduced client trading activity in 2022. JPM's trading revenue for Q2 2022 was historically weaker (approximately $5 billion range), making $9.15 billion suspiciously high and likely inaccurate.",high,3,4
FB_100_6814F36E,FB_100_6814F36E_H2,Qwen3.5-397B,dollar_amount,"$1,748 million","$1,172 million",True,"Internal inconsistency: The subsequent average inventory calculation uses $1,748 million for FY2019 inventory instead of the stated $1,172 million.",high,4,6
FB_100_6814F36E,FB_100_6814F36E_H1,Qwen3.5-397B,dollar_amount,"$1,698 million","$2,011 million",True,"Mathematical error: The average of $1,648 million and $1,748 million is $1,698 million, not $2,011 million.",high,4,6
FB_101_79109208,FB_101_79109208_H2,Qwen3.5-397B,dollar_amount,"$45,200 million","$37,987 million",True,"Internal inconsistency. The FY2019 Total Assets value is stated as $45,200 million in the Primary Metric section but changes to $37,987 million in the Supporting Data calculation without explanation.",high,3,7
FB_101_79109208,FB_101_79109208_H1,Qwen3.5-397B,dollar_amount,"$46,800 million","$64,022 million",True,"Mathematical error. The arithmetic shown is incorrect: ($37,987 + $48,400) / 2 equals approximately $43,194 million, not $64,022 million. This figure is also inconsistent with the correct average of the original asset figures ($46,800 million).",high,3,7
FB_102_F5764A3D,FB_102_F5764A3D_H2,Qwen3.5-397B,dollar_amount,"$22,189 million","$16,467 million",True,"Internal arithmetic inconsistency: The provided components (Total Current Assets $36,134 million minus Total Current Liabilities $13,945 million) equal $22,189 million, not $16,467 million.",high,2,9
FB_102_F5764A3D,FB_102_F5764A3D_H1,Qwen3.5-397B,dollar_amount,"$12,242 million","$14,968 million",True,"Internal arithmetic inconsistency: The provided components (Total Current Assets $32,200 million minus Total Current Liabilities $14,968 million) equal $17,232 million, not $19,958 million.",high,2,9
FB_103_98E6E9E2,FB_103_98E6E9E2_H2,Qwen3.5-397B,dollar_amount,"$65,398 million","$90,117 million",True,"Contradicts the 'Supporting Data' section within the same output which lists FY2020 revenue as $65,398 million. Additionally, $90B is historically implausible for Lockheed Martin in 2020 (actual was ~$65.4B).",high,4,6
FB_103_98E6E9E2,FB_103_98E6E9E2_H1,Qwen3.5-397B,dollar_amount,"$67,045 million","$87,879 million",True,"Contradicts the 'Supporting Data' section within the same output which lists FY2020 revenue as $65,398 million. Additionally, $90B is historically implausible for Lockheed Martin in 2020 (actual was ~$65.4B).",high,4,6
FB_104_AE0FFD33,FB_104_AE0FFD33_H3,Qwen3.5-397B,dollar_amount,"$1,479 million",$952 million,True,"Magnitude appears inconsistent with typical historical reporting for MGM Resorts, where Accounts Payable is usually reported significantly lower (often in the $300-$400 million range), suggesting potential conflation with Accrued Liabilities or hallucination.",high,3,3
FB_104_AE0FFD33,FB_104_AE0FFD33_H2,Qwen3.5-397B,dollar_amount,"$1,379 million","$1,050 million",True,"Follows the same suspicious pattern as FY2018; figures are consistently higher than typical Accounts Payable line items for this company, indicating a systematic error in line-item selection or data fabrication.",high,3,3
FB_104_AE0FFD33,FB_104_AE0FFD33_H1,Qwen3.5-397B,dollar_amount,"$1,295 million","$1,084 million",True,"Follows the same suspicious pattern as FY2018; figures are consistently higher than typical Accounts Payable line items for this company, indicating a systematic error in line-item selection or data fabrication.",high,3,3
FB_105_61DCE693,FB_105_61DCE693_H3,Qwen3.5-397B,dollar_amount,"$12,865 million","$8,743 million",True,"Internal inconsistency: The supporting data calculation for FY2018 uses a denominator of $12,865 million, not $8,743 million. Additionally, $12.8B is more consistent with historical MGM revenue than $8.7B, suggesting the primary metric figure is hallucinated.",high,4,11
FB_105_61DCE693,FB_105_61DCE693_H2,Qwen3.5-397B,dollar_amount,"$13,165 million","$17,790 million",True,"Internal inconsistency: The supporting data calculation for FY2019 uses a denominator of $13,165 million, not $17,790 million. Also, a 104% YoY revenue increase from 2018 to 2019 is highly implausible for MGM Resorts without a major disclosed acquisition.",high,4,11
FB_105_61DCE693,FB_105_61DCE693_H1,Qwen3.5-397B,percentage,19.74%,12.12%,True,"Mathematical error: 1,025 divided by 5,184 equals approximately 19.77%, not 12.12%. This indicates a hallucinated calculation result.",high,4,11
FB_106_EB0A9203,FB_106_EB0A9203_H2,Qwen3.5-397B,dollar_amount,$2 million,$1 million,False,,,3,10
FB_107_B17259C6,FB_107_B17259C6_H2,Qwen3.5-397B,dollar_amount,$394 million,$532 million,False,,,4,8
FB_107_B17259C6,FB_107_B17259C6_H1,Qwen3.5-397B,dollar_amount,$96 million,$59 million,False,,,4,8
FB_108_8E72B311,FB_108_8E72B311_H2,Qwen3.5-397B,dollar_amount,"$1,158 million",$793 million,True,"Internal inconsistency and mathematical error. The numerator ($793 million) contradicts the previously stated FY2022 Adjusted EBIT ($1,158 million). Additionally, $793 million divided by $438 million equals approximately 1.81, not 2.64. The ratio 2.64 is consistent with $1,158 million, indicating the $793 million figure is hallucinated.",high,3,7
FB_108_8E72B311,FB_108_8E72B311_H1,Qwen3.5-397B,dollar_amount,$410 million,$301 million,False,,,3,7
FB_109_F3781DA6,FB_109_F3781DA6_H2,Qwen3.5-397B,dollar_amount,"$6,324 million","$4,868 million",True,"Segment revenue is disclosed in Notes to Financial Statements, not Consolidated Statements of Operations. Sum of reported segments (~$7.1B) is significantly lower than MGM's known total FY2022 revenue (~$10.1B).",high,6,6
FB_109_F3781DA6,FB_109_F3781DA6_H1,Qwen3.5-397B,dollar_amount,$251 million,$210 million,True,"Segment revenue is typically disclosed in segment notes or earnings supplements, not on the face of the Consolidated Statements of Operations.",high,6,6
FB_110_74F7847F,FB_110_74F7847F_H2,Qwen3.5-397B,dollar_amount,"$1,500 million","$1,210 million",True,"Directly contradicts the Supporting Data section within the same report which states total short-term investments are $1,500 million for the same date.",high,6,6
FB_110_74F7847F,FB_110_74F7847F_H1,Qwen3.5-397B,dollar_amount,$900 million,$730 million,True,Directly contradicts the Supporting Data section within the same report which lists U.S. Treasury Bills at $900 million.,high,6,6
FB_111_A4B199F5,FB_111_A4B199F5_H3,Qwen3.5-397B,dollar_amount,"$24,060 million","$15,037 million",True,"Implausible gross margin. Microsoft FY2016 revenue was approximately $85 billion. A COGS of $15 billion implies a gross margin over 82%, whereas Microsoft's historical gross margin during this period was typically around 60-65%. The actual Cost of Revenue was approximately $32.8 billion.",high,4,4
FB_111_A4B199F5,FB_111_A4B199F5_H2,Qwen3.5-397B,dollar_amount,"$23,198 million","$19,557 million",True,"Inconsistent trend. The claimed drop from FY2014 ($28.5B) to FY2015 ($19.6B) contradicts Microsoft's financial history where Cost of Revenue remained stable or increased slightly due to cloud infrastructure investments, despite revenue growth.",high,4,4
FB_111_A4B199F5,FB_111_A4B199F5_H1,Qwen3.5-397B,dollar_amount,"$23,674 million","$28,477 million",True,"Part of an implausible downward trend. While closer to historical totals than FY2016 claim, the sequential decline across three years contradicts the company's scale and cost structure during this period.",medium,4,4
FB_112_2DC55A31,FB_112_2DC55A31_H2,Qwen3.5-397B,dollar_amount,"$51,000 million","$41,918 million",True,"High precision contrasts sharply with the rounded Asset/Equity figures in the same report, suggesting inconsistent data sourcing; magnitude may reflect only Long-Term Debt rather than Total Debt.",medium,6,6
FB_112_2DC55A31,FB_112_2DC55A31_H1,Qwen3.5-397B,dollar_amount,"$48,000 million","$28,845 million",True,"High precision contrasts sharply with the rounded Asset/Equity figures in the same report, suggesting inconsistent data sourcing or potential hallucination of specificity.",medium,6,6
FB_113_30E7F266,FB_113_30E7F266_H2,Qwen3.5-397B,large_number,"13,500","17,859",True,"Contradicts the revenue figure of USD 17,859 million used in the primary metric calculation within the same report. Additionally, this figure is historically implausible for Netflix in FY2015, as actual revenue was approximately USD 6.7 billion.",high,4,7
FB_113_30E7F266,FB_113_30E7F266_H1,Qwen3.5-397B,large_number,"1,200",906,True,"Contradicts the operating income figure of USD 1,200 million used in the Unadjusted EBITDA calculation later in the same report.",high,4,7
FB_114_ACC06CE8,FB_114_ACC06CE8_H2,Qwen3.5-397B,dollar_amount,"$4,052 million","$2,742 million",True,"Netflix was in a phase of aggressive content investment and international expansion during 2015-2017, which typically drives current liabilities (content payables, accrued expenses) higher alongside revenue growth. A decrease to $2,742 million from 2015 levels contradicts the operational scale-up and revenue doubling observed in this period.",high,2,3
FB_114_ACC06CE8,FB_114_ACC06CE8_H1,Qwen3.5-397B,dollar_amount,"$2,474 million","$3,253 million",True,"A year-over-year decline in current liabilities during a high-growth phase is operationally inconsistent for a streaming media company scaling content obligations. Current liabilities should generally increase with revenue and content spend, not decrease from the 2015 baseline.",high,2,3
FB_115_AE55E4C4,FB_115_AE55E4C4_H3,Qwen3.5-397B,dollar_amount,"$12,199 million","$9,070 million",True,"Plausibility concern: Given the stated revenue of $32,376 million, this COGS figure implies an extremely low cost structure (~28% of revenue) inconsistent with Nike's historical manufacturing and sourcing costs, which typically exceed 50% of revenue.",medium,4,10
FB_115_AE55E4C4,FB_115_AE55E4C4_H2,Qwen3.5-397B,large_number,"32,376","21,769",True,"Internal inconsistency: The calculation inputs (12,199 and 21,769) do not match the stated FY2016 COGS ($9,070) and Revenue ($32,376) listed immediately above. Additionally, the math is incorrect; 12,199 divided by 21,769 equals approximately 56.0%, not 37.7%.",high,4,10
FB_115_AE55E4C4,FB_115_AE55E4C4_H1,Qwen3.5-397B,percentage,37.7%,47.3%,True,"Internal inconsistency: The calculation inputs (12,199 and 21,769) do not match the stated FY2016 COGS ($9,070) and Revenue ($32,376) listed immediately above. Additionally, the math is incorrect; 12,199 divided by 21,769 equals approximately 56.0%, not 37.7%.",high,4,10
FB_116_1C09CCA7,FB_116_1C09CCA7_H3,Qwen3.5-397B,dollar_amount,"$7,883 million","$5,544 million",True,"This figure is disproportionately low for a company with ~$39 billion in FY2019 revenue. Nike's current assets typically include significant inventory and receivables, historically totaling around $15-16 billion during this period, not $5.5 billion. A current asset base this small would imply an unrealistically high asset turnover ratio for a footwear/apparel manufacturer.",high,3,3
FB_116_1C09CCA7,FB_116_1C09CCA7_H2,Qwen3.5-397B,dollar_amount,"$7,477 million","$9,099 million",True,This figure represents a near-doubling from the claimed FY2017 value and a significant drop from typical historical ranges (~$16 billion). Such volatility in current assets is inconsistent with Nike's stable growth profile during FY2018.,high,3,3
FB_116_1C09CCA7,FB_116_1C09CCA7_H1,Qwen3.5-397B,dollar_amount,"$6,704 million","$4,680 million",True,"This figure is suspiciously low relative to Nike's revenue scale at the time. Additionally, the trend implied (4.7B -> 9.1B -> 5.5B) shows extreme volatility (approx 50% swings) which is highly unusual for the working capital management of a mature large-cap consumer goods company.",high,3,3
FB_117_C880E731,FB_117_C880E731_H3,Qwen3.5-397B,dollar_amount,"$5,200 million","$6,037 million",True,"Directly contradicts the subsequent calculation which uses $6,037 million as the FY2021 inventory figure. Internal inconsistency indicates fabrication.",high,5,7
FB_117_C880E731,FB_117_C880E731_H2,Qwen3.5-397B,dollar_amount,"$4,951.50 million","$6,546.86 million",True,"Directly contradicts the subsequent calculation which uses $6,037 million as the FY2021 inventory figure. Internal inconsistency indicates fabrication.",high,5,7
FB_117_C880E731,FB_117_C880E731_H1,Qwen3.5-397B,dollar_amount,"$4,951.50 million","$3,274.29 million",True,"Directly contradicts the subsequent calculation which uses $6,037 million as the FY2021 inventory figure. Internal inconsistency indicates fabrication.",high,5,7
FB_118_8B6021A4,FB_118_8B6021A4_H3,Qwen3.5-397B,large_number,"1,112",739,False,,,3,10
FB_118_8B6021A4,FB_118_8B6021A4_H2,Qwen3.5-397B,dollar_amount,"$5,752 million","$7,663 million",True,"Significant variance alert: This figure represents a ~32% decrease in FY2022 ($5,200 million). While possible due to inventory issues, such a sharp drop in operating cash flow for a stable large-cap consumer company is unusual and warrants verification against the claimed 10-K source to ensure no metric conflation (e.g. Free Cash Flow vs Operating Cash Flow).",medium,3,10
FB_118_8B6021A4,FB_118_8B6021A4_H1,Qwen3.5-397B,dollar_amount,"$5,066 million","$4,216 million",True,"Direct internal contradiction: The detailed breakdown earlier in the text states FY2023 Operating Cash Flow was $5,066 million. The summary figure differs by over $800 million without explanation, indicating a likely hallucination or context loss in the summary generation.",high,3,10
FB_119_3CD84B18,FB_119_3CD84B18_H3,Qwen3.5-397B,dollar_amount,"$18,407 million","$23,876 million",True,"Inconsistent with the Working Capital Calculation section immediately below which lists Current Assets as $18,407 million.",high,3,9
FB_119_3CD84B18,FB_119_3CD84B18_H2,Qwen3.5-397B,dollar_amount,"$10,498 million","$12,740 million",True,"Inconsistent with the Working Capital Calculation section immediately below which lists Current Liabilities as $12,740 million.",high,3,9
FB_119_3CD84B18,FB_119_3CD84B18_H1,Qwen3.5-397B,dollar_amount,"$10,226 million","$8,689 million",True,"Inconsistent with the Working Capital Calculation section immediately below which lists Current Liabilities as $12,740 million.",high,3,9
FB_120_223C47BE,FB_120_223C47BE_H2,Qwen3.5-397B,dollar_amount,$4.2 billion,$3.2 billion,True,"While within a plausible magnitude for PepsiCo, this figure is likely understated compared to general knowledge of PepsiCo's FY2021 CapEx (typically reported closer to $4.6-$4.7 billion). Additionally, 10-K statements report in millions, not rounded billions, suggesting estimation.",high,4,6
FB_120_223C47BE,FB_120_223C47BE_H1,Qwen3.5-397B,dollar_amount,$3.4 billion,$2.5 billion,True,"This figure is anomalously low for PepsiCo, a capital-intensive FMCG company. Historical norms suggest CapEx closer to $4.0 billion+. A jump from $2.5B to $4.2B over two years is inconsistent with the stable capital profile of this industry.",high,4,6
FB_124_C0D9EB5C,FB_124_C0D9EB5C_H3,Qwen3.5-397B,dollar_amount,"$8,613 million","$6,616 million",True,"Internal mathematical error: $12,813 million minus $4,200 million equals $8,613 million, not $6,616 million.",high,8,14
FB_124_C0D9EB5C,FB_124_C0D9EB5C_H2,Qwen3.5-397B,dollar_amount,"$11,813 million","$15,021 million",True,"Internal mathematical error: The defined components ($15,021 million + $1,000 million) sum to $16,021 million, not the reported $12,813 million.",high,8,14
FB_124_C0D9EB5C,FB_124_C0D9EB5C_H1,Qwen3.5-397B,dollar_amount,"$10,200 million","$6,610 million",True,"Internal mathematical error: $12,813 million minus $4,200 million equals $8,613 million, not $6,616 million.",high,8,14
FB_125_E7A2D24B,FB_125_E7A2D24B_H3,Qwen3.5-397B,percentage,23.9%,18.6%,True,Contradicts the supporting data calculation later in the text which concludes a 30.9% margin. Internal inconsistency.,high,6,6
FB_125_E7A2D24B,FB_125_E7A2D24B_H2,Qwen3.5-397B,dollar_amount,"$13,209 million","$17,408 million",True,"Contradicts the Supporting Data section which lists Unadjusted Operating Income as $13,209 million. Internal inconsistency.",high,6,6
FB_125_E7A2D24B,FB_125_E7A2D24B_H1,Qwen3.5-397B,dollar_amount,"$17,188 million","$22,497 million",True,"Contradicts the Supporting Data section which lists Unadjusted Operating Income as $13,209 million. Internal inconsistency.",high,6,6
FB_126_3313FCA9,FB_126_3313FCA9_H3,Qwen3.5-397B,percentage,35.5%,27.2%,True,"Inconsistent with the provided raw vote count; 475,408,619 out of 1,000,000,000 equals 47.5%, not 27.2%.",high,4,7
FB_126_3313FCA9,FB_126_3313FCA9_H2,Qwen3.5-397B,large_number,"355,000,000","475,408,619",True,Mathematically impossible alongside the 'Votes against' figure; the sum of For and Against exceeds the reported Total votes cast by over 220 million.,high,4,7
FB_126_3313FCA9,FB_126_3313FCA9_H1,Qwen3.5-397B,large_number,"645,000,000","748,272,843",True,"When added to votes in favor, the total exceeds the reported 'Total votes cast' figure, indicating internal inconsistency.",high,4,7
FB_127_E1B380E5,FB_127_E1B380E5_H2,Qwen3.5-397B,dollar_amount,$1.5 billion,$1.0 billion,True,"Large-cap corporate credit facilities are typically structured in round numbers (e.g., $4.0B, $4.5B, $5.0B). A total commitment of $4.6 billion implies a previous facility size of $3.6 billion, which is an unusual non-round figure for a company of PepsiCo's scale. This level of specific precision is a common indicator of LLM hallucination when exact source documents are not accessible.",medium,1,5
FB_127_E1B380E5,FB_127_E1B380E5_H1,Qwen3.5-397B,dollar_amount,$5.5 billion,$4.6 billion,True,"Large-cap corporate credit facilities are typically structured in round numbers (e.g., $4.0B, $4.5B, $5.0B). A total commitment of $4.6 billion implies a previous facility size of $3.6 billion, which is an unusual non-round figure for a company of PepsiCo's scale. This level of specific precision is a common indicator of LLM hallucination when exact source documents are not accessible.",medium,1,5
FB_128_F410AC0E,FB_128_F410AC0E_H3,Qwen3.5-397B,dollar_amount,"$3,000 million","$4,150 million",True,"Internal mathematical contradiction: $4,150 million equals $4.15 billion, not $3 billion.",high,5,7
FB_128_F410AC0E,FB_128_F410AC0E_H2,Qwen3.5-397B,dollar_amount,"$41,173 million","$27,616 million",True,"Internal mathematical contradiction: $4,150 million equals $4.15 billion, not $3 billion.",high,5,7
FB_128_F410AC0E,FB_128_F410AC0E_H1,Qwen3.5-397B,dollar_amount,"$92,575 million","$107,506 million",True,"Internal mathematical contradiction: $107,506 million equals $107.506 billion, not $92.575 billion.",high,5,7
FB_129_1F62F697,FB_129_1F62F697_H3,Qwen3.5-397B,percentage,10%,14.2%,True,Highly implausible for a mature consumer staples company like PepsiCo to guide on total reported revenue growth of this magnitude; they typically guide on Organic Revenue Growth (mid-single digits).,medium,4,14
FB_129_1F62F697,FB_129_1F62F697_H2,Qwen3.5-397B,percentage,10.3%,16.9%,True,"Mathematical inconsistency: The provided dollar amounts ($2,054M vs $1,862M) yield a growth rate of approximately 10.3%, not 16.9%.",high,4,14
FB_129_1F62F697,FB_129_1F62F697_H1,Qwen3.5-397B,dollar_amount,$1.29 ,$1.00 ,True,"Mathematical impossibility: An increase from $1.00 to $1.50 represents 50% growth, not 16.3%. This indicates either the prior year EPS figure or the growth rate is hallucinated.",high,4,14
FB_130_B646D047,FB_130_B646D047_H3,Qwen3.5-397B,percentage,10%,17.6%,True,"Mathematically inconsistent with the subsequent claim of a 2 percentage point increase (17.6 - 2.6 = 15.0). Additionally, 17.6% EPS growth guidance is implausibly high for a mature consumer staples company like PepsiCo.",high,4,5
FB_130_B646D047,FB_130_B646D047_H2,Qwen3.5-397B,percentage,8%,2.6%,True,"Mathematically inconsistent with the subsequent claim of a 2 percentage point increase (17.6 - 2.6 = 15.0). Additionally, 17.6% EPS growth guidance is implausibly high for a mature consumer staples company like PepsiCo.",high,4,5
FB_130_B646D047,FB_130_B646D047_H1,Qwen3.5-397B,percentage,8%,17.0%,True,Directly contradicts the Primary Metric section which stated previous guidance was 2.6%. Internal inconsistency within the same report.,high,4,5
FB_131_3A78CB5F,FB_131_3A78CB5F_H2,Qwen3.5-397B,dollar_amount,"$12,171 million","$8,948 million",True,"These values indicate a year-over-year decrease of approximately 21%, which directly contradicts the reported positive percentage change of 6.78%. Additionally, these specific values are ignored in the subsequent calculation section, which uses entirely different figures (12,171 and 7,869).",high,2,5
FB_131_3A78CB5F,FB_131_3A78CB5F_H1,Qwen3.5-397B,large_number,"11,396","7,869",True,"This claim contains two critical errors. First, the arithmetic is incorrect: (12,171 - 7,869) / 11,396 equals approximately 37.75%, not 6.78%. Second, the input numbers (12,171 and 7,869) do not match the PPNE values stated earlier in the report ($8,948 million and $11,396 million), indicating severe internal inconsistency or hallucination.",high,2,5
FB_132_9F7A4F77,FB_132_9F7A4F77_H2,Qwen3.5-397B,dollar_amount,"$20,028 million","$26,881 million",False,,,3,7
FB_132_9F7A4F77,FB_132_9F7A4F77_H1,Qwen3.5-397B,dollar_amount,"$2,200 million","$1,431 million",True,Temporal inconsistency. The Tax Cuts and Jobs Act (TCJA) was enacted in December 2017. Most significant revaluation impacts (benefits or charges) were recorded in FY2017 or finalized in FY2018. Attributing a material $1.4 billion TCJA revaluation benefit specifically to FY2019 is highly unusual and likely conflates events from earlier fiscal years.,medium,3,7
FB_133_F4882588,FB_133_F4882588_H3,Qwen3.5-397B,dollar_amount,"$11,400 million","$14,483 million",True,"The acquisition of Array BioPharma was widely reported as closing in July 2019, not 2020. Additionally, the initial deal value was approximately $11.4 billion; a figure of $14.483 billion is suspiciously precise and significantly higher than the announced deal value without clear explanation of contingent consideration.",high,4,5
FB_133_F4882588,FB_133_F4882588_H2,Qwen3.5-397B,dollar_amount,"$2,000 million","$2,747 million",True,"The Pfizer-Trillium acquisition was announced and closed in November 2021, not April 2021. The deal value was initially reported around $2.26 billion, making the $2.747 billion figure and the April date inconsistent with public records.",high,4,5
FB_133_F4882588,FB_133_F4882588_H1,Qwen3.5-397B,dollar_amount,"$1,000 million","$1,317 million",True,"Pfizer and BioNTech operate under a commercial collaboration agreement for the COVID-19 vaccine, not an equity acquisition structure. There is no record of Pfizer acquiring a $1.3 billion equity stake in BioNTech reported as an acquisition in the 2021 10-K.",high,4,5
FB_134_8EAD738D,FB_134_8EAD738D_H1,Qwen3.5-397B,dollar_amount,"$1,200 million","$1,654 million",True,"The Upjohn-Mylan merger (forming Viatris) was completed in November 2020. It is financially implausible for Pfizer to project significant future spin-off costs for this transaction in a Q2 2023 filing, as the deal closed over two years prior. This suggests a hallucination conflating historical transaction costs from 2019-2020 with a current 2023 filing date.",high,1,1
FB_135_DFC4B0A4,FB_135_DFC4B0A4_H3,Qwen3.5-397B,dollar_amount,"$3,174 million","$2,548 million",True,"Plausibility conflict: Combined with the U.S. revenue claim, the implied total revenue (~$18.9 billion) contradicts the known significant revenue contraction Pfizer experienced in 2023 (from ~$27.7B in Q2 2022 to ~$12.7B in Q2 2023).",high,4,6
FB_135_DFC4B0A4,FB_135_DFC4B0A4_H2,Qwen3.5-397B,dollar_amount,"$12,427 million","$16,404 million",True,Plausibility conflict: Pfizer's total consolidated global revenue for Q2 2023 was approximately $12.7 billion. A single geographic region (U.S.) cannot exceed the total company revenue.,high,4,6
FB_135_DFC4B0A4,FB_135_DFC4B0A4_H1,Qwen3.5-397B,percentage,4.0%,0.0%,True,"Internal mathematical inconsistency: The provided dollar figures show an increase from $12,948 million to $16,404 million, which is approximately a 26.7% increase, not a 0.0% decline.",high,4,6
FB_137_A71B03EF,FB_137_A71B03EF_H2,Qwen3.5-397B,dollar_amount,"$1,000 million",$751 million,True,"Internal contradiction: The Supporting Data section within the same report lists '$1,000 million due in 2031'. Additionally, bond principal amounts are typically round figures (e.g., $1,000 million), while $751 million resembles a carrying value net of amortization, making the label 'principal amount' suspicious.",high,3,7
FB_137_A71B03EF,FB_137_A71B03EF_H1,Qwen3.5-397B,dollar_amount,"$1,500 million",$931 million,False,,,3,7
FB_138_1767BBA1,FB_138_1767BBA1_H3,Qwen3.5-397B,dollar_amount,"$3,900.5 million","$5,245.6 million",True,"Ulta Beauty is a large-cap retailer with publicly known revenue exceeding $10 billion in FY2022. A figure of $5.2 billion is approximately half the actual scale, suggesting a significant magnitude error or hallucination.",high,7,8
FB_138_1767BBA1,FB_138_1767BBA1_H2,Qwen3.5-397B,dollar_amount,"$3,200.2 million","$2,212.1 million",True,Ulta's balance sheet typically reflects total assets well above $6 billion in this period due to store lease assets and inventory. $2.2 billion is inconsistent with the company's known asset base.,high,7,8
FB_138_1767BBA1,FB_138_1767BBA1_H1,Qwen3.5-397B,dollar_amount,"$3,500.0 million","$2,497.7 million",True,"Consistent with previous asset claims, this figure is significantly understated compared to general knowledge of Ulta's balance sheet size (typically >$6 billion).",high,7,8
FB_139_4FC46F83,FB_139_4FC46F83_H3,Qwen3.5-397B,dollar_amount,"$2,800.0 million","$1,698.3 million",True,"Material scale inconsistency. FY2022 annual revenue for Ulta Beauty was approximately $10 billion. $1.7 billion is drastically too low for a full fiscal year, likely representing a quarter instead.",high,5,9
FB_139_4FC46F83,FB_139_4FC46F83_H2,Qwen3.5-397B,percentage,42.4%,31.4%,True,"Internal mathematical inconsistency. Based on the provided figures ($1,186.5m SG&A / $1,698.3m Sales), the actual percentage is ~69.9%, not 31.4%. The numbers do not add up.",high,5,9
FB_139_4FC46F83,FB_139_4FC46F83_H1,Qwen3.5-397B,percentage,50.1%,43.9%,True,"Internal mathematical inconsistency. Based on the provided figures ($1,063.0m SG&A / $2,120.0m Sales), the actual percentage is ~50.1%, not 43.9%. The calculation is incorrect.",high,5,9
FB_140_E38BA3D2,FB_140_E38BA3D2_H3,Qwen3.5-397B,dollar_amount,"$1,211.8 million",$952.0 million,True,Inventory declining consistently over three years (2021-2023) while Revenue grows ~60% suggests an impossible improvement in inventory turnover; the absolute scale is also low relative to the company's actual size and store count.,high,4,9
FB_140_E38BA3D2,FB_140_E38BA3D2_H2,Qwen3.5-397B,dollar_amount,"$1,050.5 million","$1,266.6 million",False,,,4,9
FB_140_E38BA3D2,FB_140_E38BA3D2_H1,Qwen3.5-397B,dollar_amount,"$1,646.5 million","$1,112.3 million",True,"COGS decreasing year-over-year while Revenue increased ~38% (from $2,100m to $2,908m) is logically inconsistent for a retail model; additionally, this implies a gross margin of ~62% in 2022, whereas Ulta typically reports gross margins around 30-35%.",high,4,9
FB_141_339C8E4B,FB_141_339C8E4B_H3,Qwen3.5-397B,dollar_amount,$250 million,$298 million,True,"Internal inconsistency: The data section explicitly states Q4 repurchases were $298 million, but the calculation section abruptly uses $250 million without explanation or correction.",high,5,9
FB_141_339C8E4B,FB_141_339C8E4B_H2,Qwen3.5-397B,dollar_amount,"$1,500 million","$1,001 million",True,Suspiciously round number: Actual SEC filing figures rarely align to exact round billions; this suggests an estimated or hallucinated figure rather than reported data.,medium,5,9
FB_141_339C8E4B,FB_141_339C8E4B_H1,Qwen3.5-397B,percentage,25%,18.1%,True,"Internal inconsistency: The shown calculation results in 25%, but the final conclusion states 18.1%, indicating the final figure is hallucinated or unrelated to the provided data.",high,5,9
FB_142_54C31BE1,FB_142_54C31BE1_H2,Qwen3.5-397B,dollar_amount,"$1,083.5 million",$830.6 million,True,"Internal inconsistency: Later in the report, the wages expense figure changes to $1,083.5 million for the percentage calculation. Additionally, 'Wages Expense' is not a standard standalone line item on the face of a GAAP Consolidated Statement of Operations for retailers; it is typically embedded within SG&A.",high,4,4
FB_142_54C31BE1,FB_142_54C31BE1_H1,Qwen3.5-397B,dollar_amount,"$3,829.0 million","$4,411.0 million",True,"Internal inconsistency: The denominator used in the percentage calculation later in the text is $4,411.0 million, contradicting this figure. Furthermore, $3.8 billion aligns more closely with a single quarter's revenue than a full fiscal year context without explicit qualification.",high,4,4
FB_143_A0EA48F4,FB_143_A0EA48F4_H3,Qwen3.5-397B,dollar_amount,"$12,000 million","$15,974 million",True,"This figure directly contradicts the Supporting Data section which lists 2021 Interest Rate Swaps at $12,000 million. Internal inconsistency suggests hallucination.",high,6,7
FB_143_A0EA48F4,FB_143_A0EA48F4_H2,Qwen3.5-397B,dollar_amount,"$1,500 million","$1,034 million",True,"Suspiciously round number for a specific financial filing claim. Real 10-K data typically includes specific digits (e.g., $1,523 million).",medium,6,7
FB_143_A0EA48F4,FB_143_A0EA48F4_H1,Qwen3.5-397B,dollar_amount,"$11,000 million","$8,922 million",False,,,6,7
FB_144_BD395CC4,FB_144_BD395CC4_H2,Qwen3.5-397B,dollar_amount,"$3,800 million","$2,611 million",True,"Accounting terminology error: 10-K filings disclose 'Expected Benefit Payments' for future years, not 'Obligations'. Obligations (PBO/APBO) are measured as of the balance sheet date. Additionally, Verizon's total benefit liabilities are typically in the tens of billions, making this figure suspiciously low unless it refers to annual payments, in which case the label 'obligations' is incorrect.",high,3,3
FB_144_BD395CC4,FB_144_BD395CC4_H1,Qwen3.5-397B,dollar_amount,"$3,600 million","$4,598 million",True,"Magnitude inconsistency: Verizon's total retiree benefit obligations (PBO + OPEB) are historically in the range of $20-$30 billion, not low billions. If this refers to annual payments, the terminology 'obligations' is incorrect. The precision suggests fabrication.",high,3,3
FB_145_F02E8ED1,FB_145_F02E8ED1_H2,Qwen3.5-397B,dollar_amount,"$27,241 million","$37,936 million",False,,,4,8
FB_145_F02E8ED1,FB_145_F02E8ED1_H1,Qwen3.5-397B,dollar_amount,"$12,066 million","$7,911 million",False,,,4,8
FB_146_6EE83766,FB_146_6EE83766_H3,Qwen3.5-397B,dollar_amount,"$202,000 million","$127,741 million",True,"This figure appears significantly understated for Verizon's scale. For a company with ~$136B revenue, total assets typically exceed revenue by 2-3x due to network infrastructure. This number closely resembles Shareholders' Equity rather than Total Assets, suggesting a line-item hallucination.",high,4,4
FB_146_6EE83766,FB_146_6EE83766_H2,Qwen3.5-397B,dollar_amount,"$19,000 million","$15,877 million",True,"While precise, this figure seems consistently understated relative to known 5G investment cycles which drove CapEx higher in 2021. Combined with the other errors, it suggests a systematic understatement of financial scale.",medium,4,4
FB_146_6EE83766,FB_146_6EE83766_H1,Qwen3.5-397B,dollar_amount,"$18,000 million","$12,860 million",True,"This figure contributes to a suspiciously linear growth trend (12.8 -> 15.8 -> 20.0). Telecom CapEx is typically lumpy due to spectrum auctions and network upgrades, making this smooth progression unlikely.",medium,4,4
FB_147_D81E1F94,FB_147_D81E1F94_H3,Qwen3.5-397B,dollar_amount,"$164,000 million","$214,715 million",False,,,4,9
FB_147_D81E1F94,FB_147_D81E1F94_H2,Qwen3.5-397B,dollar_amount,"$159,000 million","$212,971 million",False,,,4,9
FB_147_D81E1F94,FB_147_D81E1F94_H1,Qwen3.5-397B,dollar_amount,"$75,000 million","$50,809 million",False,,,4,9
FB_148_2F878B14,FB_148_2F878B14_H2,Qwen3.5-397B,dollar_amount,"$1,402 million",$883 million,True,"Internal inconsistency: Later in the same report under 'SUPPORTING DATA', the Change in Inventory is cited as $883 million when calculating the total for DPO, contradicting the earlier calculation of $1,402 million.",high,5,11
FB_148_2F878B14,FB_148_2F878B14_H1,Qwen3.5-397B,large_number,049308,32542,True,"Arithmetic hallucination: The ratio of Average AP to Denominator ($19,611 / $397,715) is approximately 0.0493, not 0.32542. Furthermore, 365 multiplied by 0.32542 equals ~118.78, not 18.00.",high,5,11
FB_149_247B6607,FB_149_247B6607_H2,Qwen3.5-397B,dollar_amount,"$24,202 million","$30,045 million",True,"Internal contradiction: The Primary Metric section lists FY19 Operating Income as $30,045 million, but the Supporting Data section uses $24,202 million for the same metric in the margin calculation.",high,4,9
FB_149_247B6607,FB_149_247B6607_H1,Qwen3.5-397B,percentage,4.7%,16.1%,True,"Mathematical error and sector implausibility: The division provided (24,202 / 514,405) equals approximately 4.7%, not 16.1%. Furthermore, a 16.1% operating margin is highly unrealistic for Walmart, a low-margin retailer typically operating between 3-5%.",high,4,9
FB_150_3E3CE551,FB_150_3E3CE551_H2,Qwen3.5-397B,dollar_amount,"$22,165 million","$14,431 million",True,"Internal inconsistency: The numerator ($14,431 million) contradicts the previously stated FY2018 Unadjusted EBITDA ($22,165 million) in the same report. Additionally, $14,431m / $500,343m equals ~2.9%, not 4.4%.",high,5,22
FB_150_3E3CE551,FB_150_3E3CE551_H1,Qwen3.5-397B,dollar_amount,"$514,405 million","$347,115 million",True,"Internal inconsistency: The denominator ($347,115 million) contradicts the previously stated FY2019 Total Revenue ($514,405 million) in the same report. Additionally, $23,174m / $347,115m equals ~6.7%, not 4.5%.",high,5,22
FB_001_F18BFC11,FB_001_F18BFC11_H2,Llama 3 70B Instruct,dollar_amount,"$1,449 million","$1,677 million",True,"The reported capital expenditure amount seems suspiciously low compared to the previous years' figures, which are significantly higher.",medium,1,3
FB_001_F18BFC11,FB_001_F18BFC11_H1,Llama 3 70B Instruct,dollar_amount,"$1,487 million","$1,967 million",True,"The reported capital expenditure amount seems suspiciously low compared to the previous years' figures, which are significantly higher.",medium,1,3
FB_002_42BE1D74,FB_002_42BE1D74_H2,Llama 3 70B Instruct,dollar_amount,$18.2 billion,$14.3 billion,True,A 65% increase in Net PPNE from FY2016 to FY2017 seems unusual and warrants further investigation.,medium,1,3
FB_002_42BE1D74,FB_002_42BE1D74_H1,Llama 3 70B Instruct,dollar_amount,$17.8 billion,$10.9 billion,True,A 65% increase in Net PPNE from FY2016 to FY2017 seems unusual and warrants further investigation.,medium,1,3
FB_003_959AE4F2,FB_003_959AE4F2_H3,Llama 3 70B Instruct,dollar_amount,"$45,517 million","$59,768 million",False,,,1,8
FB_003_959AE4F2,FB_003_959AE4F2_H2,Llama 3 70B Instruct,dollar_amount,"$1,451 million","$1,858 million",False,,,1,8
FB_003_959AE4F2,FB_003_959AE4F2_H1,Llama 3 70B Instruct,dollar_amount,"$35,436 million","$29,761 million",True,"The reported revenue for FY2021 seems suspiciously high compared to FY2022 and FY2020, which are relatively close in value. A 55% increase in revenue from FY2020 to FY2021 is unusual for a stable industrial company like 3M.",medium,1,8
FB_004_FF1B8BC2,FB_004_FF1B8BC2_H3,Llama 3 70B Instruct,dollar_amount,"$6,081 million","$7,927 million",True,"The calculation provided does not match the claimed operating margin. $7,927 million divided by $36,693 million is approximately 21.6%, not 16.5%.",high,2,7
FB_004_FF1B8BC2,FB_004_FF1B8BC2_H2,Llama 3 70B Instruct,dollar_amount,"$36,693 million","$46,995 million",True,"The total revenue figure provided earlier in the output is $36,693 million, which contradicts this claim.",high,2,7
FB_004_FF1B8BC2,FB_004_FF1B8BC2_H1,Llama 3 70B Instruct,dollar_amount,"$36,086 million","$44,964 million",True,"The total revenue figure provided earlier in the output is $36,693 million, which contradicts this claim.",high,2,7
FB_005_FE85BE68,FB_005_FE85BE68_H2,Llama 3 70B Instruct,dollar_amount,"$12,421 million","$8,236 million",False,,,1,7
FB_005_FE85BE68,FB_005_FE85BE68_H1,Llama 3 70B Instruct,dollar_amount,"$8,052 million","$6,023 million",False,,,1,7
FB_006_A4622E06,FB_006_A4622E06_H2,Llama 3 70B Instruct,dollar_amount,"$8,492 million","$5,902 million",True,"The reported current assets figure seems suspiciously round, as it ends with two zeros. While it's possible that the actual figure is indeed $5,902 million, it's unusual for financial figures to be this precise.",medium,1,5
FB_006_A4622E06,FB_006_A4622E06_H1,Llama 3 70B Instruct,dollar_amount,"$4,313 million","$5,576 million",False,,,1,5
FB_007_31B558AC,FB_007_31B558AC_H3,Llama 3 70B Instruct,dollar_amount,$750 million,$1009 million,False,,,2,9
FB_007_31B558AC,FB_007_31B558AC_H2,Llama 3 70B Instruct,percentage,3.750%,0.010%,True,"Interest rate of 0.010% seems suspiciously low for a debt security, especially compared to the other rates listed.",high,2,9
FB_007_31B558AC,FB_007_31B558AC_H1,Llama 3 70B Instruct,percentage,4.250%,8.500%,False,,,2,9
FB_008_77FDE37A,FB_008_77FDE37A_H3,Llama 3 70B Instruct,dollar_amount,$1.49 ,$1.08 ,True,"The dividend declared per share seems suspiciously low compared to the previous year's dividend of $1.90 per share, and the year-over-year change appears unusual for a stable industrial company like 3M.",medium,2,7
FB_008_77FDE37A,FB_008_77FDE37A_H2,Llama 3 70B Instruct,dollar_amount,$1.49 ,$1.90 ,False,,,2,7
FB_008_77FDE37A,FB_008_77FDE37A_H1,Llama 3 70B Instruct,dollar_amount,$5.76 ,$7.92 ,True,"The total dividend paid per share for FY 2020 seems unusually high compared to the other years, and the year-over-year change appears unusual for a stable industrial company like 3M.",medium,2,7
FB_009_ABDB2F6B,FB_009_ABDB2F6B_H2,Llama 3 70B Instruct,dollar_amount,"$1,025 million","$1,274 million",True,"The calculation for average PP&E uses $1,274 million, which is not provided as a separate data point. This inconsistency raises suspicion.",high,3,7
FB_009_ABDB2F6B,FB_009_ABDB2F6B_H1,Llama 3 70B Instruct,dollar_amount,"$1,037 million","$1,435 million",True,"The calculation for average PP&E uses $1,274 million, which is not provided as a separate data point. This inconsistency raises suspicion.",high,3,7
FB_010_CBE1B721,FB_010_CBE1B721_H2,Llama 3 70B Instruct,percentage,3.3%,14.3%,True,The calculated percentage seems unusually high compared to the other years. A 14.3% capex to revenue ratio is unusually high for a stable company like Activision Blizzard.,high,2,8
FB_010_CBE1B721,FB_010_CBE1B721_H1,Llama 3 70B Instruct,percentage,5.1%,16.3%,True,"The calculation seems incorrect. The correct calculation should be (2.9% + 5.1% + 2.9%) / 3, not (2.9% + 3.3% + 16.3%) / 3.",high,2,8
FB_011_F50BA584,FB_011_F50BA584_H2,Llama 3 70B Instruct,dollar_amount,"$1,626 million","$1,051 million",False,,,1,7
FB_011_F50BA584,FB_011_F50BA584_H1,Llama 3 70B Instruct,dollar_amount,"$1,660 million","$1,034 million",False,,,1,7
FB_012_41487F3A,FB_012_41487F3A_H2,Llama 3 70B Instruct,dollar_amount,"$2,825 million","$2,035 million",True,"The calculation for year-over-year change uses $2,825 million as the FY2016 operating income, but the primary metric claims it is $2,035 million.",high,2,4
FB_012_41487F3A,FB_012_41487F3A_H1,Llama 3 70B Instruct,percentage,21.3%,32.8%,True,"The calculation shows a year-over-year change of 32.8%, but the rounded percentage change is reported as 21.3%, which is inconsistent.",high,2,4
FB_013_E5C83D85,FB_013_E5C83D85_H2,Llama 3 70B Instruct,dollar_amount,"$2,927 million","$2,397 million",False,,,1,6
FB_013_E5C83D85,FB_013_E5C83D85_H1,Llama 3 70B Instruct,dollar_amount,"$2,628 million","$3,504 million",True,"The reported cash from operations for FY2015 seems suspiciously high compared to FY2016 and FY2017, which are significantly lower.",medium,1,6
FB_014_3C2ED91D,FB_014_3C2ED91D_H2,Llama 3 70B Instruct,percentage,32.9%,38.5%,True,The operating margin is suspiciously high compared to the calculated value from the provided revenue and operating income figures.,high,2,7
FB_014_3C2ED91D,FB_014_3C2ED91D_H1,Llama 3 70B Instruct,dollar_amount,"$5,786 million","$4,381 million",False,,,2,7
FB_015_5E139DB3,FB_015_5E139DB3_H2,Llama 3 70B Instruct,dollar_amount,"$4,895 million","$3,695 million",True,"The reported free cash flow value is lower than the operating cash flow value, which is unusual",medium,2,6
FB_015_5E139DB3,FB_015_5E139DB3_H1,Llama 3 70B Instruct,dollar_amount,"$3,396 million","$4,076 million",False,,,2,6
FB_017_4ABE7642,FB_017_4ABE7642_H3,Llama 3 70B Instruct,dollar_amount,"$8,814 million","$11,608 million",True,"The COGS value used in the inventory turnover ratio calculation ($11,413 million) does not match the reported COGS value for FY2022 ($11,608 million). This inconsistency raises concerns about the accuracy of the calculation.",high,2,5
FB_017_4ABE7642,FB_017_4ABE7642_H2,Llama 3 70B Instruct,dollar_amount,"$8,187 million","$5,621 million",True,"The COGS for FY2021 seems suspiciously low compared to the COGS for FY2022, which is $11,608 million. A 107% increase in COGS from FY2021 to FY2022 is unusual and warrants further investigation.",medium,2,5
FB_017_4ABE7642,FB_017_4ABE7642_H1,Llama 3 70B Instruct,dollar_amount,"$8,814 million","$11,413 million",True,"The COGS value used in the inventory turnover ratio calculation ($11,413 million) does not match the reported COGS value for FY2022 ($11,608 million). This inconsistency raises concerns about the accuracy of the calculation.",high,2,5
FB_018_6E9F56BB,FB_018_6E9F56BB_H2,Llama 3 70B Instruct,dollar_amount,"$38,425 million","$27,446 million",True,"The calculation for Average Total Assets uses $27,446 million as Total Assets FY2021, which is inconsistent with the reported value of $38,425 million.",high,3,9
FB_018_6E9F56BB,FB_018_6E9F56BB_H1,Llama 3 70B Instruct,dollar_amount,"$39,339 million","$29,233 million",True,"The calculation for Average Total Assets uses $27,446 million as Total Assets FY2021, which is inconsistent with the reported value of $38,425 million.",high,3,9
FB_019_A187C1CC,FB_019_A187C1CC_H2,Llama 3 70B Instruct,dollar_amount,"$17,202 million","$14,425 million",False,,,1,7
FB_019_A187C1CC,FB_019_A187C1CC_H1,Llama 3 70B Instruct,dollar_amount,"$16,632 million","$10,104 million",False,,,1,7
FB_020_C68C8862,FB_020_C68C8862_H2,Llama 3 70B Instruct,dollar_amount,"$136,004 million","$179,626 million",True,"This figure does not match the supporting data, which lists FY2016 revenue as $136,004 million.",high,2,5
FB_020_C68C8862,FB_020_C68C8862_H1,Llama 3 70B Instruct,percentage,30.8%,26.6%,True,"The calculation provided does not match the given revenue figures. The correct calculation would be (177,866 - 136,004) / 136,004 * 100, which is approximately 30.8%, not 26.6%.",high,2,5
FB_021_8ECDBFF6,FB_021_8ECDBFF6_H2,Llama 3 70B Instruct,dollar_amount,"$11,588 million","$14,743 million",False,,,0,3
FB_021_8ECDBFF6,FB_021_8ECDBFF6_H1,Llama 3 70B Instruct,dollar_amount,"$3,033 million","$2,112 million",False,,,0,3
FB_022_466C1ED8,FB_022_466C1ED8_H2,Llama 3 70B Instruct,dollar_amount,"$1,205 million",$947 million,True,"The reported FY2020 net AR is suspiciously lower compared to the previous two years, with a 18% decrease from FY2019 and a 23% decrease from FY2018. This seems unusual given the company's stable operations.",medium,1,3
FB_022_466C1ED8,FB_022_466C1ED8_H1,Llama 3 70B Instruct,dollar_amount,"$1,063 million","$1,235 million",False,,,1,3
FB_024_214CEB4C,FB_024_214CEB4C_H3,Llama 3 70B Instruct,dollar_amount,"$2,843 million","$2,085 million",True,"Inconsistent with later reported value of $2,843 million for FY2022 Current Liabilities",high,2,8
FB_024_214CEB4C,FB_024_214CEB4C_H2,Llama 3 70B Instruct,dollar_amount,"$4,196 million","$2,926 million",True,"Inconsistent with earlier reported value of $2,085 million for FY2022 Current Liabilities",high,2,8
FB_024_214CEB4C,FB_024_214CEB4C_H1,Llama 3 70B Instruct,dollar_amount,"$1,058 million",$891 million,False,,,2,8
FB_025_E70F40EB,FB_025_E70F40EB_H3,Llama 3 70B Instruct,large_number,"1,200","1,669",False,,,1,7
FB_025_E70F40EB,FB_025_E70F40EB_H2,Llama 3 70B Instruct,large_number,"13,500","17,880",False,,,1,7
FB_025_E70F40EB,FB_025_E70F40EB_H1,Llama 3 70B Instruct,large_number,"1,100",897,False,,,1,7
FB_027_9BE33B25,FB_027_9BE33B25_H3,Llama 3 70B Instruct,percentage,20.5%,12.6%,True,"The calculated gross margin using the provided COGS and Total Revenue figures is 9.4%, not 12.6%",high,2,8
FB_027_9BE33B25,FB_027_9BE33B25_H2,Llama 3 70B Instruct,dollar_amount,"$10,000 million","$8,437 million",False,,,2,8
FB_027_9BE33B25,FB_027_9BE33B25_H1,Llama 3 70B Instruct,percentage,20.5%,9.4%,True,"The calculation is correct, but the figure is inconsistent with the initially reported 12.6%",medium,2,8
FB_028_C84B8000,FB_028_C84B8000_H2,Llama 3 70B Instruct,dollar_amount,$45 million,$38 million,True,"The reported restructuring liability for Q2 FY2022 is identical to the reported liability for Q2 FY2023, which seems suspiciously consistent and may indicate a fabrication or copying error.",medium,1,3
FB_028_C84B8000,FB_028_C84B8000_H1,Llama 3 70B Instruct,dollar_amount,$50 million,$38 million,True,"The reported restructuring liability for Q2 FY2022 is identical to the reported liability for Q2 FY2023, which seems suspiciously consistent and may indicate a fabrication or copying error.",medium,1,3
FB_029_CA5B2B49,FB_029_CA5B2B49_H2,Llama 3 70B Instruct,dollar_amount,"$2,200 million","$2,622 million",True,"The reported figure seems suspiciously precise, with an unusual number of significant digits. Financial reports often round figures to the nearest million or hundred million.",medium,1,3
FB_029_CA5B2B49,FB_029_CA5B2B49_H1,Llama 3 70B Instruct,dollar_amount,"$2,000 million","$1,517 million",False,,,1,3
FB_030_DF79B84F,FB_030_DF79B84F_H2,Llama 3 70B Instruct,dollar_amount,"$14,000 million","$16,612 million",True,"The reported FY 2023 Net Sales figure is inconsistent with the supporting data, which lists FY 2023 Net Sales as $14,000 million.",high,2,5
FB_030_DF79B84F,FB_030_DF79B84F_H1,Llama 3 70B Instruct,dollar_amount,"$13,500 million","$8,955 million",True,"The reported FY 2022 Net Sales figure is inconsistent with the supporting data, which lists FY 2022 Net Sales as $13,500 million.",high,2,5
FB_031_E5667B37,FB_031_E5667B37_H3,Llama 3 70B Instruct,dollar_amount,"$1,165 million",$762 million,False,,,1,5
FB_031_E5667B37,FB_031_E5667B37_H2,Llama 3 70B Instruct,dollar_amount,"$5,506 million","$7,678 million",False,,,1,5
FB_031_E5667B37,FB_031_E5667B37_H1,Llama 3 70B Instruct,percentage,21.2%,29.4%,True,"The calculated D&A margin seems suspiciously high, as it is unusual for a company like AMD to have a D&A margin above 20%. Additionally, the year-over-year changes in D&A margin are minimal, which is unusual given the significant changes in revenue.",high,1,5
FB_032_D18D6021,FB_032_D18D6021_H2,Llama 3 70B Instruct,dollar_amount,"$1,202 million","$1,474 million",True,"The supporting data lists inventory as $1,202 million, but the calculation uses $1,474 million, which is inconsistent.",high,2,5
FB_032_D18D6021,FB_032_D18D6021_H1,Llama 3 70B Instruct,dollar_amount,"$4,973 million","$6,844 million",True,"The calculation of the quick ratio uses $6,844 million as the current liabilities, but the supporting data lists current liabilities as $4,973 million, which is inconsistent.",high,2,5
FB_033_EE9D3CFB,FB_033_EE9D3CFB_H3,Llama 3 70B Instruct,dollar_amount,"$10,800 million","$8,249 million",False,,,1,5
FB_033_EE9D3CFB,FB_033_EE9D3CFB_H2,Llama 3 70B Instruct,dollar_amount,"$9,763 million","$6,395 million",True,"The segment revenues add up to more than the total revenue, which is an internal inconsistency.",high,1,5
FB_033_EE9D3CFB,FB_033_EE9D3CFB_H1,Llama 3 70B Instruct,dollar_amount,"$3,763 million","$4,399 million",True,"The segment revenues add up to more than the total revenue, which is an internal inconsistency.",high,1,5
FB_034_BDBAA961,FB_034_BDBAA961_H3,Llama 3 70B Instruct,dollar_amount,"$16,420 million","$22,281 million",True,"The calculation seems incorrect, as $23,600 million - $22,281 million (FY2021 revenue) would be the correct subtraction, not $16,420 million.",high,1,5
FB_034_BDBAA961,FB_034_BDBAA961_H2,Llama 3 70B Instruct,percentage,43.8%,33.9%,False,,,1,5
FB_034_BDBAA961,FB_034_BDBAA961_H1,Llama 3 70B Instruct,dollar_amount,"$16,420 million","$10,590 million",True,"The calculation seems incorrect, as $23,600 million - $22,281 million (FY2021 revenue) would be the correct subtraction, not $16,420 million.",high,1,5
FB_035_15E1E864,FB_035_15E1E864_H3,Llama 3 70B Instruct,percentage,14.0%,6.4%,True,"The operating margin seems suspiciously low compared to the previous year's 17.0% and the year-over-year revenue growth of 19.2% (from USD 10,965 million to USD 13,031 million). A significant decline in operating margin without a corresponding decline in revenue is unusual.",medium,1,5
FB_035_15E1E864,FB_035_15E1E864_H2,Llama 3 70B Instruct,large_number,"1,832","2,445",False,,,1,5
FB_035_15E1E864,FB_035_15E1E864_H1,Llama 3 70B Instruct,large_number,"9,763","12,160",False,,,1,5
FB_036_47FD0B96,FB_036_47FD0B96_H2,Llama 3 70B Instruct,large_number,"1,028",802,False,,,1,6
FB_036_47FD0B96,FB_036_47FD0B96_H1,Llama 3 70B Instruct,large_number,"1,525","1,829",True,"The reported cash flow from operating activities for FY2021 is suspiciously close to the reported cash flow for FY2022 ($1,851 million). It is unusual for a company's operating cash flow to remain nearly constant from one year to the next.",medium,1,6
FB_037_CB0A4D6D,FB_037_CB0A4D6D_H3,Llama 3 70B Instruct,dollar_amount,"$3,800 million","$3,135 million",False,,,2,6
FB_037_CB0A4D6D,FB_037_CB0A4D6D_H2,Llama 3 70B Instruct,dollar_amount,"$3,100 million","$2,208 million",True,"The calculation seems incorrect, as $6,000 million - $3,100 million should equal $2,900 million, not $6,000 million - $2,208 million.",high,2,6
FB_037_CB0A4D6D,FB_037_CB0A4D6D_H1,Llama 3 70B Instruct,dollar_amount,"$3,100 million","$2,500 million",True,"The denominator in the calculation seems incorrect, as it should be $3,100 million, not $2,500 million.",high,2,6
FB_038_9BAA83E2,FB_038_9BAA83E2_H2,Llama 3 70B Instruct,dollar_amount,"$23,600 million","$19,432 million",False,,,1,5
FB_038_9BAA83E2,FB_038_9BAA83E2_H1,Llama 3 70B Instruct,percentage,55%,51.7%,False,,,1,5
FB_039_FDBB6DC2,FB_039_FDBB6DC2_H3,Llama 3 70B Instruct,dollar_amount,"$1,000 million","$1,372 million",False,,,2,9
FB_039_FDBB6DC2,FB_039_FDBB6DC2_H2,Llama 3 70B Instruct,percentage,4.000%,0.010%,False,,,2,9
FB_039_FDBB6DC2,FB_039_FDBB6DC2_H1,Llama 3 70B Instruct,dollar_amount,"$39,000 million","$46,807 million",False,,,2,9
FB_040_DBF8FC6A,FB_040_DBF8FC6A_H2,Llama 3 70B Instruct,dollar_amount,"$51,000 million","$62,827 million",False,,,2,5
FB_040_DBF8FC6A,FB_040_DBF8FC6A_H1,Llama 3 70B Instruct,percentage,21.6%,29.6%,True,"The revenue figures provided earlier suggest that the International revenue is $11,000 million and total revenue is $62,827 million. This would imply a percentage of around 17.5%, not 29.6%.",high,2,5
FB_041_EB5B1B78,FB_041_EB5B1B78_H3,Llama 3 70B Instruct,dollar_amount,"$36,090 million","$48,564 million",False,,,1,6
FB_041_EB5B1B78,FB_041_EB5B1B78_H2,Llama 3 70B Instruct,dollar_amount,"$4,825 million","$5,847 million",True,"The operating income for FY2020 is reported as $4,825 million, not $5,847 million, which is a discrepancy.",high,1,6
FB_041_EB5B1B78,FB_041_EB5B1B78_H1,Llama 3 70B Instruct,dollar_amount,"$36,090 million","$49,343 million",True,"The operating income for FY2020 is reported as $4,825 million, not $5,847 million, which is a discrepancy.",high,1,6
FB_042_1741E456,FB_042_1741E456_H2,Llama 3 70B Instruct,dollar_amount,"$18,816 million","$23,630 million",False,,,2,8
FB_042_1741E456,FB_042_1741E456_H1,Llama 3 70B Instruct,dollar_amount,"$28,842 million","$17,915 million",False,,,2,8
FB_043_1BA81F6A,FB_043_1BA81F6A_H3,Llama 3 70B Instruct,percentage,20.1%,24.1%,False,,,2,6
FB_043_1BA81F6A,FB_043_1BA81F6A_H2,Llama 3 70B Instruct,dollar_amount,"$7,667 million","$5,968 million",True,"The calculation seems incorrect. 19.0% of $7,667 million (Income Before Income Taxes in FY2022) would be approximately $1,456 million, not $1,459 million calculated from $5,968 million.",high,2,6
FB_043_1BA81F6A,FB_043_1BA81F6A_H1,Llama 3 70B Instruct,percentage,20.1%,31.3%,True,"The reported effective tax rate for FY2021 is 24.1%, not 31.3%. This discrepancy raises concerns about the accuracy of the entire calculation.",high,2,6
FB_044_899DEDA7,FB_044_899DEDA7_H3,Llama 3 70B Instruct,dollar_amount,"$106,196 million","$87,723 million",False,,,1,4
FB_044_899DEDA7,FB_044_899DEDA7_H2,Llama 3 70B Instruct,dollar_amount,"$58,160 million","$75,098 million",False,,,1,4
FB_044_899DEDA7,FB_044_899DEDA7_H1,Llama 3 70B Instruct,dollar_amount,"$50,000 million","$35,269 million",True,"The reported long-term debt for FY2020 seems suspiciously low compared to FY2021 and FY2022, considering the company's size and industry.",medium,1,4
FB_045_3960FE69,FB_045_3960FE69_H2,Llama 3 70B Instruct,percentage,5.1%,0.0%,True,"A 6.2 million increase in card members would imply a non-zero percentage increase, not 0.0%.",high,2,5
FB_045_3960FE69,FB_045_3960FE69_H1,Llama 3 70B Instruct,percentage,6.3%,0.1%,True,"A 7.2 million increase in card members would imply a higher percentage increase, not 0.1%.",high,2,5
FB_046_E323A993,FB_046_E323A993_H2,Llama 3 70B Instruct,dollar_amount,"$1,034 million","$1,420 million",True,"The reported cash dividend payout for FY2020 seems suspiciously low compared to FY2019, with a 24.5% decrease. This is unusual, as companies tend to maintain or increase their dividend payouts over time.",medium,1,3
FB_046_E323A993,FB_046_E323A993_H1,Llama 3 70B Instruct,dollar_amount,$977 million,$650 million,False,,,1,3
FB_047_A9C061FE,FB_047_A9C061FE_H3,Llama 3 70B Instruct,dollar_amount,"$1,426 million",$966 million,False,,,1,5
FB_047_A9C061FE,FB_047_A9C061FE_H2,Llama 3 70B Instruct,dollar_amount,"$1,019 million",$832 million,False,,,1,5
FB_047_A9C061FE,FB_047_A9C061FE_H1,Llama 3 70B Instruct,dollar_amount,$263 million,$208 million,False,,,1,5
FB_048_79F71CE3,FB_048_79F71CE3_H3,Llama 3 70B Instruct,dollar_amount,"$1,519 million","$1,823 million",False,,,1,9
FB_048_79F71CE3,FB_048_79F71CE3_H2,Llama 3 70B Instruct,dollar_amount,$684 million,$522 million,False,,,1,9
FB_048_79F71CE3,FB_048_79F71CE3_H1,Llama 3 70B Instruct,dollar_amount,$606 million,$721 million,False,,,1,9
FB_049_4416C718,FB_049_4416C718_H3,Llama 3 70B Instruct,dollar_amount,"$1,173 million",$924 million,False,,,1,9
FB_049_4416C718,FB_049_4416C718_H2,Llama 3 70B Instruct,percentage,2.9%,0.0%,True,"A 0% net profit margin is highly unusual for a company like Best Buy, which is a large retailer. It is likely that the net profit figure is incorrect or the calculation is wrong.",high,1,9
FB_049_4416C718,FB_049_4416C718_H1,Llama 3 70B Instruct,percentage,2.9%,0.0%,True,"A 0% net profit margin is highly unusual for a company like Best Buy, which is a large retailer. It is likely that the net profit figure is incorrect or the calculation is wrong.",high,1,9
FB_050_A0B82AEA,FB_050_A0B82AEA_H2,Llama 3 70B Instruct,dollar_amount,"$3,719 million","$2,780 million",False,,,1,3
FB_050_A0B82AEA,FB_050_A0B82AEA_H1,Llama 3 70B Instruct,dollar_amount,"$3,579 million","$4,922 million",False,,,1,3
FB_051_091D46D5,FB_051_091D46D5_H3,Llama 3 70B Instruct,dollar_amount,"$46,294 million","$29,580 million",False,,,3,10
FB_051_091D46D5,FB_051_091D46D5_H2,Llama 3 70B Instruct,dollar_amount,"$47,262 million","$55,020 million",True,"The revenue figure seems suspiciously high compared to the other years, with a significant jump from FY2020 and FY2022.",medium,3,10
FB_051_091D46D5,FB_051_091D46D5_H1,Llama 3 70B Instruct,percentage,2%,10.3%,True,This figure seems fabricated and is not supported by the provided data.,high,3,10
FB_052_FC76DF78,FB_052_FC76DF78_H3,Llama 3 70B Instruct,large_number,"1,846","1,157",False,,,1,5
FB_052_FC76DF78,FB_052_FC76DF78_H2,Llama 3 70B Instruct,large_number,"47,262","32,254",False,,,1,5
FB_052_FC76DF78,FB_052_FC76DF78_H1,Llama 3 70B Instruct,large_number,"1,570","1,229",False,,,1,5
FB_053_05E755A5,FB_053_05E755A5_H3,Llama 3 70B Instruct,dollar_amount,"$1,518 million","$1,210 million",True,"The reported cash flow from operating activities in FY2023 is $1,210 million, not $1,518 million, which is a discrepancy of $308 million.",high,1,9
FB_053_05E755A5,FB_053_05E755A5_H2,Llama 3 70B Instruct,large_number,"1,188","1,421",False,,,1,9
FB_053_05E755A5,FB_053_05E755A5_H1,Llama 3 70B Instruct,large_number,"1,045",852,False,,,1,9
FB_054_F1BBC565,FB_054_F1BBC565_H3,Llama 3 70B Instruct,dollar_amount,"$1,200 million",$911 million,True,"Inconsistent with supporting data, which claims FY 2023 Cash and Cash Equivalents to be $1,200 million",high,2,6
FB_054_F1BBC565,FB_054_F1BBC565_H2,Llama 3 70B Instruct,dollar_amount,"$3,200 million","$2,191 million",False,,,2,6
FB_054_F1BBC565,FB_054_F1BBC565_H1,Llama 3 70B Instruct,dollar_amount,"$1,200 million",$789 million,True,"Inconsistent with previously stated FY 2023 Cash and Cash Equivalents values ($911 million and $1,200 million)",high,2,6
FB_055_B75D0172,FB_055_B75D0172_H3,Llama 3 70B Instruct,large_number,"1,024",822,True,"The supporting data claims 1,272 stores in Q2 FY2024, which contradicts the primary metric.",high,3,5
FB_055_B75D0172,FB_055_B75D0172_H2,Llama 3 70B Instruct,large_number,"1,040",698,True,"The supporting data claims 1,040 stores in Q2 FY2023, which contradicts the primary metric.",high,3,5
FB_055_B75D0172,FB_055_B75D0172_H1,Llama 3 70B Instruct,large_number,"1,024","1,272",False,,,3,5
FB_056_E46FAB20,FB_056_E46FAB20_H3,Llama 3 70B Instruct,dollar_amount,"$1,800 million","$1,519 million",True,"Suspiciously precise figure, especially compared to other categories with rounder numbers.",medium,2,10
FB_056_E46FAB20,FB_056_E46FAB20_H2,Llama 3 70B Instruct,dollar_amount,$600 million,$738 million,False,,,2,10
FB_056_E46FAB20,FB_056_E46FAB20_H1,Llama 3 70B Instruct,dollar_amount,"$1,900 million","$1,307 million",True,"Another suspiciously precise figure, and a relatively small change from Q2 FY2024.",medium,2,10
FB_057_2D006C3F,FB_057_2D006C3F_H3,Llama 3 70B Instruct,dollar_amount,$467.5 million,$606.8 million,True,"The calculation is incorrect, the correct calculation is $1,059.4 million / $467.5 million, not $606.8 million.",high,1,9
FB_057_2D006C3F,FB_057_2D006C3F_H2,Llama 3 70B Instruct,dollar_amount,$360.6 million,$259.8 million,False,,,1,9
FB_057_2D006C3F,FB_057_2D006C3F_H1,Llama 3 70B Instruct,dollar_amount,"$1,197.5 million",$788.1 million,False,,,1,9
FB_058_4FC4F0E9,FB_058_4FC4F0E9_H3,Llama 3 70B Instruct,dollar_amount,"$4,711 million","$5,585 million",True,"Inconsistent with supporting data, which reports FY2019 Total Revenue as $4,711 million",high,3,5
FB_058_4FC4F0E9,FB_058_4FC4F0E9_H2,Llama 3 70B Instruct,percentage,101.6%,91.9%,True,"Calculation is based on incorrect figures, leading to an inaccurate growth rate",high,3,5
FB_058_4FC4F0E9,FB_058_4FC4F0E9_H1,Llama 3 70B Instruct,dollar_amount,"$9,493 million","$12,544 million",True,"Inconsistent with supporting data, which reports FY2020 Total Revenue as $12,544 million",high,3,5
FB_060_D8048F85,FB_060_D8048F85_H2,Llama 3 70B Instruct,dollar_amount,"$83,535 million","$115,274 million",True,"The reported net property, plant, and equipment value is higher than the total assets value, which is unusual and suggests an error.",high,1,4
FB_060_D8048F85,FB_060_D8048F85_H1,Llama 3 70B Instruct,dollar_amount,"$139,660 million","$85,028 million",False,,,1,4
FB_061_B30537F0,FB_061_B30537F0_H3,Llama 3 70B Instruct,dollar_amount,"$62,283 million","$52,278 million",False,,,2,11
FB_061_B30537F0,FB_061_B30537F0_H2,Llama 3 70B Instruct,dollar_amount,"$21,319 million","$13,434 million",True,"The value seems inconsistent with the FY2021 Global Services revenue reported earlier as $13,434 million.",high,2,11
FB_061_B30537F0,FB_061_B30537F0_H1,Llama 3 70B Instruct,percentage,23.0%,14.4%,True,"The percentage seems low compared to the FY2021 and FY2020 percentages, which were 34.2% and 26.5%, respectively.",medium,2,11
FB_062_CCEDD88C,FB_062_CCEDD88C_H1,Llama 3 70B Instruct,dollar_amount,"$156,898 million","$191,569 million",True,"The figure seems suspiciously precise, with an unusual number of digits. It's uncommon for a company's total liabilities to be reported with such exactness.",medium,1,1
FB_063_38B981AD,FB_063_38B981AD_H2,Llama 3 70B Instruct,percentage,7.1%,0.9%,True,"The calculation seems incorrect, as the gross profit of $4,195 million divided by the total revenue of $58,658 million (not $71,042 million) would result in a gross margin of around 7.2%, not 0.9%.",high,1,7
FB_063_38B981AD,FB_063_38B981AD_H1,Llama 3 70B Instruct,dollar_amount,"$58,658 million","$71,042 million",True,"The calculation seems incorrect, as the gross profit of $4,195 million divided by the total revenue of $58,658 million (not $71,042 million) would result in a gross margin of around 7.2%, not 0.9%.",high,1,7
FB_064_7576A9AF,FB_064_7576A9AF_H3,Llama 3 70B Instruct,dollar_amount,"$14,800 million","$12,426 million",False,,,2,9
FB_064_7576A9AF,FB_064_7576A9AF_H2,Llama 3 70B Instruct,dollar_amount,"$15,300 million","$18,525 million",False,,,2,9
FB_064_7576A9AF,FB_064_7576A9AF_H1,Llama 3 70B Instruct,dollar_amount,"$15,100 million","$19,162 million",False,,,2,9
FB_065_8F3B2425,FB_065_8F3B2425_H3,Llama 3 70B Instruct,dollar_amount,"$58,658 million","$41,886 million",False,,,2,8
FB_065_8F3B2425,FB_065_8F3B2425_H2,Llama 3 70B Instruct,dollar_amount,"$26,210 million","$18,532 million",False,,,2,8
FB_065_8F3B2425,FB_065_8F3B2425_H1,Llama 3 70B Instruct,dollar_amount,$382 billion,$469 billion,True,"The reported backlog figure seems unusually round, with a suspiciously clean billion-dollar amount. This could be a fabricated or inaccurate figure.",medium,2,8
FB_067_92C7D508,FB_067_92C7D508_H3,Llama 3 70B Instruct,percentage,20.0%,9.5%,False,,,1,6
FB_067_92C7D508,FB_067_92C7D508_H2,Llama 3 70B Instruct,dollar_amount,"$1,200 million","$1,513 million",False,,,1,6
FB_067_92C7D508,FB_067_92C7D508_H1,Llama 3 70B Instruct,dollar_amount,"$5,500 million","$3,936 million",False,,,1,6
FB_068_46FFC913,FB_068_46FFC913_H2,Llama 3 70B Instruct,dollar_amount,"$86,180.5 million","$58,656.0 million",True,"Calculation error: the correct average total assets should be ($86,185 million + $86,176 million) / 2 = $86,180.5 million, not $58,656.0 million",high,1,7
FB_068_46FFC913,FB_068_46FFC913_H1,Llama 3 70B Instruct,percentage,1.45%,0.01%,False,,,1,7
FB_069_15B93D82,FB_069_15B93D82_H2,Llama 3 70B Instruct,percentage,44.2%,51.5%,True,"The calculation provided in the output does not match the claimed COGS percentage margin. The correct calculation yields 44.2%, not 51.5%.",high,1,6
FB_069_15B93D82,FB_069_15B93D82_H1,Llama 3 70B Instruct,dollar_amount,"$33,014 million","$25,413 million",False,,,1,6
FB_070_4418F850,FB_070_4418F850_H3,Llama 3 70B Instruct,dollar_amount,"$7,964 million","$5,694 million",True,"Inconsistent with calculation of dividend payout ratio, which uses $5,694 million as Total Cash Dividends Paid",high,2,4
FB_070_4418F850,FB_070_4418F850_H2,Llama 3 70B Instruct,dollar_amount,"$11,952 million","$14,585 million",True,"Inconsistent with calculation of dividend payout ratio, which uses $14,585 million as Net Income Attributable to Shareholders",high,2,4
FB_070_4418F850,FB_070_4418F850_H1,Llama 3 70B Instruct,dollar_amount,"$11,952 million","$14,512 million",True,"Inconsistent with calculation of dividend payout ratio, which uses $14,585 million as Net Income Attributable to Shareholders",high,2,4
FB_071_0CB99E74,FB_071_0CB99E74_H3,Llama 3 70B Instruct,dollar_amount,"$3,167 million","$4,292 million",True,"The calculation seems incorrect, as $4,292 million is not mentioned anywhere in the provided data, and the correct calculation would be $3,167 million - $3,056 million = $111 million",high,1,6
FB_071_0CB99E74,FB_071_0CB99E74_H2,Llama 3 70B Instruct,dollar_amount,$111 million,$73 million,True,"The calculation seems incorrect, as $4,292 million is not mentioned anywhere in the provided data, and the correct calculation would be $3,167 million - $3,056 million = $111 million",high,1,6
FB_071_0CB99E74,FB_071_0CB99E74_H1,Llama 3 70B Instruct,dollar_amount,"$10,248 million","$7,381 million",False,,,1,6
FB_072_05A484DC,FB_072_05A484DC_H2,Llama 3 70B Instruct,dollar_amount,"$11,500 million","$8,255 million",True,"The total revenue for FY2019 is stated as $8,255 million, not $11,500 million.",high,2,8
FB_072_05A484DC,FB_072_05A484DC_H1,Llama 3 70B Instruct,large_number,"3,206","2,118",True,"The provided calculation for FY2019 Operating Income Margin uses $2,118 million, not $3,206 million.",high,2,8
FB_073_5495DBB9,FB_073_5495DBB9_H3,Llama 3 70B Instruct,percentage,13.9%,9.9%,False,,,1,8
FB_073_5495DBB9,FB_073_5495DBB9_H2,Llama 3 70B Instruct,dollar_amount,$264 million,$221 million,False,,,1,8
FB_073_5495DBB9,FB_073_5495DBB9_H1,Llama 3 70B Instruct,dollar_amount,$292 million,$207 million,False,,,1,8
FB_074_499976A7,FB_074_499976A7_H2,Llama 3 70B Instruct,dollar_amount,"$8,108 million","$6,078 million",False,,,1,9
FB_074_499976A7,FB_074_499976A7_H1,Llama 3 70B Instruct,dollar_amount,"$7,400 million","$9,948 million",False,,,1,9
FB_075_D5F39BB5,FB_075_D5F39BB5_H2,Llama 3 70B Instruct,dollar_amount,"$59,431 million","$38,256 million",False,,,1,3
FB_075_D5F39BB5,FB_075_D5F39BB5_H1,Llama 3 70B Instruct,dollar_amount,"$53,189 million","$41,694 million",False,,,1,3
FB_076_1BF5949C,FB_076_1BF5949C_H3,Llama 3 70B Instruct,dollar_amount,"$194,579 million","$124,200 million",True,"The revenue figure seems suspiciously round, especially considering the precision of other figures in the output.",medium,3,6
FB_076_1BF5949C,FB_076_1BF5949C_H2,Llama 3 70B Instruct,dollar_amount,"$21,643 million","$27,991 million",True,"The average PP&E calculation seems incorrect, as the average of $27,991 million and $23,135 million would be $25,563 million, not $22,389 million.",high,3,6
FB_076_1BF5949C,FB_076_1BF5949C_H1,Llama 3 70B Instruct,dollar_amount,"$22,389 million","$29,388 million",True,"The average PP&E calculation seems incorrect, as the average of $27,991 million and $23,135 million would be $25,563 million, not $22,389 million.",high,3,6
FB_077_6547C156,FB_077_6547C156_H3,Llama 3 70B Instruct,dollar_amount,"$3,100 million","$2,148 million",False,,,1,6
FB_077_6547C156,FB_077_6547C156_H2,Llama 3 70B Instruct,dollar_amount,"$2,500 million","$3,128 million",False,,,1,6
FB_077_6547C156,FB_077_6547C156_H1,Llama 3 70B Instruct,dollar_amount,"$128,000 million","$78,204 million",True,"The reported total assets for FY2020 seem suspiciously low compared to FY2021 and FY2022, which are relatively close in value. A 69% increase in total assets from FY2020 to FY2021 is unusual and warrants further investigation.",medium,1,6
FB_078_F8A3C776,FB_078_F8A3C776_H2,Llama 3 70B Instruct,dollar_amount,$3.0 billion,$2.0 billion,False,,,1,6
FB_078_F8A3C776,FB_078_F8A3C776_H1,Llama 3 70B Instruct,dollar_amount,$2.0 billion,$1.4 billion,False,,,1,6
FB_079_C8770283,FB_079_C8770283_H3,Llama 3 70B Instruct,dollar_amount,$0.50 ,$0.68 ,True,"The claim seems suspicious because Q2 FY2021 is not a correct period for dividend payment. Q2 FY2021 is a quarter, not a specific dividend payment period.",medium,2,5
FB_079_C8770283,FB_079_C8770283_H2,Llama 3 70B Instruct,dollar_amount,$0.50 ,$0.69 ,True,"The claim seems suspicious because Q2 FY2021 is not a correct period for dividend payment. Q2 FY2021 is a quarter, not a specific dividend payment period.",medium,2,5
FB_079_C8770283,FB_079_C8770283_H1,Llama 3 70B Instruct,dollar_amount,$1.98 ,$1.25 ,False,,,2,5
FB_081_4E1CC3D9,FB_081_4E1CC3D9_H2,Llama 3 70B Instruct,large_number,"48,123,456","63,263,625",False,,,2,9
FB_081_4E1CC3D9,FB_081_4E1CC3D9_H1,Llama 3 70B Instruct,large_number,"9,876,543","12,416,701",True,"This figure is not present in the original data and seems to be an incorrect calculation. The correct count for M. Scott McCarty is 12,416,701.",high,2,9
FB_082_4FFC55E4,FB_082_4FFC55E4_H2,Llama 3 70B Instruct,dollar_amount,"$1,059 million","$1,334 million",False,,,1,7
FB_082_4FFC55E4,FB_082_4FFC55E4_H1,Llama 3 70B Instruct,dollar_amount,$30 million,$37 million,False,,,1,7
FB_083_62A760DF,FB_083_62A760DF_H3,Llama 3 70B Instruct,dollar_amount,"$2,972 million","$3,586 million",True,"Inconsistency in reported Total Current Liabilities value, which is $3,586 million in the SUPPORTING DATA section.",high,2,6
FB_083_62A760DF,FB_083_62A760DF_H2,Llama 3 70B Instruct,dollar_amount,"$2,731 million","$3,712 million",False,,,2,6
FB_083_62A760DF,FB_083_62A760DF_H1,Llama 3 70B Instruct,dollar_amount,"$3,556 million","$2,326 million",False,,,2,6
FB_084_403F35B5,FB_084_403F35B5_H2,Llama 3 70B Instruct,dollar_amount,"$1,205 million",$952 million,True,"The calculation provided in the output shows FCF = $1,755 million - $550 million = $1,205 million, not $952 million.",high,1,9
FB_084_403F35B5,FB_084_403F35B5_H1,Llama 3 70B Instruct,dollar_amount,"$1,205 million",$735 million,False,,,1,9
FB_085_149EBAE9,FB_085_149EBAE9_H3,Llama 3 70B Instruct,dollar_amount,"$1,174 million",$772 million,True,"Inconsistent figure. The calculation for Retention Ratio uses $898 million as Total Cash Dividends Paid, but the initial figure provided is $772 million.",high,2,7
FB_085_149EBAE9,FB_085_149EBAE9_H2,Llama 3 70B Instruct,dollar_amount,"$1,174 million",$898 million,False,,,2,7
FB_085_149EBAE9,FB_085_149EBAE9_H1,Llama 3 70B Instruct,dollar_amount,"$1,905 million","$1,353 million",True,"Internal inconsistency. The calculation is incorrect, and the figures do not add up.",high,2,7
FB_086_889F46BB,FB_086_889F46BB_H3,Llama 3 70B Instruct,dollar_amount,"$93,775 million","$70,366 million",False,,,1,6
FB_086_889F46BB,FB_086_889F46BB_H2,Llama 3 70B Instruct,dollar_amount,"$16,676 million","$22,612 million",False,,,1,6
FB_086_889F46BB,FB_086_889F46BB_H1,Llama 3 70B Instruct,dollar_amount,"$14,714 million","$8,873 million",True,"The year-over-year change in Net Income from FY2020 to FY2021 seems unusual, with a 135% increase. This is a significant jump and may indicate an error or inaccuracy.",medium,1,6
FB_087_99FD2FB2,FB_087_99FD2FB2_H3,Llama 3 70B Instruct,percentage,81.1%,70.3%,True,"The Gross Margin Percentage is identical for both FY2020 and FY2021, which seems unlikely given the different revenue and COGS figures.",medium,2,8
FB_087_99FD2FB2,FB_087_99FD2FB2_H2,Llama 3 70B Instruct,dollar_amount,"$15,157 million","$20,998 million",False,,,2,8
FB_087_99FD2FB2,FB_087_99FD2FB2_H1,Llama 3 70B Instruct,dollar_amount,"$67,427 million","$84,991 million",True,"The calculated Gross Profit seems suspiciously high compared to the Total Revenue of $82,584 million in FY2020.",high,2,8
FB_088_DD231ABD,FB_088_DD231ABD_H3,Llama 3 70B Instruct,dollar_amount,"$94,943 million","$130,473 million",True,"The reported total revenue seems suspiciously precise compared to other figures, which are rounded to the nearest million.",medium,2,7
FB_088_DD231ABD,FB_088_DD231ABD_H2,Llama 3 70B Instruct,dollar_amount,"$15,120 million","$19,470 million",False,,,2,7
FB_088_DD231ABD,FB_088_DD231ABD_H1,Llama 3 70B Instruct,dollar_amount,"$14,230 million","$18,618 million",False,,,2,7
FB_089_CF6163C6,FB_089_CF6163C6_H2,Llama 3 70B Instruct,dollar_amount,$2.35 ,$3.05 ,False,,,2,5
FB_089_CF6163C6,FB_089_CF6163C6_H1,Llama 3 70B Instruct,percentage,22.8%,31.6%,False,,,2,5
FB_090_72CFB567,FB_090_72CFB567_H3,Llama 3 70B Instruct,dollar_amount,"$46,211 million","$62,980 million",True,"The calculation is incorrect, as it subtracts a larger number ($62,980 million) from a smaller number ($49,097 million), which would result in a negative growth rate, not 4.06%.",high,2,6
FB_090_72CFB567,FB_090_72CFB567_H2,Llama 3 70B Instruct,dollar_amount,"$34,678 million","$48,060 million",True,"The calculation is incorrect, as it subtracts a larger number ($48,060 million) from a smaller number ($36,544 million), which would result in a negative growth rate, not 5.38%.",high,2,6
FB_090_72CFB567,FB_090_72CFB567_H1,Llama 3 70B Instruct,dollar_amount,"$34,678 million","$40,543 million",True,"The calculation is incorrect, as it subtracts a larger number ($48,060 million) from a smaller number ($36,544 million), which would result in a negative growth rate, not 5.38%.",high,2,6
FB_091_82F6C167,FB_091_82F6C167_H3,Llama 3 70B Instruct,dollar_amount,"$3,694 million","$4,690 million",True,"The reported revenue figure seems suspiciously round, especially compared to the other reported figures which have more decimal places.",medium,1,3
FB_091_82F6C167,FB_091_82F6C167_H2,Llama 3 70B Instruct,dollar_amount,"$3,650 million","$2,388 million",False,,,1,3
FB_091_82F6C167,FB_091_82F6C167_H1,Llama 3 70B Instruct,dollar_amount,"$3,580 million","$2,481 million",False,,,1,3
FB_092_1FF70EDD,FB_092_1FF70EDD_H1,Llama 3 70B Instruct,dollar_amount,$13.0 billion,$16.9 billion,True,"The figure seems suspiciously precise, and the lack of additional financial metrics provided raises concerns about the accuracy of the claim.",medium,1,1
FB_093_3013F02B,FB_093_3013F02B_H1,Llama 3 70B Instruct,dollar_amount,"$3,500 million","$4,412 million",True,"The figure seems suspiciously precise, with an unusual number of digits. It's uncommon for cash proceeds to be reported with such exactness.",medium,1,1
FB_094_62DF77C2,FB_094_62DF77C2_H3,Llama 3 70B Instruct,dollar_amount,"$24,000 million","$32,304 million",True,"Inconsistent sales figure, $24,000 million is mentioned later in the supporting data section",high,3,10
FB_094_62DF77C2,FB_094_62DF77C2_H2,Llama 3 70B Instruct,percentage,19.87%,26.36%,True,"Inconsistent with the supporting data section, which mentions 19.87%",high,3,10
FB_094_62DF77C2,FB_094_62DF77C2_H1,Llama 3 70B Instruct,percentage,19.87%,25.10%,True,"Inconsistent with the supporting data section, which mentions 19.87%",high,3,10
FB_095_25B2B23C,FB_095_25B2B23C_H2,Llama 3 70B Instruct,dollar_amount,"$14,170 million","$9,112 million",False,,,1,5
FB_095_25B2B23C,FB_095_25B2B23C_H1,Llama 3 70B Instruct,dollar_amount,"$4,020 million","$5,399 million",False,,,1,5
FB_096_3F49DA9A,FB_096_3F49DA9A_H3,Llama 3 70B Instruct,dollar_amount,"$3,478,000 million","$2,632,855 million",False,,,1,5
FB_096_3F49DA9A,FB_096_3F49DA9A_H2,Llama 3 70B Instruct,dollar_amount,"$208,000 million","$126,259 million",False,,,1,5
FB_096_3F49DA9A,FB_096_3F49DA9A_H1,Llama 3 70B Instruct,large_number,"3,000","1,899",True,"The figure seems suspiciously round and lacks precision, especially considering the importance of accurate share count in financial calculations.",medium,1,5
FB_097_2BA7758E,FB_097_2BA7758E_H2,Llama 3 70B Instruct,percentage,76.8%,69.6%,True,"The reported gross margin for FY2021 is suspiciously close to the FY2020 gross margin (77.0%). It is unusual for a company's gross margin to remain almost unchanged from one year to the next, especially considering the potential impact of economic fluctuations and market changes.",medium,2,10
FB_097_2BA7758E,FB_097_2BA7758E_H1,Llama 3 70B Instruct,percentage,76.8%,70.4%,True,"The reported gross margin for FY2021 is suspiciously close to the FY2020 gross margin (77.0%). It is unusual for a company's gross margin to remain almost unchanged from one year to the next, especially considering the potential impact of economic fluctuations and market changes.",medium,2,10
FB_098_7154A728,FB_098_7154A728_H2,Llama 3 70B Instruct,dollar_amount,"$1,000 million",$801 million,False,,,1,4
FB_098_7154A728,FB_098_7154A728_H1,Llama 3 70B Instruct,dollar_amount,"$8,640 million","$12,001 million",True,"The total net income figure seems suspiciously precise, with an unusual number of digits. Financial reports often round numbers to the nearest hundred million or billion.",medium,1,4
FB_099_6BE111D5,FB_099_6BE111D5_H3,Llama 3 70B Instruct,dollar_amount,$23 million,$18 million,True,"VaR of $18 million seems suspiciously low for a large financial institution like JPMorgan Chase, especially considering the total trading revenue of $6,231 million in the same quarter.",medium,1,4
FB_099_6BE111D5,FB_099_6BE111D5_H2,Llama 3 70B Instruct,dollar_amount,"$7,500 million","$6,231 million",False,,,1,4
FB_099_6BE111D5,FB_099_6BE111D5_H1,Llama 3 70B Instruct,dollar_amount,"$7,200 million","$9,150 million",False,,,1,4
FB_100_6814F36E,FB_100_6814F36E_H2,Llama 3 70B Instruct,dollar_amount,"$1,748 million","$1,172 million",True,"The calculation for average inventory uses $1,748 million as the inventory at end of FY2019, but the initial statement claims it to be $1,172 million, which is inconsistent.",high,3,6
FB_100_6814F36E,FB_100_6814F36E_H1,Llama 3 70B Instruct,dollar_amount,"$1,698 million","$2,011 million",True,"The average inventory calculation is incorrect, as it uses the inconsistent inventory figure of $1,748 million.",high,3,6
FB_101_79109208,FB_101_79109208_H2,Llama 3 70B Instruct,dollar_amount,"$45,200 million","$37,987 million",True,"The calculation for Average Total Assets uses $37,987 million as Total Assets FY2019, which is inconsistent with the reported $45,200 million.",high,3,6
FB_101_79109208,FB_101_79109208_H1,Llama 3 70B Instruct,dollar_amount,"$46,800 million","$64,022 million",True,"The calculation for Average Total Assets uses $37,987 million as Total Assets FY2019, which is inconsistent with the reported $45,200 million.",high,3,6
FB_102_F5764A3D,FB_102_F5764A3D_H2,Llama 3 70B Instruct,dollar_amount,"$22,189 million","$16,467 million",True,"The reported FY2021 net working capital seems suspiciously precise compared to the supporting data, which has varying levels of precision.",medium,1,6
FB_102_F5764A3D,FB_102_F5764A3D_H1,Llama 3 70B Instruct,dollar_amount,"$12,242 million","$14,968 million",False,,,1,6
FB_103_98E6E9E2,FB_103_98E6E9E2_H2,Llama 3 70B Instruct,dollar_amount,"$65,398 million","$90,117 million",True,"Inconsistent with later reported FY2020 Total Revenue: $65,398 million",high,2,5
FB_103_98E6E9E2,FB_103_98E6E9E2_H1,Llama 3 70B Instruct,dollar_amount,"$67,045 million","$87,879 million",True,"Inconsistent with later reported FY2020 Total Revenue: $65,398 million",high,2,5
FB_104_AE0FFD33,FB_104_AE0FFD33_H3,Llama 3 70B Instruct,dollar_amount,"$1,479 million",$952 million,False,,,1,3
FB_104_AE0FFD33,FB_104_AE0FFD33_H2,Llama 3 70B Instruct,dollar_amount,"$1,379 million","$1,050 million",True,"The figure seems suspiciously precise compared to the other reported figures, which are rounded to the nearest million.",medium,1,3
FB_104_AE0FFD33,FB_104_AE0FFD33_H1,Llama 3 70B Instruct,dollar_amount,"$1,295 million","$1,084 million",True,"The figure seems suspiciously precise compared to the other reported figures, which are rounded to the nearest million.",medium,1,3
FB_105_61DCE693,FB_105_61DCE693_H3,Llama 3 70B Instruct,dollar_amount,"$12,865 million","$8,743 million",True,Revenue figure used in the calculation seems inconsistent with the reported FY2019 Total Revenue figure.,medium,2,9
FB_105_61DCE693,FB_105_61DCE693_H2,Llama 3 70B Instruct,dollar_amount,"$13,165 million","$17,790 million",True,"Revenue figure seems unusually high compared to FY2018 and FY2020 figures, and the year-over-year change is not plausible for a stable company like MGM Resorts.",high,2,9
FB_105_61DCE693,FB_105_61DCE693_H1,Llama 3 70B Instruct,percentage,19.74%,12.12%,False,,,2,9
FB_106_EB0A9203,FB_106_EB0A9203_H2,Llama 3 70B Instruct,dollar_amount,$2 million,$1 million,True,"The total dividend payment of $1 million seems suspiciously low for a large-cap company like MGM Resorts International, especially considering the declared dividend per share is $0.01.",medium,1,3
FB_107_B17259C6,FB_107_B17259C6_H2,Llama 3 70B Instruct,dollar_amount,$394 million,$532 million,False,,,1,6
FB_107_B17259C6,FB_107_B17259C6_H1,Llama 3 70B Instruct,dollar_amount,$96 million,$59 million,False,,,1,6
FB_108_8E72B311,FB_108_8E72B311_H2,Llama 3 70B Instruct,dollar_amount,"$1,158 million",$793 million,True,"The numerator and denominator do not match the calculation. Adjusted EBIT is $1,158 million and Interest Expense is $438 million, which would result in a ratio of 2.65, not 2.64.",high,1,7
FB_108_8E72B311,FB_108_8E72B311_H1,Llama 3 70B Instruct,dollar_amount,$410 million,$301 million,False,,,1,7
FB_109_F3781DA6,FB_109_F3781DA6_H2,Llama 3 70B Instruct,dollar_amount,"$6,324 million","$4,868 million",False,,,1,5
FB_109_F3781DA6,FB_109_F3781DA6_H1,Llama 3 70B Instruct,dollar_amount,$251 million,$210 million,False,,,1,5
FB_110_74F7847F,FB_110_74F7847F_H2,Llama 3 70B Instruct,dollar_amount,"$1,500 million","$1,210 million",True,"Inconsistent with the primary metric which states total short-term investments are $1,210 million",high,2,4
FB_110_74F7847F,FB_110_74F7847F_H1,Llama 3 70B Instruct,dollar_amount,$900 million,$730 million,True,Inconsistent with the primary metric which states U.S. Treasury Bills are $730 million,high,2,4
FB_111_A4B199F5,FB_111_A4B199F5_H3,Llama 3 70B Instruct,dollar_amount,"$24,060 million","$15,037 million",False,,,1,3
FB_111_A4B199F5,FB_111_A4B199F5_H2,Llama 3 70B Instruct,dollar_amount,"$23,198 million","$19,557 million",False,,,1,3
FB_111_A4B199F5,FB_111_A4B199F5_H1,Llama 3 70B Instruct,dollar_amount,"$23,674 million","$28,477 million",True,"The reported FY2014 COGS seems suspiciously high compared to FY2015 and FY2016 figures, which are significantly lower. A 47% drop in COGS from FY2014 to FY2015 and another 23% drop from FY2015 to FY2016 is unusual and warrants further investigation.",high,1,3
FB_112_2DC55A31,FB_112_2DC55A31_H2,Llama 3 70B Instruct,dollar_amount,"$51,000 million","$41,918 million",False,,,0,6
FB_112_2DC55A31,FB_112_2DC55A31_H1,Llama 3 70B Instruct,dollar_amount,"$48,000 million","$28,845 million",False,,,0,6
FB_113_30E7F266,FB_113_30E7F266_H2,Llama 3 70B Instruct,large_number,"13,500","17,859",True,"Total Revenue is reported as USD 17,859 million when calculating the unadjusted EBITDA percentage margin, but USD 13,500 million is used as the total revenue in the supporting data. This inconsistency raises concerns.",high,2,5
FB_113_30E7F266,FB_113_30E7F266_H1,Llama 3 70B Instruct,large_number,"1,200",906,True,"The calculation for unadjusted EBITDA uses USD 1,200 million as the operating income, which is inconsistent with the reported unadjusted operating income of USD 906 million.",high,2,5
FB_114_ACC06CE8,FB_114_ACC06CE8_H2,Llama 3 70B Instruct,dollar_amount,"$4,052 million","$2,742 million",False,,,1,3
FB_114_ACC06CE8,FB_114_ACC06CE8_H1,Llama 3 70B Instruct,dollar_amount,"$2,474 million","$3,253 million",True,"The figure seems suspiciously precise compared to the other reported values, which are rounded to the nearest million.",medium,1,3
FB_115_AE55E4C4,FB_115_AE55E4C4_H3,Llama 3 70B Instruct,dollar_amount,"$12,199 million","$9,070 million",True,"The calculation for COGS as a % of Revenue for FY2016 is incorrect, using $12,199 instead of $9,070",high,3,11
FB_115_AE55E4C4,FB_115_AE55E4C4_H2,Llama 3 70B Instruct,large_number,"32,376","21,769",True,"The calculation for COGS as a % of Revenue for FY2016 is incorrect, using $21,769 instead of $32,376",high,3,11
FB_115_AE55E4C4,FB_115_AE55E4C4_H1,Llama 3 70B Instruct,percentage,37.7%,47.3%,True,"There is no previous mention of 47.3% in the output, and it seems to be an incorrect value",high,3,11
FB_116_1C09CCA7,FB_116_1C09CCA7_H3,Llama 3 70B Instruct,dollar_amount,"$7,883 million","$5,544 million",False,,,1,3
FB_116_1C09CCA7,FB_116_1C09CCA7_H2,Llama 3 70B Instruct,dollar_amount,"$7,477 million","$9,099 million",True,"The reported FY2018 Total Current Assets is suspiciously high compared to FY2017 and FY2019 values, suggesting an unusual spike.",medium,1,3
FB_116_1C09CCA7,FB_116_1C09CCA7_H1,Llama 3 70B Instruct,dollar_amount,"$6,704 million","$4,680 million",False,,,1,3
FB_117_C880E731,FB_117_C880E731_H3,Llama 3 70B Instruct,dollar_amount,"$5,200 million","$6,037 million",True,"The calculation seems incorrect. The correct average inventory should be ($4,703 million + $5,200 million) / 2, not ($4,703 million + $6,037 million) / 2.",high,2,6
FB_117_C880E731,FB_117_C880E731_H2,Llama 3 70B Instruct,dollar_amount,"$4,951.50 million","$6,546.86 million",True,"The calculation seems incorrect. The correct average inventory should be ($4,703 million + $5,200 million) / 2, not ($4,703 million + $6,037 million) / 2.",high,2,6
FB_117_C880E731,FB_117_C880E731_H1,Llama 3 70B Instruct,dollar_amount,"$4,951.50 million","$3,274.29 million",True,"The average inventory value used in the calculation seems incorrect. The correct average inventory value should be ($4,703 million + $5,200 million) / 2, not $3,274.29 million.",high,2,6
FB_118_8B6021A4,FB_118_8B6021A4_H3,Llama 3 70B Instruct,large_number,"1,112",739,False,,,1,9
FB_118_8B6021A4,FB_118_8B6021A4_H2,Llama 3 70B Instruct,dollar_amount,"$5,752 million","$7,663 million",False,,,1,9
FB_118_8B6021A4,FB_118_8B6021A4_H1,Llama 3 70B Instruct,dollar_amount,"$5,066 million","$4,216 million",True,"The reported value of $4,216 million for FY2023 cash flow from operating activities does not match the previously stated value of $5,066 million",high,1,9
FB_119_3CD84B18,FB_119_3CD84B18_H3,Llama 3 70B Instruct,dollar_amount,"$18,407 million","$23,876 million",True,"The reported current assets figure seems suspiciously precise compared to other figures, which are rounded to the nearest million.",medium,2,7
FB_119_3CD84B18,FB_119_3CD84B18_H2,Llama 3 70B Instruct,dollar_amount,"$10,498 million","$12,740 million",True,"The current assets figure used in the working capital calculation ($18,407 million) does not match the initially reported current assets figure ($23,876 million).",high,2,7
FB_119_3CD84B18,FB_119_3CD84B18_H1,Llama 3 70B Instruct,dollar_amount,"$10,226 million","$8,689 million",False,,,2,7
FB_120_223C47BE,FB_120_223C47BE_H2,Llama 3 70B Instruct,dollar_amount,$4.2 billion,$3.2 billion,False,,,0,3
FB_120_223C47BE,FB_120_223C47BE_H1,Llama 3 70B Instruct,dollar_amount,$3.4 billion,$2.5 billion,False,,,0,3
FB_124_C0D9EB5C,FB_124_C0D9EB5C_H3,Llama 3 70B Instruct,dollar_amount,"$8,613 million","$6,616 million",False,,,3,9
FB_124_C0D9EB5C,FB_124_C0D9EB5C_H2,Llama 3 70B Instruct,dollar_amount,"$11,813 million","$15,021 million",False,,,3,9
FB_124_C0D9EB5C,FB_124_C0D9EB5C_H1,Llama 3 70B Instruct,dollar_amount,"$10,200 million","$6,610 million",False,,,3,9
FB_125_E7A2D24B,FB_125_E7A2D24B_H3,Llama 3 70B Instruct,percentage,23.9%,18.6%,True,"The calculation provided later in the output shows an EBITDA margin of 30.9%, not 18.6%. This inconsistency raises concerns about the accuracy of the initial claim.",high,3,7
FB_125_E7A2D24B,FB_125_E7A2D24B_H2,Llama 3 70B Instruct,dollar_amount,"$13,209 million","$17,408 million",True,"The supporting data section lists unadjusted operating income as $13,209 million, not $17,408 million. This discrepancy suggests an error or fabrication.",high,3,7
FB_125_E7A2D24B,FB_125_E7A2D24B_H1,Llama 3 70B Instruct,dollar_amount,"$17,188 million","$22,497 million",True,"The supporting data section lists unadjusted operating income as $13,209 million, not $17,408 million. This discrepancy suggests an error or fabrication.",high,3,7
FB_126_3313FCA9,FB_126_3313FCA9_H3,Llama 3 70B Instruct,percentage,35.5%,27.2%,False,,,1,4
FB_126_3313FCA9,FB_126_3313FCA9_H2,Llama 3 70B Instruct,large_number,"355,000,000","475,408,619",False,,,1,4
FB_126_3313FCA9,FB_126_3313FCA9_H1,Llama 3 70B Instruct,large_number,"645,000,000","748,272,843",False,,,1,4
FB_127_E1B380E5,FB_127_E1B380E5_H2,Llama 3 70B Instruct,dollar_amount,$1.5 billion,$1.0 billion,False,,,0,2
FB_127_E1B380E5,FB_127_E1B380E5_H1,Llama 3 70B Instruct,dollar_amount,$5.5 billion,$4.6 billion,False,,,0,2
FB_128_F410AC0E,FB_128_F410AC0E_H3,Llama 3 70B Instruct,dollar_amount,"$3,000 million","$4,150 million",True,"The claim reports two different values for the same metric, which is inconsistent and suspicious.",high,3,4
FB_128_F410AC0E,FB_128_F410AC0E_H2,Llama 3 70B Instruct,dollar_amount,"$41,173 million","$27,616 million",True,"The claim reports two different values for the same metric, which is inconsistent and suspicious.",high,3,4
FB_128_F410AC0E,FB_128_F410AC0E_H1,Llama 3 70B Instruct,dollar_amount,"$92,575 million","$107,506 million",True,"The conversion from millions to billions seems incorrect, as $107,506 million is approximately $107.506 billion, not $92.575 billion.",high,3,4
FB_129_1F62F697,FB_129_1F62F697_H3,Llama 3 70B Instruct,percentage,10%,14.2%,True,"The reported year-over-year revenue growth of 10.2% seems suspiciously precise, especially when compared to the other reported growth rates (16.9% for Net Income and 16.3% for Adjusted EPS) which have more varied decimal places.",medium,2,8
FB_129_1F62F697,FB_129_1F62F697_H2,Llama 3 70B Instruct,percentage,10.3%,16.9%,True,"The reported year-over-year revenue growth of 10.2% seems suspiciously precise, especially when compared to the other reported growth rates (16.9% for Net Income and 16.3% for Adjusted EPS) which have more varied decimal places.",medium,2,8
FB_129_1F62F697,FB_129_1F62F697_H1,Llama 3 70B Instruct,dollar_amount,$1.29 ,$1.00 ,False,,,2,8
FB_130_B646D047,FB_130_B646D047_H3,Llama 3 70B Instruct,percentage,10%,17.6%,True,"The math does not add up. If the previous estimate was 2.6% and the new guidance is 17.6%, the increase would be 15 percentage points, not 2.",high,2,3
FB_130_B646D047,FB_130_B646D047_H2,Llama 3 70B Instruct,percentage,8%,2.6%,True,"The math does not add up. If the previous estimate was 2.6% and the new guidance is 17.6%, the increase would be 15 percentage points, not 2.",high,2,3
FB_130_B646D047,FB_130_B646D047_H1,Llama 3 70B Instruct,percentage,8%,17.0%,True,"This claim is inconsistent with the previous claim, which stated the new guidance is 17.6%. The new guidance cannot be both 17.6% and 10%.",high,2,3
FB_131_3A78CB5F,FB_131_3A78CB5F_H2,Llama 3 70B Instruct,dollar_amount,"$12,171 million","$8,948 million",False,,,2,4
FB_131_3A78CB5F,FB_131_3A78CB5F_H1,Llama 3 70B Instruct,large_number,"11,396","7,869",True,"The PPNE value for FY2020 seems inconsistent with the calculation for the percentage change, which uses a different value ($7,869) for FY2020.",high,2,4
FB_132_9F7A4F77,FB_132_9F7A4F77_H2,Llama 3 70B Instruct,dollar_amount,"$20,028 million","$26,881 million",False,,,1,7
FB_132_9F7A4F77,FB_132_9F7A4F77_H1,Llama 3 70B Instruct,dollar_amount,"$2,200 million","$1,431 million",False,,,1,7
FB_133_F4882588,FB_133_F4882588_H3,Llama 3 70B Instruct,dollar_amount,"$11,400 million","$14,483 million",True,"The total acquisition-related expenses seem suspiciously close to the acquisition cost of Array BioPharma Inc. ($14,483 million), which might indicate a copying error or fabrication.",medium,1,5
FB_133_F4882588,FB_133_F4882588_H2,Llama 3 70B Instruct,dollar_amount,"$2,000 million","$2,747 million",False,,,1,5
FB_133_F4882588,FB_133_F4882588_H1,Llama 3 70B Instruct,dollar_amount,"$1,000 million","$1,317 million",False,,,1,5
FB_134_8EAD738D,FB_134_8EAD738D_H1,Llama 3 70B Instruct,dollar_amount,"$1,200 million","$1,654 million",True,"The figure seems suspiciously precise, especially considering it's an estimate of future costs. It's unusual for companies to provide such exact figures, especially when it comes to complex transactions like spin-offs.",medium,1,1
FB_135_DFC4B0A4,FB_135_DFC4B0A4_H3,Llama 3 70B Instruct,dollar_amount,"$3,174 million","$2,548 million",False,,,1,5
FB_135_DFC4B0A4,FB_135_DFC4B0A4_H2,Llama 3 70B Instruct,dollar_amount,"$12,427 million","$16,404 million",True,"A 0.0% decline in U.S. revenues from Q2 2022 to Q2 2023 seems highly unlikely, as it implies no change in revenue, which is rare in a dynamic market.",high,1,5
FB_135_DFC4B0A4,FB_135_DFC4B0A4_H1,Llama 3 70B Instruct,percentage,4.0%,0.0%,True,"A 0.0% decline in U.S. revenues from Q2 2022 to Q2 2023 seems highly unlikely, as it implies no change in revenue, which is rare in a dynamic market.",high,1,5
FB_137_A71B03EF,FB_137_A71B03EF_H2,Llama 3 70B Instruct,dollar_amount,"$1,000 million",$751 million,True,"Inconsistent with the primary metric, which states $751 million in aggregate principal amount of senior unsecured notes due in 2031.",high,1,6
FB_137_A71B03EF,FB_137_A71B03EF_H1,Llama 3 70B Instruct,dollar_amount,"$1,500 million",$931 million,False,,,1,6
FB_138_1767BBA1,FB_138_1767BBA1_H3,Llama 3 70B Instruct,dollar_amount,"$3,900.5 million","$5,245.6 million",False,,,3,7
FB_138_1767BBA1,FB_138_1767BBA1_H2,Llama 3 70B Instruct,dollar_amount,"$3,200.2 million","$2,212.1 million",False,,,3,7
FB_138_1767BBA1,FB_138_1767BBA1_H1,Llama 3 70B Instruct,dollar_amount,"$3,500.0 million","$2,497.7 million",False,,,3,7
FB_139_4FC46F83,FB_139_4FC46F83_H3,Llama 3 70B Instruct,dollar_amount,"$2,800.0 million","$1,698.3 million",True,"Unusually low net sales figure for FY2022 compared to FY2021 and FY2023, suggesting potential error or inaccuracy.",medium,1,6
FB_139_4FC46F83,FB_139_4FC46F83_H2,Llama 3 70B Instruct,percentage,42.4%,31.4%,False,,,1,6
FB_139_4FC46F83,FB_139_4FC46F83_H1,Llama 3 70B Instruct,percentage,50.1%,43.9%,False,,,1,6
FB_140_E38BA3D2,FB_140_E38BA3D2_H3,Llama 3 70B Instruct,dollar_amount,"$1,211.8 million",$952.0 million,True,"The reported figure seems suspiciously round, especially compared to the more precise figures reported for previous years.",medium,1,6
FB_140_E38BA3D2,FB_140_E38BA3D2_H2,Llama 3 70B Instruct,dollar_amount,"$1,050.5 million","$1,266.6 million",False,,,1,6
FB_140_E38BA3D2,FB_140_E38BA3D2_H1,Llama 3 70B Instruct,dollar_amount,"$1,646.5 million","$1,112.3 million",False,,,1,6
FB_141_339C8E4B,FB_141_339C8E4B_H3,Llama 3 70B Instruct,dollar_amount,$250 million,$298 million,True,"The reported figure is inconsistent with the calculation provided later, which uses $250 million as the Q4 FY 2023 repurchase expenditure.",high,2,8
FB_141_339C8E4B,FB_141_339C8E4B_H2,Llama 3 70B Instruct,dollar_amount,"$1,500 million","$1,001 million",True,"The reported figure is suspiciously round, and it's unusual for a company's total stock repurchase expenditure to be an exact billion dollars.",medium,2,8
FB_141_339C8E4B,FB_141_339C8E4B_H1,Llama 3 70B Instruct,percentage,25%,18.1%,False,,,2,8
FB_142_54C31BE1,FB_142_54C31BE1_H2,Llama 3 70B Instruct,dollar_amount,"$1,083.5 million",$830.6 million,True,This value is not consistent with the provided PRIMARY METRIC value of $830.6 million for Wages Expense.,high,3,5
FB_142_54C31BE1,FB_142_54C31BE1_H1,Llama 3 70B Instruct,dollar_amount,"$3,829.0 million","$4,411.0 million",True,"The calculation provided does not match the given values for Wages Expense and Net Sales. The correct calculation would be $830.6 million / $3,829.0 million, not $1,083.5 million / $4,411.0 million.",high,3,5
FB_143_A0EA48F4,FB_143_A0EA48F4_H3,Llama 3 70B Instruct,dollar_amount,"$12,000 million","$15,974 million",True,"The reported notional value of interest rate swaps ($15,974 million) does not match the supporting data provided, which lists the notional value as $12,000 million.",high,1,5
FB_143_A0EA48F4,FB_143_A0EA48F4_H2,Llama 3 70B Instruct,dollar_amount,"$1,500 million","$1,034 million",False,,,1,5
FB_143_A0EA48F4,FB_143_A0EA48F4_H1,Llama 3 70B Instruct,dollar_amount,"$11,000 million","$8,922 million",False,,,1,5
FB_144_BD395CC4,FB_144_BD395CC4_H2,Llama 3 70B Instruct,dollar_amount,"$3,800 million","$2,611 million",True,"The reported figure seems suspiciously precise compared to the surrounding data points, which are rounded to the nearest hundred million.",medium,1,3
FB_144_BD395CC4,FB_144_BD395CC4_H1,Llama 3 70B Instruct,dollar_amount,"$3,600 million","$4,598 million",False,,,1,3
FB_145_F02E8ED1,FB_145_F02E8ED1_H2,Llama 3 70B Instruct,dollar_amount,"$27,241 million","$37,936 million",True,"The reported current assets figure seems suspiciously round, with an unusual number of trailing digits. Typically, financial figures are reported with fewer significant digits.",medium,1,7
FB_145_F02E8ED1,FB_145_F02E8ED1_H1,Llama 3 70B Instruct,dollar_amount,"$12,066 million","$7,911 million",False,,,1,7
FB_146_6EE83766,FB_146_6EE83766_H3,Llama 3 70B Instruct,dollar_amount,"$202,000 million","$127,741 million",False,,,1,4
FB_146_6EE83766,FB_146_6EE83766_H2,Llama 3 70B Instruct,dollar_amount,"$19,000 million","$15,877 million",False,,,1,4
FB_146_6EE83766,FB_146_6EE83766_H1,Llama 3 70B Instruct,dollar_amount,"$18,000 million","$12,860 million",False,,,1,4
FB_147_D81E1F94,FB_147_D81E1F94_H3,Llama 3 70B Instruct,dollar_amount,"$164,000 million","$214,715 million",False,,,1,6
FB_147_D81E1F94,FB_147_D81E1F94_H2,Llama 3 70B Instruct,dollar_amount,"$159,000 million","$212,971 million",False,,,1,6
FB_147_D81E1F94,FB_147_D81E1F94_H1,Llama 3 70B Instruct,dollar_amount,"$75,000 million","$50,809 million",True,"The precision of this figure seems unusual, as equity values are often reported in millions or billions, but not with five-digit precision.",medium,1,6
FB_148_2F878B14,FB_148_2F878B14_H2,Llama 3 70B Instruct,dollar_amount,"$1,402 million",$883 million,True,"The calculation for Change in Inventory seems incorrect. The correct calculation should be $44,559 million - $43,157 million = $1,402 million, but the supporting data lists the result as $883 million, which is inconsistent.",high,1,7
FB_148_2F878B14,FB_148_2F878B14_H1,Llama 3 70B Instruct,large_number,049308,32542,False,,,1,7
FB_149_247B6607,FB_149_247B6607_H2,Llama 3 70B Instruct,dollar_amount,"$24,202 million","$30,045 million",True,"The operating income for FY2019 is inconsistent with the calculated operating income percentage margin. The calculated margin is 16.1%, but the operating income used in the calculation is $24,202 million, not $30,045 million.",high,3,6
FB_149_247B6607,FB_149_247B6607_H1,Llama 3 70B Instruct,percentage,4.7%,16.1%,True,The calculated operating income percentage margin is unusually high for a retail company like Walmart. A margin of 16.1% seems suspiciously high.,medium,3,6
FB_150_3E3CE551,FB_150_3E3CE551_H2,Llama 3 70B Instruct,dollar_amount,"$22,165 million","$14,431 million",True,"The calculation for FY2019 Unadjusted EBITDA Margin uses a Total Revenue of $347,115 million, which is inconsistent with the provided Total Revenue of $514,405 million for FY2019.",high,1,9
FB_150_3E3CE551,FB_150_3E3CE551_H1,Llama 3 70B Instruct,dollar_amount,"$514,405 million","$347,115 million",False,,,1,9
