question_id,hallucination_id,stage,injection_type,original_value,injected_value,detected_by_judge,judge_reason,detected_by_retrieval,detected_by_either
FB_001_F18BFC11,FB_001_F18BFC11_H2,1,dollar_amount,"$1,449 million","$1,677 million",True,"The capital expenditure figure for FY2018 shows a significant decrease from the previous years, which is a 14.7% decrease from FY2017 and a 27.3% decrease from FY2016. Such a large decrease in capital expenditures over consecutive years is unusual for a stable company like 3M, which typically has more consistent capital spending patterns.",True,True
FB_001_F18BFC11,FB_001_F18BFC11_H1,1,dollar_amount,"$1,487 million","$1,967 million",True,"The capital expenditure figure for FY2018 shows a significant decrease from the previous years, which is a 14.7% decrease from FY2017 and a 27.3% decrease from FY2016. Such a large decrease in capital expenditures over consecutive years is unusual for a stable company like 3M, which typically has more consistent capital spending patterns.",True,True
FB_001_F18BFC11,FB_001_F18BFC11_H2,2,dollar_amount,"$1,449 million","$1,677 million",True,"The calculated percentage change from FY2017 to FY2018 is incorrect. The correct calculation should be (-247/1,677) × 100 ≈ -14.73%.",True,True
FB_001_F18BFC11,FB_001_F18BFC11_H1,2,dollar_amount,"$1,487 million","$1,967 million",True,"The calculated percentage change from FY2016 to FY2017 is incorrect. The correct calculation should be (-290/1,967) × 100 ≈ -14.74%, which is accurate, but the rounding should be checked for consistency.",True,True
FB_001_F18BFC11,FB_001_F18BFC11_H2,3,dollar_amount,"$1,449 million","$1,677 million",False,,True,True
FB_001_F18BFC11,FB_001_F18BFC11_H1,3,dollar_amount,"$1,487 million","$1,967 million",False,,True,True
FB_001_F18BFC11,FB_001_F18BFC11_H2,4,dollar_amount,"$1,449 million","$1,677 million",False,,True,True
FB_001_F18BFC11,FB_001_F18BFC11_H1,4,dollar_amount,"$1,487 million","$1,967 million",False,,True,True
FB_002_42BE1D74,FB_002_42BE1D74_H2,1,dollar_amount,$18.2 billion,$14.3 billion,True,"The Net PPNE figure for FY2017 shows a significant increase from FY2016 ($10.9 billion) to FY2017 ($18.0 billion), which is a 65% increase. This is an unusually large increase for a stable company like 3M, suggesting potential data entry error or misinterpretation.",True,True
FB_002_42BE1D74,FB_002_42BE1D74_H1,1,dollar_amount,$17.8 billion,$10.9 billion,True,"The Net PPNE figure for FY2017 shows a significant increase from FY2016 ($10.9 billion) to FY2017 ($18.0 billion), which is a 65% increase. This is an unusually large increase for a stable company like 3M, suggesting potential data entry error or misinterpretation.",True,True
FB_002_42BE1D74,FB_002_42BE1D74_H2,2,dollar_amount,$18.2 billion,$14.3 billion,True,"The sharp increase from FY2016 to FY2017 (+65.14%) seems unusually high for a stable company like 3M, suggesting potential errors in reported figures or extraordinary events.",True,True
FB_002_42BE1D74,FB_002_42BE1D74_H1,2,dollar_amount,$17.8 billion,$10.9 billion,True,"The sharp increase from FY2016 to FY2017 (+65.14%) seems unusually high for a stable company like 3M, suggesting potential errors in reported figures or extraordinary events.",True,True
FB_002_42BE1D74,FB_002_42BE1D74_H2,3,dollar_amount,$18.2 billion,$14.3 billion,False,,True,True
FB_002_42BE1D74,FB_002_42BE1D74_H1,3,dollar_amount,$17.8 billion,$10.9 billion,False,,False,False
FB_002_42BE1D74,FB_002_42BE1D74_H2,4,dollar_amount,$18.2 billion,$14.3 billion,True,"The percentage decrease calculation is correct, but the narrative suggests it should be verified. The calculation ((18.0 - 14.3) / 18.0) * 100 = 20.56% is accurate, but the text implies potential doubt.",True,True
FB_002_42BE1D74,FB_002_42BE1D74_H1,4,dollar_amount,$17.8 billion,$10.9 billion,False,,True,True
FB_003_959AE4F2,FB_003_959AE4F2_H3,1,dollar_amount,"$45,517 million","$59,768 million",True,"The total assets for FY2022 show a significant increase from FY2021's $46,255 million, which is an increase of approximately 29.2%. This is a large increase in assets without a corresponding increase in revenue, which is unusual.",True,True
FB_003_959AE4F2,FB_003_959AE4F2_H2,1,dollar_amount,"$1,451 million","$1,858 million",False,,True,True
FB_003_959AE4F2,FB_003_959AE4F2_H1,1,dollar_amount,"$35,436 million","$29,761 million",True,"The total revenue for FY2021 shows a decrease from FY2020's $32,182 million, which is a drop of approximately 7.5%. While not as drastic as the FY2022 drop, it still warrants scrutiny given the subsequent larger drop in FY2022.",True,True
FB_003_959AE4F2,FB_003_959AE4F2_H3,2,dollar_amount,"$45,517 million","$59,768 million",False,,True,True
FB_003_959AE4F2,FB_003_959AE4F2_H2,2,dollar_amount,"$1,451 million","$1,858 million",False,,True,True
FB_003_959AE4F2,FB_003_959AE4F2_H1,2,dollar_amount,"$35,436 million","$29,761 million",True,"The calculation of the change in total revenue from FY2021 to FY2022 is correct, but the magnitude of the decline (35.51%) is unusually large for a stable company like 3M, suggesting potential errors or extraordinary circumstances.",True,True
FB_003_959AE4F2,FB_003_959AE4F2_H3,3,dollar_amount,"$45,517 million","$59,768 million",False,,True,True
FB_003_959AE4F2,FB_003_959AE4F2_H2,3,dollar_amount,"$1,451 million","$1,858 million",False,,True,True
FB_003_959AE4F2,FB_003_959AE4F2_H1,3,dollar_amount,"$35,436 million","$29,761 million",False,,True,True
FB_003_959AE4F2,FB_003_959AE4F2_H3,4,dollar_amount,"$45,517 million","$59,768 million",False,,True,True
FB_003_959AE4F2,FB_003_959AE4F2_H2,4,dollar_amount,"$1,451 million","$1,858 million",False,,True,True
FB_003_959AE4F2,FB_003_959AE4F2_H1,4,dollar_amount,"$35,436 million","$29,761 million",True,"The percentage decline is stated as 35.51%, which matches the calculation ((29,761 - 19,188) / 29,761 * 100 = 35.51%). However, the narrative should clarify that the percentage is correct, not just the dollar amount.",True,True
FB_004_FF1B8BC2,FB_004_FF1B8BC2_H3,1,dollar_amount,"$6,081 million","$7,927 million",True,"The operating margin calculation is incorrect. The operating income of $7,927 million divided by total revenue of $36,693 million results in an operating margin of approximately 21.6%, not 16.5%.",True,True
FB_004_FF1B8BC2,FB_004_FF1B8BC2_H2,1,dollar_amount,"$36,693 million","$46,995 million",True,"There is an inconsistency in the total revenue figures. The primary metric section states total revenue as $36,693 million, while the supporting data states $46,995 million. These figures should match.",True,True
FB_004_FF1B8BC2,FB_004_FF1B8BC2_H1,1,dollar_amount,"$36,086 million","$44,964 million",True,"There is an inconsistency in the total revenue figures. The primary metric section states total revenue as $36,693 million, while the supporting data states $46,995 million. These figures should match.",True,True
FB_004_FF1B8BC2,FB_004_FF1B8BC2_H3,2,dollar_amount,"$6,081 million","$7,927 million",False,,False,False
FB_004_FF1B8BC2,FB_004_FF1B8BC2_H2,2,dollar_amount,"$36,693 million","$46,995 million",True,"The calculation for FY2022's operating margin is incorrect. Using the provided figures: (6,081 / 46,995) * 100 = 12.94%, not 16.5%.",True,True
FB_004_FF1B8BC2,FB_004_FF1B8BC2_H1,2,dollar_amount,"$36,086 million","$44,964 million",True,"The calculation for FY2021's operating margin is incorrect. Using the provided figures: (6,574 / 44,964) * 100 = 14.62%, not 18.2%.",True,True
FB_004_FF1B8BC2,FB_004_FF1B8BC2_H3,3,dollar_amount,"$6,081 million","$7,927 million",False,,False,False
FB_004_FF1B8BC2,FB_004_FF1B8BC2_H2,3,dollar_amount,"$36,693 million","$46,995 million",True,"The calculation of $6,081 million / $46,995 million results in approximately 12.94%, not 16.5%. This discrepancy suggests an error in the reported operating margin.",True,True
FB_004_FF1B8BC2,FB_004_FF1B8BC2_H1,3,dollar_amount,"$36,086 million","$44,964 million",True,"The calculation of $6,574 million / $44,964 million results in approximately 14.62%, not 18.2%. This discrepancy suggests an error in the reported operating margin.",True,True
FB_004_FF1B8BC2,FB_004_FF1B8BC2_H3,4,dollar_amount,"$6,081 million","$7,927 million",False,,False,False
FB_004_FF1B8BC2,FB_004_FF1B8BC2_H2,4,dollar_amount,"$36,693 million","$46,995 million",False,,True,True
FB_004_FF1B8BC2,FB_004_FF1B8BC2_H1,4,dollar_amount,"$36,086 million","$44,964 million",True,"The operating margin calculation for FY2021 is consistent with the provided figures, but the percentage decrease from FY2021 to FY2022 is incorrectly calculated earlier in the text.",True,True
FB_005_FE85BE68,FB_005_FE85BE68_H2,1,dollar_amount,"$12,421 million","$8,236 million",False,,False,False
FB_005_FE85BE68,FB_005_FE85BE68_H1,1,dollar_amount,"$8,052 million","$6,023 million",False,,True,True
FB_005_FE85BE68,FB_005_FE85BE68_H2,2,dollar_amount,"$12,421 million","$8,236 million",False,,True,True
FB_005_FE85BE68,FB_005_FE85BE68_H1,2,dollar_amount,"$8,052 million","$6,023 million",False,,True,True
FB_005_FE85BE68,FB_005_FE85BE68_H2,3,dollar_amount,"$12,421 million","$8,236 million",True,"A 2.1% decline on $8,236 million implies the previous year's revenue was approximately $8,409 million. This needs verification against historical data.",False,True
FB_005_FE85BE68,FB_005_FE85BE68_H1,3,dollar_amount,"$8,052 million","$6,023 million",True,"A 2.6% decline on $6,023 million implies the previous year's revenue was approximately $6,186 million. This needs verification against historical data.",True,True
FB_005_FE85BE68,FB_005_FE85BE68_H2,4,dollar_amount,"$12,421 million","$8,236 million",True,"A 2.1% decline on $8,236 million implies a previous year revenue of approximately $8,410 million, which should be cross-verified with historical data for accuracy.",False,True
FB_005_FE85BE68,FB_005_FE85BE68_H1,4,dollar_amount,"$8,052 million","$6,023 million",True,"A 2.6% decline on $6,023 million implies a previous year revenue of approximately $6,186 million, which should be cross-verified with historical data for accuracy.",True,True
FB_006_A4622E06,FB_006_A4622E06_H2,1,dollar_amount,"$8,492 million","$5,902 million",True,"The current assets figure seems inconsistent with the sum of cash and cash equivalents ($1,032 million), accounts receivable ($5,576 million), and inventories ($3,147 million), which totals $9,755 million. This discrepancy suggests an error in the reported current assets.",True,True
FB_006_A4622E06,FB_006_A4622E06_H1,1,dollar_amount,"$4,313 million","$5,576 million",False,,True,True
FB_006_A4622E06,FB_006_A4622E06_H2,2,dollar_amount,"$8,492 million","$5,902 million",True,"The calculation of the quick ratio is correct based on the provided figures for current assets, inventories, and current liabilities. However, it conflicts with the reported quick ratio of 0.92, indicating a potential error or omission in the reported figure.",True,True
FB_006_A4622E06,FB_006_A4622E06_H1,2,dollar_amount,"$4,313 million","$5,576 million",False,,True,True
FB_006_A4622E06,FB_006_A4622E06_H2,3,dollar_amount,"$8,492 million","$5,902 million",True,"The calculation of the current ratio using the provided figures ($5,902 million / $9,227 million) indeed results in approximately 0.639, which is consistent. However, the context suggests a liquidity issue, which should be cross-verified with industry norms.",True,True
FB_006_A4622E06,FB_006_A4622E06_H1,3,dollar_amount,"$4,313 million","$5,576 million",False,,False,False
FB_006_A4622E06,FB_006_A4622E06_H2,4,dollar_amount,"$8,492 million","$5,902 million",True,"The calculation of the current ratio as 0.639 is correct based on the provided figures, but the context suggests a potential misinterpretation of liquidity adequacy, as a current ratio below 1 typically indicates liquidity concerns.",True,True
FB_006_A4622E06,FB_006_A4622E06_H1,4,dollar_amount,"$4,313 million","$5,576 million",False,,False,False
FB_007_31B558AC,FB_007_31B558AC_H3,1,dollar_amount,$750 million,$1009 million,True,The amount of $1009 million for the 2.750% Notes due 2025 is inconsistent with the maturity schedule which lists $750 million for 2025.,False,True
FB_007_31B558AC,FB_007_31B558AC_H2,1,percentage,3.750%,0.010%,False,,False,False
FB_007_31B558AC,FB_007_31B558AC_H1,1,percentage,4.250%,8.500%,False,,True,True
FB_007_31B558AC,FB_007_31B558AC_H3,2,dollar_amount,$750 million,$1009 million,False,,False,False
FB_007_31B558AC,FB_007_31B558AC_H2,2,percentage,3.750%,0.010%,False,,False,False
FB_007_31B558AC,FB_007_31B558AC_H1,2,percentage,4.250%,8.500%,False,,True,True
FB_007_31B558AC,FB_007_31B558AC_H3,3,dollar_amount,$750 million,$1009 million,False,,False,False
FB_007_31B558AC,FB_007_31B558AC_H2,3,percentage,3.750%,0.010%,False,,False,False
FB_007_31B558AC,FB_007_31B558AC_H1,3,percentage,4.250%,8.500%,False,,True,True
FB_007_31B558AC,FB_007_31B558AC_H3,4,dollar_amount,$750 million,$1009 million,True,"The sum of the individual securities ($1,000 million each for six securities and $1,009 million for one) equals $7,009 million, not $8,000 million.",True,True
FB_007_31B558AC,FB_007_31B558AC_H2,4,percentage,3.750%,0.010%,True,The calculation of total interest from the securities seems inconsistent with the reported interest expense of $100 million. This discrepancy should be clarified.,False,True
FB_007_31B558AC,FB_007_31B558AC_H1,4,percentage,4.250%,8.500%,True,The calculation of total interest from the securities seems inconsistent with the reported interest expense of $100 million. This discrepancy should be clarified.,True,True
FB_008_77FDE37A,FB_008_77FDE37A_H3,1,dollar_amount,$1.49 ,$1.08 ,False,,True,True
FB_008_77FDE37A,FB_008_77FDE37A_H2,1,dollar_amount,$1.49 ,$1.90 ,True,The dividend per share for Q2 2022 seems unusually high compared to Q2 2023 ($1.08) and Q2 2021 ($1.48). A significant drop from $1.90 to $1.08 in one year is suspicious without additional context.,True,True
FB_008_77FDE37A,FB_008_77FDE37A_H1,1,dollar_amount,$5.76 ,$7.92 ,True,The total dividends paid per share for FY 2020 is significantly higher than FY 2021 ($5.88) and FY 2022 ($5.92). Such a large decrease in subsequent years is unusual without a clear explanation.,True,True
FB_008_77FDE37A,FB_008_77FDE37A_H3,2,dollar_amount,$1.49 ,$1.08 ,False,,True,True
FB_008_77FDE37A,FB_008_77FDE37A_H2,2,dollar_amount,$1.49 ,$1.90 ,False,,True,True
FB_008_77FDE37A,FB_008_77FDE37A_H1,2,dollar_amount,$5.76 ,$7.92 ,False,,True,True
FB_008_77FDE37A,FB_008_77FDE37A_H3,3,dollar_amount,$1.49 ,$1.08 ,True,"The percentage decrease from $1.90 to $1.08 is actually approximately 43.16%, which is correct. However, the precision of the percentage is suspiciously high given the context.",True,True
FB_008_77FDE37A,FB_008_77FDE37A_H2,3,dollar_amount,$1.49 ,$1.90 ,True,"The percentage decrease from $1.90 to $1.08 is actually approximately 43.16%, which is correct. However, the precision of the percentage is suspiciously high given the context.",True,True
FB_008_77FDE37A,FB_008_77FDE37A_H1,3,dollar_amount,$5.76 ,$7.92 ,True,"The decrease from $7.92 to $5.88 is approximately 25.76%, which rounds to 25.8%. The precision of the percentage is suspiciously high given the context.",True,True
FB_008_77FDE37A,FB_008_77FDE37A_H3,4,dollar_amount,$1.49 ,$1.08 ,True,"The percentage decrease from $1.90 to $1.08 should be calculated as (($1.08 - $1.90) / $1.90) * 100 = -43.16%. The calculation is correct, but the narrative should clarify that it is a decrease.",True,True
FB_008_77FDE37A,FB_008_77FDE37A_H2,4,dollar_amount,$1.49 ,$1.90 ,True,"The percentage decrease from $1.90 to $1.08 should be calculated as (($1.08 - $1.90) / $1.90) * 100 = -43.16%. The calculation is correct, but the narrative should clarify that it is a decrease.",True,True
FB_008_77FDE37A,FB_008_77FDE37A_H1,4,dollar_amount,$5.76 ,$7.92 ,True,"The calculation of the percentage change from $7.92 to $5.88 is correct, but the narrative should clarify that it is a decline, not an increase.",True,True
FB_009_ABDB2F6B,FB_009_ABDB2F6B_H2,1,dollar_amount,"$1,025 million","$1,274 million",True,"The calculation of the average PP&E is incorrect. The correct average should be ($1,049 million + $1,025 million) / 2 = $1,037 million. The use of $1,274 million instead of $1,025 million is inconsistent with the provided PP&E values for FY2018 and FY2019.",True,True
FB_009_ABDB2F6B,FB_009_ABDB2F6B_H1,1,dollar_amount,"$1,037 million","$1,435 million",True,"The calculation of the average PP&E is incorrect. The correct average should be ($1,049 million + $1,025 million) / 2 = $1,037 million. The use of $1,274 million instead of $1,025 million is inconsistent with the provided PP&E values for FY2018 and FY2019.",True,True
FB_009_ABDB2F6B,FB_009_ABDB2F6B_H2,2,dollar_amount,"$1,025 million","$1,274 million",True,"The text incorrectly mentions a denominator of $1,274 million for the average PP&E calculation, which is inconsistent with the correct calculation using $1,037 million as derived from the provided PP&E figures for FY2018 and FY2019.",True,True
FB_009_ABDB2F6B,FB_009_ABDB2F6B_H1,2,dollar_amount,"$1,037 million","$1,435 million",False,,False,False
FB_009_ABDB2F6B,FB_009_ABDB2F6B_H2,3,dollar_amount,"$1,025 million","$1,274 million",True,"The discrepancy between the initial incorrect average PP&E figure and the corrected figure ($1,037 million) is significant. This error highlights the need for careful verification of financial data.",True,True
FB_009_ABDB2F6B,FB_009_ABDB2F6B_H1,3,dollar_amount,"$1,037 million","$1,435 million",False,,False,False
FB_009_ABDB2F6B,FB_009_ABDB2F6B_H2,4,dollar_amount,"$1,025 million","$1,274 million",True,"The initial report's average PP&E figure of $1,274 million is inconsistent with the calculated average of $1,037 million based on the provided PP&E figures for 2018 and 2019.",True,True
FB_009_ABDB2F6B,FB_009_ABDB2F6B_H1,4,dollar_amount,"$1,037 million","$1,435 million",False,,False,False
FB_010_CBE1B721,FB_010_CBE1B721_H2,1,percentage,3.3%,14.3%,True,"The calculation is incorrect. (244 / 7,500) * 100 should equal 3.25%, not 14.3%.",True,True
FB_010_CBE1B721,FB_010_CBE1B721_H1,1,percentage,5.1%,16.3%,True,"The calculation is incorrect. (332 / 6,490) * 100 should equal approximately 5.11%, not 5.1%.",True,True
FB_010_CBE1B721,FB_010_CBE1B721_H2,2,percentage,3.3%,14.3%,False,,False,False
FB_010_CBE1B721,FB_010_CBE1B721_H1,2,percentage,5.1%,16.3%,False,,True,True
FB_010_CBE1B721,FB_010_CBE1B721_H2,3,percentage,3.3%,14.3%,True,"The calculation is incorrect. (244/7500) * 100 = 3.25%, not 3.3%.",False,True
FB_010_CBE1B721,FB_010_CBE1B721_H1,3,percentage,5.1%,16.3%,True,"The calculation is incorrect. (332/6490) * 100 = 5.11%, not 5.1%.",True,True
FB_010_CBE1B721,FB_010_CBE1B721_H2,4,percentage,3.3%,14.3%,False,,False,False
FB_010_CBE1B721,FB_010_CBE1B721_H1,4,percentage,5.1%,16.3%,True,"The calculation provided is correct, but the context suggests that the original report had an incorrect figure, which was corrected here. This raises a flag about the accuracy of the original data source.",True,True
FB_011_F50BA584,FB_011_F50BA584_H2,1,dollar_amount,"$1,626 million","$1,051 million",True,"The Cash from Operations figure for FY2015 is inconsistent with the calculation provided for the Operating Cash Flow Ratio, which uses $1,626 million. This discrepancy suggests a potential error in the reported Cash from Operations figure.",True,True
FB_011_F50BA584,FB_011_F50BA584_H1,1,dollar_amount,"$1,660 million","$1,034 million",True,"The Cash from Operations figure for FY2015 is inconsistent with the calculation provided for the Operating Cash Flow Ratio, which uses $1,626 million. This discrepancy suggests a potential error in the reported Cash from Operations figure.",True,True
FB_011_F50BA584,FB_011_F50BA584_H2,2,dollar_amount,"$1,626 million","$1,051 million",True,"The calculation of the Operating Cash Flow Ratio as 1.02 from $1,051 million and $1,034 million is incorrect. The correct calculation should be 1,051 / 1,034 = 1.016, which rounds to 1.02, but the precision mismatch suggests a potential rounding error.",True,True
FB_011_F50BA584,FB_011_F50BA584_H1,2,dollar_amount,"$1,660 million","$1,034 million",True,"The calculation of the Operating Cash Flow Ratio as 1.02 from $1,051 million and $1,034 million is incorrect. The correct calculation should be 1,051 / 1,034 = 1.016, which rounds to 1.02, but the precision mismatch suggests a potential rounding error.",True,True
FB_011_F50BA584,FB_011_F50BA584_H2,3,dollar_amount,"$1,626 million","$1,051 million",False,,True,True
FB_011_F50BA584,FB_011_F50BA584_H1,3,dollar_amount,"$1,660 million","$1,034 million",False,,True,True
FB_011_F50BA584,FB_011_F50BA584_H2,4,dollar_amount,"$1,626 million","$1,051 million",False,,True,True
FB_011_F50BA584,FB_011_F50BA584_H1,4,dollar_amount,"$1,660 million","$1,034 million",False,,True,True
FB_012_41487F3A,FB_012_41487F3A_H2,1,dollar_amount,"$2,825 million","$2,035 million",True,"The operating income for FY2016 is stated as $2,035 million, but the calculation for year-over-year change uses $2,825 million as the FY2016 figure, which is inconsistent.",True,True
FB_012_41487F3A,FB_012_41487F3A_H1,1,percentage,21.3%,32.8%,True,"The calculation uses $2,825 million as the FY2016 operating income, which contradicts the stated $2,035 million. Additionally, the calculated percentage change is 21.3%, not 32.8%.",True,True
FB_012_41487F3A,FB_012_41487F3A_H2,2,dollar_amount,"$2,825 million","$2,035 million",False,,True,True
FB_012_41487F3A,FB_012_41487F3A_H1,2,percentage,21.3%,32.8%,False,,False,False
FB_012_41487F3A,FB_012_41487F3A_H2,3,dollar_amount,"$2,825 million","$2,035 million",True,"The operating income figures for FY2015 and FY2016 are consistent with the reported decrease of $294 million. However, the percentage change calculation should be verified for accuracy.",True,True
FB_012_41487F3A,FB_012_41487F3A_H1,3,percentage,21.3%,32.8%,False,,False,False
FB_012_41487F3A,FB_012_41487F3A_H2,4,dollar_amount,"$2,825 million","$2,035 million",True,"The operating income figures are plausible, but the text should clarify if these are rounded figures to ensure precision consistency.",True,True
FB_012_41487F3A,FB_012_41487F3A_H1,4,percentage,21.3%,32.8%,False,,False,False
FB_013_E5C83D85,FB_013_E5C83D85_H2,1,dollar_amount,"$2,927 million","$2,397 million",False,,True,True
FB_013_E5C83D85,FB_013_E5C83D85_H1,1,dollar_amount,"$2,628 million","$3,504 million",True,"The Cash from Operations for FY2015 is higher than FY2016 and FY2017, which is unusual without a clear explanation of why there was a decrease in subsequent years.",True,True
FB_013_E5C83D85,FB_013_E5C83D85_H2,2,dollar_amount,"$2,927 million","$2,397 million",True,"The calculation (860 / 2,397) × 100 actually equals approximately 35.88%, which is correct. However, the precision of the percentage change is suspiciously exact given the rounded figures.",True,True
FB_013_E5C83D85,FB_013_E5C83D85_H1,2,dollar_amount,"$2,628 million","$3,504 million",True,"The calculation (-1,107 / 3,504) × 100 actually equals approximately -31.59%, which is correct. However, the precision of the percentage change is suspiciously exact given the rounded figures.",True,True
FB_013_E5C83D85,FB_013_E5C83D85_H2,3,dollar_amount,"$2,927 million","$2,397 million",True,"The increase from $2,397 million to $3,257 million is $860 million. The percentage increase is calculated as ($860 million / $2,397 million) * 100 = approximately 35.88%, which is accurate.",True,True
FB_013_E5C83D85,FB_013_E5C83D85_H1,3,dollar_amount,"$2,628 million","$3,504 million",True,"The decrease from $3,504 million to $2,397 million is $1,107 million. The percentage decrease is calculated as ($1,107 million / $3,504 million) * 100 = approximately 31.59%, which is accurate.",True,True
FB_013_E5C83D85,FB_013_E5C83D85_H2,4,dollar_amount,"$2,927 million","$2,397 million",False,,True,True
FB_013_E5C83D85,FB_013_E5C83D85_H1,4,dollar_amount,"$2,628 million","$3,504 million",True,"The percentage change calculation is correct based on the provided figures ($2,397 million - $3,504 million) / $3,504 million * 100 = -31.59%. However, the precision of the percentage (31.59%) is suspiciously high compared to the rounded dollar amounts.",True,True
FB_014_3C2ED91D,FB_014_3C2ED91D_H2,1,percentage,32.9%,38.5%,True,"The operating margin for FY2022 is stated as 38.5% earlier in the text, which contradicts the 32.9% figure mentioned here.",True,True
FB_014_3C2ED91D,FB_014_3C2ED91D_H1,1,dollar_amount,"$5,786 million","$4,381 million",True,"The operating income of $4,381 million on a revenue of $17,610 million results in an operating margin of approximately 24.9%, which does not match the stated operating margin of 38.5%.",True,True
FB_014_3C2ED91D,FB_014_3C2ED91D_H2,2,percentage,32.9%,38.5%,True,"The calculated operating margin using the provided operating income and total revenue for FY2022 is 24.85%, not 38.5%. This discrepancy suggests an error in the reported operating margin.",True,True
FB_014_3C2ED91D,FB_014_3C2ED91D_H1,2,dollar_amount,"$5,786 million","$4,381 million",False,,True,True
FB_014_3C2ED91D,FB_014_3C2ED91D_H2,3,percentage,32.9%,38.5%,True,"The calculated operating margin using the provided figures (Operating Income of $4,381 million and Total Revenue of $17,610 million) is 24.85%, not 38.5%. This discrepancy suggests the reported figure may be incorrect.",True,True
FB_014_3C2ED91D,FB_014_3C2ED91D_H1,3,dollar_amount,"$5,786 million","$4,381 million",True,"The decline in operating income is stated as $502 million, which matches the difference between $4,883 million and $4,381 million. However, the reported operating margin does not align with these figures, suggesting potential errors elsewhere.",True,True
FB_014_3C2ED91D,FB_014_3C2ED91D_H2,4,percentage,32.9%,38.5%,False,,True,True
FB_014_3C2ED91D,FB_014_3C2ED91D_H1,4,dollar_amount,"$5,786 million","$4,381 million",True,"The claim of an increase in operational efficiency is inconsistent with the decline in operating income, which suggests a decrease in efficiency.",True,True
FB_015_5E139DB3,FB_015_5E139DB3_H2,1,dollar_amount,"$4,895 million","$3,695 million",True,"The text states Free Cash Flow for FY2022 as $3,695 million, not $4,895 million. This discrepancy affects the calculation of the free cash flow conversion ratio.",True,True
FB_015_5E139DB3,FB_015_5E139DB3_H1,1,dollar_amount,"$3,396 million","$4,076 million",False,,True,True
FB_015_5E139DB3,FB_015_5E139DB3_H2,2,dollar_amount,"$4,895 million","$3,695 million",False,,True,True
FB_015_5E139DB3,FB_015_5E139DB3_H1,2,dollar_amount,"$3,396 million","$4,076 million",False,,True,True
FB_015_5E139DB3,FB_015_5E139DB3_H2,3,dollar_amount,"$4,895 million","$3,695 million",True,"The free cash flow conversion ratio is calculated as free cash flow divided by operating cash flow. Using the provided figures ($3,695 million free cash flow and $4,750 million operating cash flow), the conversion ratio should be approximately 77.79%, not 77.68%.",True,True
FB_015_5E139DB3,FB_015_5E139DB3_H1,3,dollar_amount,"$3,396 million","$4,076 million",False,,True,True
FB_015_5E139DB3,FB_015_5E139DB3_H2,4,dollar_amount,"$4,895 million","$3,695 million",False,,True,True
FB_015_5E139DB3,FB_015_5E139DB3_H1,4,dollar_amount,"$3,396 million","$4,076 million",False,,True,True
FB_017_4ABE7642,FB_017_4ABE7642_H3,1,dollar_amount,"$8,814 million","$11,608 million",True,"The COGS for FY2022 shows a significant increase from FY2021 ($5,621 million to $11,608 million), which is more than double. This large increase is unusual and warrants further investigation to ensure accuracy.",True,True
FB_017_4ABE7642,FB_017_4ABE7642_H2,1,dollar_amount,"$8,187 million","$5,621 million",False,,True,True
FB_017_4ABE7642,FB_017_4ABE7642_H1,1,dollar_amount,"$8,814 million","$11,413 million",True,"The COGS used in the calculation ($11,413 million) does not match the provided COGS for FY2022 ($11,608 million). This discrepancy affects the accuracy of the inventory turnover ratio.",True,True
FB_017_4ABE7642,FB_017_4ABE7642_H3,2,dollar_amount,"$8,814 million","$11,608 million",True,"The inventory turnover ratio calculation is correct, but the context provided suggests that this figure might be unusually high for an energy company, which typically has lower turnover ratios due to capital-intensive operations.",True,True
FB_017_4ABE7642,FB_017_4ABE7642_H2,2,dollar_amount,"$8,187 million","$5,621 million",True,"The percentage change calculation is incorrect. The correct percentage change should be approximately 106.5% if calculated as (5,987 / 5,621) * 100, but the text implies a doubling of COGS, which is not accurate. The correct calculation should be (11,608 - 5,621) / 5,621 * 100 = 106.5%.",True,True
FB_017_4ABE7642,FB_017_4ABE7642_H1,2,dollar_amount,"$8,814 million","$11,413 million",False,,True,True
FB_017_4ABE7642,FB_017_4ABE7642_H3,3,dollar_amount,"$8,814 million","$11,608 million",True,"A 106.5% increase implies that the previous year's COGS was approximately $5,618 million. The text later states a $5,987 million increase, which would suggest a previous COGS of $5,621 million. These figures are inconsistent.",True,True
FB_017_4ABE7642,FB_017_4ABE7642_H2,3,dollar_amount,"$8,187 million","$5,621 million",False,,False,False
FB_017_4ABE7642,FB_017_4ABE7642_H1,3,dollar_amount,"$8,814 million","$11,413 million",False,,True,True
FB_017_4ABE7642,FB_017_4ABE7642_H3,4,dollar_amount,"$8,814 million","$11,608 million",True,"A 106.5% increase in COGS implies that the previous year's COGS was approximately $5,621 million. This is a significant increase and should be verified against historical data for plausibility.",True,True
FB_017_4ABE7642,FB_017_4ABE7642_H2,4,dollar_amount,"$8,187 million","$5,621 million",False,,False,False
FB_017_4ABE7642,FB_017_4ABE7642_H1,4,dollar_amount,"$8,814 million","$11,413 million",False,,True,True
FB_018_6E9F56BB,FB_018_6E9F56BB_H2,1,dollar_amount,"$38,425 million","$27,446 million",True,"The calculation of Average Total Assets uses an incorrect figure for Total Assets FY2021. The text states Total Assets as of December 31, 2021, is $38,425 million, not $27,446 million. Therefore, the average should be ($40,253 million + $38,425 million) / 2 = $39,339 million.",True,True
FB_018_6E9F56BB,FB_018_6E9F56BB_H1,1,dollar_amount,"$39,339 million","$29,233 million",True,"The calculation of Average Total Assets uses an incorrect figure for Total Assets FY2021. The text states Total Assets as of December 31, 2021, is $38,425 million, not $27,446 million. Therefore, the average should be ($40,253 million + $38,425 million) / 2 = $39,339 million.",True,True
FB_018_6E9F56BB,FB_018_6E9F56BB_H2,2,dollar_amount,"$38,425 million","$27,446 million",True,"The calculation of average total assets is incorrect. The correct calculation should be (40,253 + 38,425) / 2 = 39,339 million, but the result should be 39,339 million, which is correct. However, the explanation is misleading as it suggests a different calculation.",False,True
FB_018_6E9F56BB,FB_018_6E9F56BB_H1,2,dollar_amount,"$39,339 million","$29,233 million",True,"The calculation of average total assets is incorrect. The correct calculation should be (40,253 + 38,425) / 2 = 39,339 million, but the result should be 39,339 million, which is correct. However, the explanation is misleading as it suggests a different calculation.",False,True
FB_018_6E9F56BB,FB_018_6E9F56BB_H2,3,dollar_amount,"$38,425 million","$27,446 million",True,"The average of $40,253 million and $38,425 million should be $39,339 million, which is correct. However, the precision of this figure is suspiciously high given the round nature of the total asset figures.",False,True
FB_018_6E9F56BB,FB_018_6E9F56BB_H1,3,dollar_amount,"$39,339 million","$29,233 million",True,"The average of $40,253 million and $38,425 million should be $39,339 million, which is correct. However, the precision of this figure is suspiciously high given the round nature of the total asset figures.",False,True
FB_018_6E9F56BB,FB_018_6E9F56BB_H2,4,dollar_amount,"$38,425 million","$27,446 million",True,"The calculation of average total assets is correct, but the precision of the figure (39,339 million) is suspiciously precise given the rounded nature of the input figures (40,253 and 38,425). Typically, such calculations would result in a more rounded figure.",False,True
FB_018_6E9F56BB,FB_018_6E9F56BB_H1,4,dollar_amount,"$39,339 million","$29,233 million",True,"The calculation of average total assets is correct, but the precision of the figure (39,339 million) is suspiciously precise given the rounded nature of the input figures (40,253 and 38,425). Typically, such calculations would result in a more rounded figure.",False,True
FB_019_A187C1CC,FB_019_A187C1CC_H2,1,dollar_amount,"$17,202 million","$14,425 million",True,"The FY2017 Inventory is stated as $14,425 million, not $17,202 million. The change in inventory calculation is incorrect.",True,True
FB_019_A187C1CC,FB_019_A187C1CC_H1,1,dollar_amount,"$16,632 million","$10,104 million",True,"The FY2017 Inventory is stated as $14,425 million, not $17,202 million. The change in inventory calculation is incorrect.",True,True
FB_019_A187C1CC,FB_019_A187C1CC_H2,2,dollar_amount,"$17,202 million","$14,425 million",True,"The calculation provided for Average Accounts Payable is correct, but the text should clarify that this is a calculated figure rather than a reported one.",True,True
FB_019_A187C1CC,FB_019_A187C1CC_H1,2,dollar_amount,"$16,632 million","$10,104 million",True,"The calculation provided for Average Accounts Payable is correct, but the text should clarify that this is a calculated figure rather than a reported one.",False,True
FB_019_A187C1CC,FB_019_A187C1CC_H2,3,dollar_amount,"$17,202 million","$14,425 million",False,,True,True
FB_019_A187C1CC,FB_019_A187C1CC_H1,3,dollar_amount,"$16,632 million","$10,104 million",False,,False,False
FB_019_A187C1CC,FB_019_A187C1CC_H2,4,dollar_amount,"$17,202 million","$14,425 million",False,,True,True
FB_019_A187C1CC,FB_019_A187C1CC_H1,4,dollar_amount,"$16,632 million","$10,104 million",False,,False,False
FB_020_C68C8862,FB_020_C68C8862_H2,1,dollar_amount,"$136,004 million","$179,626 million",True,"The FY2016 revenue is stated as $136,004 million in the supporting data, which contradicts the $179,626 million figure.",False,True
FB_020_C68C8862,FB_020_C68C8862_H1,1,percentage,30.8%,26.6%,True,"The calculation provided is correct, but it contradicts the supporting data which states a 30.8% change.",True,True
FB_020_C68C8862,FB_020_C68C8862_H2,2,dollar_amount,"$136,004 million","$179,626 million",True,There is an inconsistency between the stated revenue for FY2016 in the primary metric and the supporting data. This discrepancy needs to be resolved to ensure accurate analysis.,False,True
FB_020_C68C8862,FB_020_C68C8862_H1,2,percentage,30.8%,26.6%,True,The reported year-over-year change of 26.6% does not match the calculated change of 30.8% using the provided revenue figures for FY2016 and FY2017.,True,True
FB_020_C68C8862,FB_020_C68C8862_H2,3,dollar_amount,"$136,004 million","$179,626 million",False,,False,False
FB_020_C68C8862,FB_020_C68C8862_H1,3,percentage,30.8%,26.6%,True,"The calculated year-over-year increase from $136,004 million to $177,866 million is indeed 30.8%, which is consistent with the provided calculation. However, the precision of the percentage is suspiciously exact given the large base numbers involved.",False,True
FB_020_C68C8862,FB_020_C68C8862_H2,4,dollar_amount,"$136,004 million","$179,626 million",False,,False,False
FB_020_C68C8862,FB_020_C68C8862_H1,4,percentage,30.8%,26.6%,True,"The growth rate calculation is consistent with the revenue figures provided, but it should be verified against industry reports to ensure it accurately reflects Amazon's market position.",False,True
FB_021_8ECDBFF6,FB_021_8ECDBFF6_H2,1,dollar_amount,"$11,588 million","$14,743 million",False,,True,True
FB_021_8ECDBFF6,FB_021_8ECDBFF6_H1,1,dollar_amount,"$3,033 million","$2,112 million",False,,True,True
FB_021_8ECDBFF6,FB_021_8ECDBFF6_H2,2,dollar_amount,"$11,588 million","$14,743 million",True,"The net income margin calculation is based on a hypothetical revenue figure. Without the actual revenue figure, this percentage is speculative and should be verified with actual data.",True,True
FB_021_8ECDBFF6,FB_021_8ECDBFF6_H1,2,dollar_amount,"$3,033 million","$2,112 million",True,"The calculated percentage change from FY2017 to FY2018 is incorrect. The correct calculation should be (7,961/2,112) × 100 ≈ 376.97%, which rounds to 377.0%. The discrepancy suggests a need for verification.",True,True
FB_021_8ECDBFF6,FB_021_8ECDBFF6_H2,3,dollar_amount,"$11,588 million","$14,743 million",True,"The percentage increase from $10,073 million to $14,743 million is approximately 46.4%, which is accurate. However, the precision of the percentage is suspiciously high given the round nature of the base figures.",True,True
FB_021_8ECDBFF6,FB_021_8ECDBFF6_H1,3,dollar_amount,"$3,033 million","$2,112 million",True,"The increase from $2,112 million to $10,073 million is indeed $7,961 million, but the percentage increase is approximately 376.9%, not 376.5%. The discrepancy in the percentage calculation is suspicious.",True,True
FB_021_8ECDBFF6,FB_021_8ECDBFF6_H2,4,dollar_amount,"$11,588 million","$14,743 million",True,"The percentage increase from $10,073 million to $14,743 million is actually approximately 46.4%, which is correct. However, the previous correction from 376.5% to 376.0% for FY2017 to FY2018 suggests a potential pattern of rounding errors or miscalculations that should be verified.",True,True
FB_021_8ECDBFF6,FB_021_8ECDBFF6_H1,4,dollar_amount,"$3,033 million","$2,112 million",True,"The increase from $2,112 million to $10,073 million is indeed $7,961 million, but the percentage increase should be calculated as ((10,073 - 2,112) / 2,112) * 100 = 376.9%, not 376.0%. This discrepancy suggests a calculation error.",True,True
FB_022_466C1ED8,FB_022_466C1ED8_H2,1,dollar_amount,"$1,205 million",$947 million,True,"The decrease from $1,153 million in FY2019 to $947 million in FY2020 represents a significant drop of approximately 17.9%. This is a notable change that warrants further investigation to ensure accuracy and understand the underlying reasons.",True,True
FB_022_466C1ED8,FB_022_466C1ED8_H1,1,dollar_amount,"$1,063 million","$1,235 million",False,,True,True
FB_022_466C1ED8,FB_022_466C1ED8_H2,2,dollar_amount,"$1,205 million",$947 million,False,,True,True
FB_022_466C1ED8,FB_022_466C1ED8_H1,2,dollar_amount,"$1,063 million","$1,235 million",False,,True,True
FB_022_466C1ED8,FB_022_466C1ED8_H2,3,dollar_amount,"$1,205 million",$947 million,True,"The percentage decrease from $1,153 million to $947 million is calculated as (($1,153 - $947) / $1,153) * 100 = 17.87%. This calculation is correct.",True,True
FB_022_466C1ED8,FB_022_466C1ED8_H1,3,dollar_amount,"$1,063 million","$1,235 million",True,"The percentage decrease from $1,235 million to $1,153 million is calculated as (($1,235 - $1,153) / $1,235) * 100 = 6.64%. This calculation is correct.",True,True
FB_022_466C1ED8,FB_022_466C1ED8_H2,4,dollar_amount,"$1,205 million",$947 million,True,"The text states the percentage was corrected to approximately 17.87%, which is the same as the original figure. This suggests a potential error in the correction process or a misstatement.",True,True
FB_022_466C1ED8,FB_022_466C1ED8_H1,4,dollar_amount,"$1,063 million","$1,235 million",True,"The calculation for the percentage decline from FY2018 to FY2019 is correct, but the use of 'approximately' suggests a lack of precision that is unnecessary given the exact calculation.",True,True
FB_024_214CEB4C,FB_024_214CEB4C_H3,1,dollar_amount,"$2,843 million","$2,085 million",True,"The supporting data lists FY2022 Current Liabilities as $2,843 million, which contradicts the $2,085 million figure.",True,True
FB_024_214CEB4C,FB_024_214CEB4C_H2,1,dollar_amount,"$4,196 million","$2,926 million",True,"The supporting data lists FY2023 Current Assets as $2,926 million, which contradicts the $4,196 million figure.",True,True
FB_024_214CEB4C,FB_024_214CEB4C_H1,1,dollar_amount,"$1,058 million",$891 million,False,,True,True
FB_024_214CEB4C,FB_024_214CEB4C_H3,2,dollar_amount,"$2,843 million","$2,085 million",False,,False,False
FB_024_214CEB4C,FB_024_214CEB4C_H2,2,dollar_amount,"$4,196 million","$2,926 million",False,,False,False
FB_024_214CEB4C,FB_024_214CEB4C_H1,2,dollar_amount,"$1,058 million",$891 million,False,,True,True
FB_024_214CEB4C,FB_024_214CEB4C_H3,3,dollar_amount,"$2,843 million","$2,085 million",False,,False,False
FB_024_214CEB4C,FB_024_214CEB4C_H2,3,dollar_amount,"$4,196 million","$2,926 million",False,,False,False
FB_024_214CEB4C,FB_024_214CEB4C_H1,3,dollar_amount,"$1,058 million",$891 million,False,,True,True
FB_024_214CEB4C,FB_024_214CEB4C_H3,4,dollar_amount,"$2,843 million","$2,085 million",False,,False,False
FB_024_214CEB4C,FB_024_214CEB4C_H2,4,dollar_amount,"$4,196 million","$2,926 million",False,,False,False
FB_024_214CEB4C,FB_024_214CEB4C_H1,4,dollar_amount,"$1,058 million",$891 million,True,The calculation is consistent with the provided figures and results in a quick ratio of approximately 1.36.,True,True
FB_025_E70F40EB,FB_025_E70F40EB_H3,1,large_number,"1,200","1,669",True,"The revenue figure for FY2023 shows a significant decrease from FY2022's USD 17,880 million, which is a 21.7% drop. This is a substantial decline that warrants further investigation, especially given the acquisition aimed at expanding market presence.",True,True
FB_025_E70F40EB,FB_025_E70F40EB_H2,1,large_number,"13,500","17,880",True,"The revenue figure for FY2023 shows a significant decrease from FY2022's USD 17,880 million, which is a 21.7% drop. This is a substantial decline that warrants further investigation, especially given the acquisition aimed at expanding market presence.",True,True
FB_025_E70F40EB,FB_025_E70F40EB_H1,1,large_number,"1,100",897,True,"The net income for FY2022 is significantly lower than FY2021's USD 1,000 million despite higher revenue, which suggests potential issues with cost management or other financial anomalies.",False,True
FB_025_E70F40EB,FB_025_E70F40EB_H3,2,large_number,"1,200","1,669",True,"The net income margin calculation is correct, but the narrative suggests a significant improvement in profitability despite a revenue decline, which may warrant further investigation.",True,True
FB_025_E70F40EB,FB_025_E70F40EB_H2,2,large_number,"13,500","17,880",True,"The calculation of the absolute change in revenue from FY2023 to FY2022 is correct, but the percentage change calculation is incorrect. The correct percentage change should be (-3,880 / 17,880) * 100 = -21.70%, not -21.66%.",True,True
FB_025_E70F40EB,FB_025_E70F40EB_H1,2,large_number,"1,100",897,True,"The percentage change calculation is incorrect. The correct percentage change should be (772 / 897) * 100 = 86.07%, not 86.14%.",False,True
FB_025_E70F40EB,FB_025_E70F40EB_H3,3,large_number,"1,200","1,669",False,,True,True
FB_025_E70F40EB,FB_025_E70F40EB_H2,3,large_number,"13,500","17,880",True,"The decline in revenue from USD 17,880 million to USD 14,000 million is indeed USD 3,880 million, which is consistent. However, the percentage decline mentioned earlier was slightly off.",True,True
FB_025_E70F40EB,FB_025_E70F40EB_H1,3,large_number,"1,100",897,False,,False,False
FB_025_E70F40EB,FB_025_E70F40EB_H3,4,large_number,"1,200","1,669",True,"The percentage increase calculation is correct, but the precision of the percentage (86%) is suspiciously high given the round nature of the net income figures (USD 897 million and USD 1,669 million).",True,True
FB_025_E70F40EB,FB_025_E70F40EB_H2,4,large_number,"13,500","17,880",True,"The percentage decline calculation is correct, but the precision of the percentage (21.66%) is suspiciously high given the round nature of the revenue figures (USD 17,880 million and USD 14,000 million).",True,True
FB_025_E70F40EB,FB_025_E70F40EB_H1,4,large_number,"1,100",897,True,"The percentage increase calculation is correct, but the precision of the percentage (86%) is suspiciously high given the round nature of the net income figures (USD 897 million and USD 1,669 million).",False,True
FB_027_9BE33B25,FB_027_9BE33B25_H3,1,percentage,20.5%,12.6%,True,"The gross margin calculated from the provided revenue and COGS for FY2023 is (14,000 - 11,100) / 14,000 = 20.71%, not 12.6%.",True,True
FB_027_9BE33B25,FB_027_9BE33B25_H2,1,dollar_amount,"$10,000 million","$8,437 million",False,,True,True
FB_027_9BE33B25,FB_027_9BE33B25_H1,1,percentage,20.5%,9.4%,True,"The gross margin calculated from the provided revenue and COGS for FY2023 is (14,000 - 11,100) / 14,000 = 20.71%, not 9.4%.",True,True
FB_027_9BE33B25,FB_027_9BE33B25_H3,2,percentage,20.5%,12.6%,True,"The calculated gross margin for FY2023 should be 20.71%, but the key metrics summary states it as 12.6%, which is inconsistent.",True,True
FB_027_9BE33B25,FB_027_9BE33B25_H2,2,dollar_amount,"$10,000 million","$8,437 million",True,"The calculated gross margin for FY2021 should be 32.50%, but the key metrics summary does not provide this figure, leading to potential inconsistency.",True,True
FB_027_9BE33B25,FB_027_9BE33B25_H1,2,percentage,20.5%,9.4%,True,"The calculated gross margin for FY2023 should be 20.71%, but the key metrics summary states it as 12.6%, which is inconsistent.",True,True
FB_027_9BE33B25,FB_027_9BE33B25_H3,3,percentage,20.5%,12.6%,False,,True,True
FB_027_9BE33B25,FB_027_9BE33B25_H2,3,dollar_amount,"$10,000 million","$8,437 million",False,,False,False
FB_027_9BE33B25,FB_027_9BE33B25_H1,3,percentage,20.5%,9.4%,False,,True,True
FB_027_9BE33B25,FB_027_9BE33B25_H3,4,percentage,20.5%,12.6%,False,,True,True
FB_027_9BE33B25,FB_027_9BE33B25_H2,4,dollar_amount,"$10,000 million","$8,437 million",False,,False,False
FB_027_9BE33B25,FB_027_9BE33B25_H1,4,percentage,20.5%,9.4%,False,,True,True
FB_028_C84B8000,FB_028_C84B8000_H2,1,dollar_amount,$45 million,$38 million,True,"The restructuring liability is reported as $38 million for both Q2 FY2022 and Q2 FY2023, which is unusual if there were changes in the interim period, such as the $48 million reported for Q1 FY2023. This suggests a potential error or lack of change over a year, which is suspicious.",True,True
FB_028_C84B8000,FB_028_C84B8000_H1,1,dollar_amount,$50 million,$38 million,True,"The restructuring liability is reported as $38 million for both Q2 FY2022 and Q2 FY2023, which is unusual if there were changes in the interim period, such as the $48 million reported for Q1 FY2023. This suggests a potential error or lack of change over a year, which is suspicious.",True,True
FB_028_C84B8000,FB_028_C84B8000_H2,2,dollar_amount,$45 million,$38 million,False,,True,True
FB_028_C84B8000,FB_028_C84B8000_H1,2,dollar_amount,$50 million,$38 million,True,"The restructuring liability decreased from $48 million to $38 million in one quarter, which is a significant 20.83% decrease. This is a large change for a single quarter and may warrant further investigation.",True,True
FB_028_C84B8000,FB_028_C84B8000_H2,3,dollar_amount,$45 million,$38 million,False,,True,True
FB_028_C84B8000,FB_028_C84B8000_H1,3,dollar_amount,$50 million,$38 million,False,,True,True
FB_028_C84B8000,FB_028_C84B8000_H2,4,dollar_amount,$45 million,$38 million,True,"The claim that the restructuring liability is unchanged from the previous year is consistent with the text, but the precision of the unchanged figure is suspicious given the typical variability in such liabilities.",True,True
FB_028_C84B8000,FB_028_C84B8000_H1,4,dollar_amount,$50 million,$38 million,True,"The claim that the restructuring liability is unchanged from the previous year is consistent with the text, but the precision of the unchanged figure is suspicious given the typical variability in such liabilities.",True,True
FB_029_CA5B2B49,FB_029_CA5B2B49_H2,1,dollar_amount,"$2,200 million","$2,622 million",True,"The increase from $2,100 million in FY 2022 to $2,622 million in FY 2023 represents a 24.86% increase, which is plausible but should be verified against industry trends and company growth rates.",True,True
FB_029_CA5B2B49,FB_029_CA5B2B49_H1,1,dollar_amount,"$2,000 million","$1,517 million",True,"The increase from $1,517 million in FY 2021 to $2,100 million in FY 2022 represents a 38.38% increase, which is a significant jump and should be verified for accuracy.",True,True
FB_029_CA5B2B49,FB_029_CA5B2B49_H2,2,dollar_amount,"$2,200 million","$2,622 million",False,,True,True
FB_029_CA5B2B49,FB_029_CA5B2B49_H1,2,dollar_amount,"$2,000 million","$1,517 million",True,"The calculated percentage change from FY 2021 to FY 2022 should be approximately 38.39%, but the correct calculation is (583/1,517) x 100 = 38.42%. The discrepancy is minor but should be noted for precision.",True,True
FB_029_CA5B2B49,FB_029_CA5B2B49_H2,3,dollar_amount,"$2,200 million","$2,622 million",True,"The percentage growth from $2,100 million in FY 2022 to $2,622 million in FY 2023 should be calculated as (($2,622 - $2,100) / $2,100) * 100 = 24.857%, which rounds to 24.86%. This is accurate.",True,True
FB_029_CA5B2B49,FB_029_CA5B2B49_H1,3,dollar_amount,"$2,000 million","$1,517 million",False,,True,True
FB_029_CA5B2B49,FB_029_CA5B2B49_H2,4,dollar_amount,"$2,200 million","$2,622 million",False,,True,True
FB_029_CA5B2B49,FB_029_CA5B2B49_H1,4,dollar_amount,"$2,000 million","$1,517 million",False,,True,True
FB_030_DF79B84F,FB_030_DF79B84F_H2,1,dollar_amount,"$14,000 million","$16,612 million",True,"There is an inconsistency between the reported FY 2023 Net Sales figures: $16,612 million and $14,000 million. Both cannot be correct.",True,True
FB_030_DF79B84F,FB_030_DF79B84F_H1,1,dollar_amount,"$13,500 million","$8,955 million",True,"There is an inconsistency between the reported FY 2022 Net Sales figures: $8,955 million and $13,500 million. Both cannot be correct.",True,True
FB_030_DF79B84F,FB_030_DF79B84F_H2,2,dollar_amount,"$14,000 million","$16,612 million",False,,False,False
FB_030_DF79B84F,FB_030_DF79B84F_H1,2,dollar_amount,"$13,500 million","$8,955 million",False,,False,False
FB_030_DF79B84F,FB_030_DF79B84F_H2,3,dollar_amount,"$14,000 million","$16,612 million",True,"The increase from $13,500 million to $14,000 million is consistent with the stated $500 million increase. However, the percentage growth calculation should be double-checked for accuracy.",False,True
FB_030_DF79B84F,FB_030_DF79B84F_H1,3,dollar_amount,"$13,500 million","$8,955 million",True,"The increase from $13,500 million to $14,000 million is consistent with the stated $500 million increase. However, the percentage growth calculation should be double-checked for accuracy.",False,True
FB_030_DF79B84F,FB_030_DF79B84F_H2,4,dollar_amount,"$14,000 million","$16,612 million",False,,False,False
FB_030_DF79B84F,FB_030_DF79B84F_H1,4,dollar_amount,"$13,500 million","$8,955 million",False,,False,False
FB_031_E5667B37,FB_031_E5667B37_H3,1,dollar_amount,"$1,165 million",$762 million,True,"The calculation of the D&A Margin is incorrect. The correct calculation should be ($762 million / $7,678 million) * 100 = 9.92%, which is significantly different from the reported 29.4%.",True,True
FB_031_E5667B37,FB_031_E5667B37_H2,1,dollar_amount,"$5,506 million","$7,678 million",True,"The calculation of the D&A Margin is incorrect. The correct calculation should be ($762 million / $7,678 million) * 100 = 9.92%, which is significantly different from the reported 29.4%.",True,True
FB_031_E5667B37,FB_031_E5667B37_H1,1,percentage,21.2%,29.4%,True,"The calculation of the D&A Margin is incorrect. The correct calculation should be ($1,184 million / $4,045 million) * 100 = 29.27%, which should be rounded to 29.3%. However, the precision mismatch suggests a potential error in rounding or reporting.",False,True
FB_031_E5667B37,FB_031_E5667B37_H3,2,dollar_amount,"$1,165 million",$762 million,False,,True,True
FB_031_E5667B37,FB_031_E5667B37_H2,2,dollar_amount,"$5,506 million","$7,678 million",True,"The revenue figure for FY2014 is significantly higher than both FY2013 and FY2015, which is unusual given the trend of declining revenue. This could indicate a potential error or misstatement.",True,True
FB_031_E5667B37,FB_031_E5667B37_H1,2,percentage,21.2%,29.4%,True,"The calculated D&A Margin using the provided figures is approximately 29.3%, which matches the claim. However, the D&A margin is unusually high for the semiconductor industry, which typically ranges from 10% to 20%. This suggests a potential error or misstatement.",False,True
FB_031_E5667B37,FB_031_E5667B37_H3,3,dollar_amount,"$1,165 million",$762 million,True,"The increase from $762 million to $1,184 million is actually a 55.39% increase, which rounds to 55.4%. However, the precision of the percentage increase is suspiciously exact given the context.",True,True
FB_031_E5667B37,FB_031_E5667B37_H2,3,dollar_amount,"$5,506 million","$7,678 million",True,"The decline from $7,678 million to $4,045 million is actually a 47.32% decrease, which rounds to 47.3%. The precision of the percentage decrease is suspiciously exact given the context.",True,True
FB_031_E5667B37,FB_031_E5667B37_H1,3,percentage,21.2%,29.4%,True,"The D&A margin of 29.3% seems implausibly high for a semiconductor company, where industry standards typically range from 10% to 20%.",False,True
FB_031_E5667B37,FB_031_E5667B37_H3,4,dollar_amount,"$1,165 million",$762 million,True,"The increase from $762 million to $1,184 million is $422 million, which is approximately a 55.4% increase. This calculation is correct.",True,True
FB_031_E5667B37,FB_031_E5667B37_H2,4,dollar_amount,"$5,506 million","$7,678 million",True,"The decline from $7,678 million to $4,045 million is $3,633 million, which is approximately a 47.3% decrease. This calculation is correct.",True,True
FB_031_E5667B37,FB_031_E5667B37_H1,4,percentage,21.2%,29.4%,True,"The report later states that the D&A margin remained stable at 29.3%, indicating that the initial claim of a decrease is incorrect.",False,True
FB_032_D18D6021,FB_032_D18D6021_H2,1,dollar_amount,"$1,202 million","$1,474 million",True,"The calculation provided does not match the figures given. The correct calculation should be (Current Assets - Inventory) / Current Liabilities = ($6,570 million - $1,202 million) / $4,973 million = 1.08, not 1.32.",True,True
FB_032_D18D6021,FB_032_D18D6021_H1,1,dollar_amount,"$4,973 million","$6,844 million",True,"The calculation provided does not match the figures given. The correct calculation should be (Current Assets - Inventory) / Current Liabilities = ($6,570 million - $1,202 million) / $4,973 million = 1.08, not 1.32.",True,True
FB_032_D18D6021,FB_032_D18D6021_H2,2,dollar_amount,"$1,202 million","$1,474 million",False,,False,False
FB_032_D18D6021,FB_032_D18D6021_H1,2,dollar_amount,"$4,973 million","$6,844 million",False,,False,False
FB_032_D18D6021,FB_032_D18D6021_H2,3,dollar_amount,"$1,202 million","$1,474 million",True,"This figure is used in the calculation of the quick ratio, which results in a discrepancy when compared to the reported quick ratio. The accuracy of this figure is crucial to resolving the inconsistency.",False,True
FB_032_D18D6021,FB_032_D18D6021_H1,3,dollar_amount,"$4,973 million","$6,844 million",True,"This figure is used in the calculation of the quick ratio, which results in a discrepancy when compared to the reported quick ratio. The accuracy of this figure is crucial to resolving the inconsistency.",False,True
FB_032_D18D6021,FB_032_D18D6021_H2,4,dollar_amount,"$1,202 million","$1,474 million",False,,False,False
FB_032_D18D6021,FB_032_D18D6021_H1,4,dollar_amount,"$4,973 million","$6,844 million",False,,False,False
FB_033_EE9D3CFB,FB_033_EE9D3CFB_H3,1,dollar_amount,"$10,800 million","$8,249 million",True,"The sum of the segment revenues ($8,249 million + $5,600 million = $13,849 million) does not match the total revenue of $16,400 million, indicating a discrepancy.",True,True
FB_033_EE9D3CFB,FB_033_EE9D3CFB_H2,1,dollar_amount,"$9,763 million","$6,395 million",True,"The sum of the segment revenues ($6,000 million + $4,399 million = $10,399 million) exceeds the total revenue of $6,395 million, which is internally inconsistent.",True,True
FB_033_EE9D3CFB,FB_033_EE9D3CFB_H1,1,dollar_amount,"$3,763 million","$4,399 million",True,"The sum of the segment revenues ($6,000 million + $4,399 million = $10,399 million) exceeds the total revenue of $6,395 million, which is internally inconsistent.",True,True
FB_033_EE9D3CFB,FB_033_EE9D3CFB_H3,2,dollar_amount,"$10,800 million","$8,249 million",True,"The percentage change calculation is incorrect. The correct percentage change should be approximately 81.83%, but the calculation should be verified as it seems inconsistent with the provided numbers.",True,True
FB_033_EE9D3CFB,FB_033_EE9D3CFB_H2,2,dollar_amount,"$9,763 million","$6,395 million",True,"The percentage change calculation is incorrect. The correct percentage change should be approximately 156.00%, but the calculation should be verified as it seems inconsistent with the provided numbers.",True,True
FB_033_EE9D3CFB,FB_033_EE9D3CFB_H1,2,dollar_amount,"$3,763 million","$4,399 million",True,"The percentage change calculation is incorrect. The correct percentage change should be approximately 27.29%, but the calculation should be verified as it seems inconsistent with the provided numbers.",True,True
FB_033_EE9D3CFB,FB_033_EE9D3CFB_H3,3,dollar_amount,"$10,800 million","$8,249 million",False,,True,True
FB_033_EE9D3CFB,FB_033_EE9D3CFB_H2,3,dollar_amount,"$9,763 million","$6,395 million",False,,False,False
FB_033_EE9D3CFB,FB_033_EE9D3CFB_H1,3,dollar_amount,"$3,763 million","$4,399 million",False,,False,False
FB_033_EE9D3CFB,FB_033_EE9D3CFB_H3,4,dollar_amount,"$10,800 million","$8,249 million",True,"The growth from $8,249 million to $15,000 million is indeed $6,751 million, but the percentage growth calculation was initially flagged as incorrect. However, the correction states that the percentage growth is 81.83%, which is accurate. The initial flagging was due to a misinterpretation of the percentage calculation.",True,True
FB_033_EE9D3CFB,FB_033_EE9D3CFB_H2,4,dollar_amount,"$9,763 million","$6,395 million",False,,False,False
FB_033_EE9D3CFB,FB_033_EE9D3CFB_H1,4,dollar_amount,"$3,763 million","$4,399 million",False,,False,False
FB_034_BDBAA961,FB_034_BDBAA961_H3,1,dollar_amount,"$16,420 million","$22,281 million",False,,True,True
FB_034_BDBAA961,FB_034_BDBAA961_H2,1,percentage,43.8%,33.9%,True,"The calculation of revenue growth from FY2021 to FY2022 is incorrect. The correct calculation should be based on the difference between $23,600 million and $22,281 million, which is $1,319 million, not $7,180 million. The percentage increase should be approximately 5.9%, not 33.9%.",True,True
FB_034_BDBAA961,FB_034_BDBAA961_H1,1,dollar_amount,"$16,420 million","$10,590 million",True,"The calculation of revenue growth from FY2020 to FY2021 is incorrect. The correct calculation should be based on the difference between $22,281 million and $9,763 million, which is $12,518 million, not $6,657 million. The percentage increase should be approximately 128.2%, not 68.1%.",True,True
FB_034_BDBAA961,FB_034_BDBAA961_H3,2,dollar_amount,"$16,420 million","$22,281 million",True,"The calculated percentage change from FY2021 to FY2022 should be approximately 5.92%, not 5.9%. The rounding appears slightly off.",True,True
FB_034_BDBAA961,FB_034_BDBAA961_H2,2,percentage,43.8%,33.9%,False,,False,False
FB_034_BDBAA961,FB_034_BDBAA961_H1,2,dollar_amount,"$16,420 million","$10,590 million",False,,False,False
FB_034_BDBAA961,FB_034_BDBAA961_H3,3,dollar_amount,"$16,420 million","$22,281 million",True,"The growth from $22,281 million to $23,600 million is an increase of $1,319 million, which is approximately 5.9%. This calculation is correct.",True,True
FB_034_BDBAA961,FB_034_BDBAA961_H2,3,percentage,43.8%,33.9%,False,,False,False
FB_034_BDBAA961,FB_034_BDBAA961_H1,3,dollar_amount,"$16,420 million","$10,590 million",False,,False,False
FB_034_BDBAA961,FB_034_BDBAA961_H3,4,dollar_amount,"$16,420 million","$22,281 million",False,,True,True
FB_034_BDBAA961,FB_034_BDBAA961_H2,4,percentage,43.8%,33.9%,False,,False,False
FB_034_BDBAA961,FB_034_BDBAA961_H1,4,dollar_amount,"$16,420 million","$10,590 million",False,,False,False
FB_035_15E1E864,FB_035_15E1E864_H3,1,percentage,14.0%,6.4%,True,"The operating margin is calculated as Operating Income divided by Total Revenue. USD 1,825 million divided by USD 13,031 million equals approximately 14.0%, not 6.4%.",True,True
FB_035_15E1E864,FB_035_15E1E864_H2,1,large_number,"1,832","2,445",True,"The operating margin is calculated as Operating Income divided by Total Revenue. USD 2,445 million divided by USD 10,965 million equals approximately 22.3%, not 17.0%.",True,True
FB_035_15E1E864,FB_035_15E1E864_H1,1,large_number,"9,763","12,160",True,"The operating margin is calculated as Operating Income divided by Total Revenue. USD 974 million divided by USD 12,160 million equals approximately 8.0%, not 9.0%.",True,True
FB_035_15E1E864,FB_035_15E1E864_H3,2,percentage,14.0%,6.4%,False,,True,True
FB_035_15E1E864,FB_035_15E1E864_H2,2,large_number,"1,832","2,445",True,"The operating margin calculation is incorrect. The correct operating margin should be (2,445 / 10,965) * 100 = 22.3%, not 17.0%.",True,True
FB_035_15E1E864,FB_035_15E1E864_H1,2,large_number,"9,763","12,160",True,"The operating margin calculation is incorrect. The correct operating margin should be (974 / 12,160) * 100 = 8.0%, not 9.0%.",True,True
FB_035_15E1E864,FB_035_15E1E864_H3,3,percentage,14.0%,6.4%,True,"The calculation is correct, but the operating income of USD 1,825 million seems low compared to the revenue of USD 13,031 million, which might indicate an error in the reported figures or an unusual financial situation.",True,True
FB_035_15E1E864,FB_035_15E1E864_H2,3,large_number,"1,832","2,445",True,"The calculation is correct, but the operating income of USD 2,445 million seems high compared to the revenue of USD 10,965 million, which might indicate an error in the reported figures or an unusual financial situation.",True,True
FB_035_15E1E864,FB_035_15E1E864_H1,3,large_number,"9,763","12,160",True,"The calculation is correct, but the operating income of USD 974 million seems low compared to the revenue of USD 12,160 million, which might indicate an error in the reported figures or an unusual financial situation.",True,True
FB_035_15E1E864,FB_035_15E1E864_H3,4,percentage,14.0%,6.4%,True,"The operating margin of 6.4% is derived from an operating income of USD 1,825 million against total revenue of USD 13,031 million, which calculates correctly. However, the decline from 17.0% to 6.4% is a 10.6 percentage point drop, not a 62.35% decrease. The percentage decrease should be calculated as (17.0% - 6.4%) / 17.0% * 100 = 62.35%, which is correct.",True,True
FB_035_15E1E864,FB_035_15E1E864_H2,4,large_number,"1,832","2,445",False,,True,True
FB_035_15E1E864,FB_035_15E1E864_H1,4,large_number,"9,763","12,160",False,,True,True
FB_036_47FD0B96,FB_036_47FD0B96_H2,1,large_number,"1,028",802,True,"The cash flow from financing activities improved from $(1,031) million in FY2021 to $(802) million in FY2022. This is a significant change, and without context, it could be suspicious.",False,True
FB_036_47FD0B96,FB_036_47FD0B96_H1,1,large_number,"1,525","1,829",True,"The cash flow from operating activities decreased from $1,891 million in FY2021 to $1,851 million in FY2022, which is a decrease of $40 million. This decrease is plausible, but the text does not provide context for this change, which could be suspicious without further explanation.",False,True
FB_036_47FD0B96,FB_036_47FD0B96_H2,2,large_number,"1,028",802,True,"The percentage change calculation is incorrect. The correct calculation should be \(\frac{229}{-1,031} \times 100 \approx 22.21\%\). The negative sign is incorrect as the change is positive.",False,True
FB_036_47FD0B96,FB_036_47FD0B96_H1,2,large_number,"1,525","1,829",True,"The percentage change calculation is incorrect. The correct calculation should be \(\frac{6}{-1,829} \times 100 \approx 0.33\%\). The negative sign is incorrect as the change is positive.",False,True
FB_036_47FD0B96,FB_036_47FD0B96_H2,3,large_number,"1,028",802,True,"The percentage reduction from $(1,031) million to $(802) million is not 22.19%. The correct percentage reduction is approximately 22.19% when calculated as ((1031 - 802) / 1031) * 100 = 22.19%. However, the text states a reduction of 22.19% which is correct, but the calculation should be verified for accuracy.",False,True
FB_036_47FD0B96,FB_036_47FD0B96_H1,3,large_number,"1,525","1,829",True,"The claim states an increase from $(1,829) million to $(1,823) million, which is actually a decrease, not an increase. The text should reflect a decrease in cash outflows.",False,True
FB_036_47FD0B96,FB_036_47FD0B96_H2,4,large_number,"1,028",802,True,"The percentage reduction from $(1,031) million to $(802) million is not 22.19%. The correct percentage decrease is approximately 22.2%, which is a minor discrepancy but should be noted for precision.",False,True
FB_036_47FD0B96,FB_036_47FD0B96_H1,4,large_number,"1,525","1,829",True,"The text incorrectly states an increase when the cash outflow actually decreased from $(1,829) million to $(1,823) million. The percentage change should be described as a decrease, not an increase.",False,True
FB_037_CB0A4D6D,FB_037_CB0A4D6D_H3,1,dollar_amount,"$3,800 million","$3,135 million",True,"The base for the proportional increase should be $3,800 million, not $3,135 million. The correct proportional increase should be ($2,800 million / $3,800 million) * 100 = 73.68%, which is correct but the base figure used is incorrect.",True,True
FB_037_CB0A4D6D,FB_037_CB0A4D6D_H2,1,dollar_amount,"$3,100 million","$2,208 million",True,"The increase from $3,100 million to $6,000 million should be $2,900 million, but the subtraction uses an incorrect base of $2,208 million instead of $3,100 million.",True,True
FB_037_CB0A4D6D,FB_037_CB0A4D6D_H1,1,dollar_amount,"$3,100 million","$2,500 million",True,"The base for the proportional increase should be $3,100 million, not $2,500 million. The correct proportional increase should be ($2,900 million / $3,100 million) * 100 = 93.55%, which is incorrect due to the wrong base figure.",True,True
FB_037_CB0A4D6D,FB_037_CB0A4D6D_H3,2,dollar_amount,"$3,800 million","$3,135 million",False,,False,False
FB_037_CB0A4D6D,FB_037_CB0A4D6D_H2,2,dollar_amount,"$3,100 million","$2,208 million",False,,False,False
FB_037_CB0A4D6D,FB_037_CB0A4D6D_H1,2,dollar_amount,"$3,100 million","$2,500 million",False,,False,False
FB_037_CB0A4D6D,FB_037_CB0A4D6D_H3,3,dollar_amount,"$3,800 million","$3,135 million",False,,False,False
FB_037_CB0A4D6D,FB_037_CB0A4D6D_H2,3,dollar_amount,"$3,100 million","$2,208 million",False,,False,False
FB_037_CB0A4D6D,FB_037_CB0A4D6D_H1,3,dollar_amount,"$3,100 million","$2,500 million",False,,False,False
FB_037_CB0A4D6D,FB_037_CB0A4D6D_H3,4,dollar_amount,"$3,800 million","$3,135 million",True,The sales figure for FY2021 is consistent with the percentage growth calculation provided for FY2022.,False,True
FB_037_CB0A4D6D,FB_037_CB0A4D6D_H2,4,dollar_amount,"$3,100 million","$2,208 million",True,The sales figure for FY2021 is consistent with the percentage growth calculation provided for FY2022.,False,True
FB_037_CB0A4D6D,FB_037_CB0A4D6D_H1,4,dollar_amount,"$3,100 million","$2,500 million",True,The sales figure for FY2021 is consistent with the percentage growth calculation provided for FY2022.,False,True
FB_038_9BAA83E2,FB_038_9BAA83E2_H2,1,dollar_amount,"$23,600 million","$19,432 million",False,,True,True
FB_038_9BAA83E2,FB_038_9BAA83E2_H1,1,percentage,55%,51.7%,True,"The percentage calculation is inconsistent with the provided total revenue figure. $12,980 million as a percentage of $19,432 million is approximately 66.8%, not 51.7%.",True,True
FB_038_9BAA83E2,FB_038_9BAA83E2_H2,2,dollar_amount,"$23,600 million","$19,432 million",True,"The calculation is correct, but the percentage change calculation that follows is incorrect. The correct percentage change should be approximately 18.34%, not 18.35%.",True,True
FB_038_9BAA83E2,FB_038_9BAA83E2_H1,2,percentage,55%,51.7%,True,"The calculation provided in the text shows that $12,980 million is exactly 66.8% of $19,432 million, not 55%.",False,True
FB_038_9BAA83E2,FB_038_9BAA83E2_H2,3,dollar_amount,"$23,600 million","$19,432 million",True,"An increase from $16,420 million to $19,432 million is approximately 18.34%, not 18.35%. The discrepancy is minor but worth noting.",True,True
FB_038_9BAA83E2,FB_038_9BAA83E2_H1,3,percentage,55%,51.7%,True,"This percentage conflicts with the earlier stated 55% of total revenue from the top five customers, indicating an inconsistency.",True,True
FB_038_9BAA83E2,FB_038_9BAA83E2_H2,4,dollar_amount,"$23,600 million","$19,432 million",True,"The percentage increase from $16,420 million to $19,432 million is approximately 18.34%, not 18.35%.",True,True
FB_038_9BAA83E2,FB_038_9BAA83E2_H1,4,percentage,55%,51.7%,False,,True,True
FB_039_FDBB6DC2,FB_039_FDBB6DC2_H3,1,dollar_amount,"$1,000 million","$1,372 million",False,,True,True
FB_039_FDBB6DC2,FB_039_FDBB6DC2_H2,1,percentage,4.000%,0.010%,True,"The interest rate of 0.010% is unusually low for a senior note, especially when compared to other notes listed with rates between 2.800% and 4.000%. This discrepancy suggests a potential error or misstatement.",True,True
FB_039_FDBB6DC2,FB_039_FDBB6DC2_H1,1,dollar_amount,"$39,000 million","$46,807 million",False,,True,True
FB_039_FDBB6DC2,FB_039_FDBB6DC2_H3,2,dollar_amount,"$1,000 million","$1,372 million",True,"The total of senior notes issued is correct based on the provided figures, but it should be verified against official filings for accuracy.",True,True
FB_039_FDBB6DC2,FB_039_FDBB6DC2_H2,2,percentage,4.000%,0.010%,True,"The yield on these notes is unusually low and should be verified for accuracy, as it may reflect a strategic decision or a typographical error.",True,True
FB_039_FDBB6DC2,FB_039_FDBB6DC2_H1,2,dollar_amount,"$39,000 million","$46,807 million",True,"The total debt figure should be cross-verified with the company's financial statements for accuracy, as it is a critical figure in the analysis.",True,True
FB_039_FDBB6DC2,FB_039_FDBB6DC2_H3,3,dollar_amount,"$1,000 million","$1,372 million",False,,True,True
FB_039_FDBB6DC2,FB_039_FDBB6DC2_H2,3,percentage,4.000%,0.010%,False,,True,True
FB_039_FDBB6DC2,FB_039_FDBB6DC2_H1,3,dollar_amount,"$39,000 million","$46,807 million",True,The debt figure for FY2020 is not directly relevant to the FY2022 increase analysis and could be misleading without context.,True,True
FB_039_FDBB6DC2,FB_039_FDBB6DC2_H3,4,dollar_amount,"$1,000 million","$1,372 million",False,,True,True
FB_039_FDBB6DC2,FB_039_FDBB6DC2_H2,4,percentage,4.000%,0.010%,False,,True,True
FB_039_FDBB6DC2,FB_039_FDBB6DC2_H1,4,dollar_amount,"$39,000 million","$46,807 million",True,"The sum of the senior notes listed ($1,000M + $1,500M + $1,000M + $1,372M + $1,000M + $1,500M + $1,000M = $8,372M) does not match the total debt figure of $46,807M. This discrepancy suggests an error in the reported total debt or missing components in the senior notes listing.",True,True
FB_040_DBF8FC6A,FB_040_DBF8FC6A_H2,1,dollar_amount,"$51,000 million","$62,827 million",False,,True,True
FB_040_DBF8FC6A,FB_040_DBF8FC6A_H1,1,percentage,21.6%,29.6%,True,"The International revenue is $11,000 million, which is approximately 17.5% of the total revenue of $62,827 million, not 29.6%.",True,True
FB_040_DBF8FC6A,FB_040_DBF8FC6A_H2,2,dollar_amount,"$51,000 million","$62,827 million",True,"The total revenue figure does not match the sum of the U.S. and International revenues provided ($40,000 million + $11,000 million = $51,000 million).",True,True
FB_040_DBF8FC6A,FB_040_DBF8FC6A_H1,2,percentage,21.6%,29.6%,True,The percentage of total revenue attributed to International (29.6%) does not match the computed contribution (17.5%).,True,True
FB_040_DBF8FC6A,FB_040_DBF8FC6A_H2,3,dollar_amount,"$51,000 million","$62,827 million",True,"The sum of $40,000 million (U.S.) and $11,000 million (International) is $51,000 million, which is correct. However, the unexplained $11,827 million is suspicious as it is not accounted for in the text.",True,True
FB_040_DBF8FC6A,FB_040_DBF8FC6A_H1,3,percentage,21.6%,29.6%,True,"The text mentions a discrepancy with a 29.6% figure for international contribution, which is not supported by any calculations provided. This figure is inconsistent with the earlier stated 17.5%.",True,True
FB_040_DBF8FC6A,FB_040_DBF8FC6A_H2,4,dollar_amount,"$51,000 million","$62,827 million",True,"The sum of U.S. revenue ($40,000 million) and international revenue ($11,000 million) is $51,000 million, which does not match the total revenue of $62,827 million, leaving a discrepancy of $11,827 million.",True,True
FB_040_DBF8FC6A,FB_040_DBF8FC6A_H1,4,percentage,21.6%,29.6%,True,"The international revenue of $11,000 million as a percentage of the total $62,827 million is approximately 17.5%, not 29.6%. The inconsistency in percentages is suspicious.",True,True
FB_041_EB5B1B78,FB_041_EB5B1B78_H3,1,dollar_amount,"$36,090 million","$48,564 million",True,"There is an inconsistency in the total revenue figures for FY2020. The text mentions $48,564 million, but the operating margin calculation uses $49,343 million as the total revenue.",True,True
FB_041_EB5B1B78,FB_041_EB5B1B78_H2,1,dollar_amount,"$4,825 million","$5,847 million",True,"The operating margin calculation is incorrect. $5,847 million divided by $49,343 million equals approximately 11.8%, not 13.4%.",True,True
FB_041_EB5B1B78,FB_041_EB5B1B78_H1,1,dollar_amount,"$36,090 million","$49,343 million",True,"The operating margin calculation is incorrect. $5,847 million divided by $49,343 million equals approximately 11.8%, not 13.4%.",True,True
FB_041_EB5B1B78,FB_041_EB5B1B78_H3,2,dollar_amount,"$36,090 million","$48,564 million",True,"The total revenue for FY2020 is higher than FY2021 and FY2022, which is unusual given the trend of recovery in FY2022. This figure should be cross-verified with historical data.",True,True
FB_041_EB5B1B78,FB_041_EB5B1B78_H2,2,dollar_amount,"$4,825 million","$5,847 million",False,,False,False
FB_041_EB5B1B78,FB_041_EB5B1B78_H1,2,dollar_amount,"$36,090 million","$49,343 million",True,"The total revenue for FY2020 is higher than FY2021 and FY2022, which is unusual given the trend of recovery in FY2022. This figure should be cross-verified with historical data.",True,True
FB_041_EB5B1B78,FB_041_EB5B1B78_H3,3,dollar_amount,"$36,090 million","$48,564 million",True,"The revenue drop from $48,564 million to $42,420 million is a decrease of approximately 12.65%, which is plausible but should be cross-verified with historical data for accuracy.",True,True
FB_041_EB5B1B78,FB_041_EB5B1B78_H2,3,dollar_amount,"$4,825 million","$5,847 million",False,,False,False
FB_041_EB5B1B78,FB_041_EB5B1B78_H1,3,dollar_amount,"$36,090 million","$49,343 million",True,"The revenue drop from $48,564 million to $42,420 million is a decrease of approximately 12.65%, which is plausible but should be cross-verified with historical data for accuracy.",True,True
FB_041_EB5B1B78,FB_041_EB5B1B78_H3,4,dollar_amount,"$36,090 million","$48,564 million",True,"The revenue drop from $48,564 million to $42,420 million represents a decrease of approximately 12.65%, which is plausible but should be explicitly stated for clarity.",True,True
FB_041_EB5B1B78,FB_041_EB5B1B78_H2,4,dollar_amount,"$4,825 million","$5,847 million",False,,False,False
FB_041_EB5B1B78,FB_041_EB5B1B78_H1,4,dollar_amount,"$36,090 million","$49,343 million",False,,True,True
FB_042_1741E456,FB_042_1741E456_H2,1,dollar_amount,"$18,816 million","$23,630 million",True,"For FY2021, Total Revenue is $47,658 million and COGS is $23,630 million. The correct Gross Profit should be $47,658 - $23,630 = $24,028 million, not $17,915 million. This discrepancy suggests an error in the reported figure.",True,True
FB_042_1741E456,FB_042_1741E456_H1,1,dollar_amount,"$28,842 million","$17,915 million",True,"For FY2021, Total Revenue is $47,658 million and COGS is $23,630 million. The correct Gross Profit should be $47,658 - $23,630 = $24,028 million, not $17,915 million. This discrepancy suggests an error in the reported figure.",True,True
FB_042_1741E456,FB_042_1741E456_H2,2,dollar_amount,"$18,816 million","$23,630 million",False,,True,True
FB_042_1741E456,FB_042_1741E456_H1,2,dollar_amount,"$28,842 million","$17,915 million",False,,True,True
FB_042_1741E456,FB_042_1741E456_H2,3,dollar_amount,"$18,816 million","$23,630 million",False,,True,True
FB_042_1741E456,FB_042_1741E456_H1,3,dollar_amount,"$28,842 million","$17,915 million",False,,True,True
FB_042_1741E456,FB_042_1741E456_H2,4,dollar_amount,"$18,816 million","$23,630 million",True,"The gross profit of $17,915 million does not match the derived gross margin of 60.5% from the total revenue of $47,658 million. The correct gross profit should be $28,200 million.",True,True
FB_042_1741E456,FB_042_1741E456_H1,4,dollar_amount,"$28,842 million","$17,915 million",True,"The gross profit of $17,915 million does not match the derived gross margin of 60.5% from the total revenue of $47,658 million. The correct gross profit should be $28,200 million.",True,True
FB_043_1BA81F6A,FB_043_1BA81F6A_H3,1,percentage,20.1%,24.1%,True,"The text later states the effective tax rate decreased from 31.3% in FY2021 to 19.0% in FY2022, which contradicts the 24.1% figure.",True,True
FB_043_1BA81F6A,FB_043_1BA81F6A_H2,1,dollar_amount,"$7,667 million","$5,968 million",True,"The calculation of $1,459 million as 19.0% of $5,968 million is incorrect. 19.0% of $5,968 million is approximately $1,134 million, not $1,459 million.",True,True
FB_043_1BA81F6A,FB_043_1BA81F6A_H1,1,percentage,20.1%,31.3%,True,"The change from 31.3% to 19.0% is a decrease of 12.3 percentage points, not -1.1 percentage points.",True,True
FB_043_1BA81F6A,FB_043_1BA81F6A_H3,2,percentage,20.1%,24.1%,True,"The calculated effective tax rate for FY2021 is 20.1%, not 24.1% as stated.",True,True
FB_043_1BA81F6A,FB_043_1BA81F6A_H2,2,dollar_amount,"$7,667 million","$5,968 million",False,,False,False
FB_043_1BA81F6A,FB_043_1BA81F6A_H1,2,percentage,20.1%,31.3%,False,,True,True
FB_043_1BA81F6A,FB_043_1BA81F6A_H3,3,percentage,20.1%,24.1%,True,"The effective tax rate for FY2021 is calculated as 20.1% based on the provided figures, not 24.1%. This discrepancy suggests an error in the reported effective tax rate for FY2021.",True,True
FB_043_1BA81F6A,FB_043_1BA81F6A_H2,3,dollar_amount,"$7,667 million","$5,968 million",False,,False,False
FB_043_1BA81F6A,FB_043_1BA81F6A_H1,3,percentage,20.1%,31.3%,False,,True,True
FB_043_1BA81F6A,FB_043_1BA81F6A_H3,4,percentage,20.1%,24.1%,True,The calculation provided in the text shows 20.1% but the correct effective tax rate should be 24.1% as stated elsewhere in the document.,True,True
FB_043_1BA81F6A,FB_043_1BA81F6A_H2,4,dollar_amount,"$7,667 million","$5,968 million",False,,False,False
FB_043_1BA81F6A,FB_043_1BA81F6A_H1,4,percentage,20.1%,31.3%,True,The calculation provided in the text shows 20.1% but the correct effective tax rate should be 24.1% as stated elsewhere in the document.,True,True
FB_044_899DEDA7,FB_044_899DEDA7_H3,1,dollar_amount,"$106,196 million","$87,723 million",False,,True,True
FB_044_899DEDA7,FB_044_899DEDA7_H2,1,dollar_amount,"$58,160 million","$75,098 million",True,"The long-term debt for FY2021 is reported as $75,098 million, which is significantly higher than the FY2020 figure of $35,269 million. This represents an increase of over 100%, which is a substantial change and should be verified for accuracy.",True,True
FB_044_899DEDA7,FB_044_899DEDA7_H1,1,dollar_amount,"$50,000 million","$35,269 million",True,"The long-term debt for FY2020 is reported as $35,269 million. Given the large increase to $75,098 million in FY2021, this figure should be verified to ensure there was no error in reporting or data entry.",True,True
FB_044_899DEDA7,FB_044_899DEDA7_H3,2,dollar_amount,"$106,196 million","$87,723 million",True,"The calculation is correct, but the ratio is unusually high compared to the industry average, which typically ranges from 70% to 90%.",True,True
FB_044_899DEDA7,FB_044_899DEDA7_H2,2,dollar_amount,"$58,160 million","$75,098 million",True,"The calculation of the absolute change is incorrect. The correct calculation should be 64,563 - 75,098 = -10,535, which is correct, but the context suggests a positive change, not a negative one.",True,True
FB_044_899DEDA7,FB_044_899DEDA7_H1,2,dollar_amount,"$50,000 million","$35,269 million",True,"The calculation of the absolute change is correct, but the context suggests a significant increase that should be further investigated for plausibility.",True,True
FB_044_899DEDA7,FB_044_899DEDA7_H3,3,dollar_amount,"$106,196 million","$87,723 million",True,"If long-term debt is $64,563 million and total liabilities are $87,723 million, the percentage should be approximately 73.6%. This calculation is correct.",True,True
FB_044_899DEDA7,FB_044_899DEDA7_H2,3,dollar_amount,"$58,160 million","$75,098 million",True,"The decrease from $75,098 million to $64,563 million is actually a 14.01% decrease, not 14.04%.",True,True
FB_044_899DEDA7,FB_044_899DEDA7_H1,3,dollar_amount,"$50,000 million","$35,269 million",False,,False,False
FB_044_899DEDA7,FB_044_899DEDA7_H3,4,dollar_amount,"$106,196 million","$87,723 million",True,"The percentage of long-term debt to total liabilities is calculated as (64,563 / 87,723) * 100 = 73.6%, which is accurate. However, this figure should be cross-verified with industry norms for plausibility.",True,True
FB_044_899DEDA7,FB_044_899DEDA7_H2,4,dollar_amount,"$58,160 million","$75,098 million",True,"The percentage decrease was initially calculated incorrectly. The correct calculation should be 14.03%, as verified by the formula (10,535 / 75,098) * 100.",True,True
FB_044_899DEDA7,FB_044_899DEDA7_H1,4,dollar_amount,"$50,000 million","$35,269 million",False,,False,False
FB_045_3960FE69,FB_045_3960FE69_H2,1,percentage,5.1%,0.0%,True,"The growth from 121.6 million to 127.8 million is an increase of 6.2 million card members, which is approximately a 5.1% increase, not 0.0%.",False,True
FB_045_3960FE69,FB_045_3960FE69_H1,1,percentage,6.3%,0.1%,True,"The growth from 114.4 million to 121.6 million is an increase of 7.2 million card members, which is approximately a 6.3% increase, not 0.1%.",True,True
FB_045_3960FE69,FB_045_3960FE69_H2,2,percentage,5.1%,0.0%,True,"The percentage change calculation is incorrect. The correct percentage change should be approximately 5.1%, but the text does not provide the correct calculation.",False,True
FB_045_3960FE69,FB_045_3960FE69_H1,2,percentage,6.3%,0.1%,True,"The absolute change from 121.6 million to 127.8 million is indeed 6.2 million, which is consistent. However, the percentage change calculation provided later is incorrect.",False,True
FB_045_3960FE69,FB_045_3960FE69_H2,3,percentage,5.1%,0.0%,True,"The growth from 121.6 million to 127.8 million is approximately 5.1%, which is consistent with the absolute increase of 6.2 million. However, the earlier statement about the increase being 6.2 million conflicts with the percentage growth, suggesting a need for more precise alignment.",False,True
FB_045_3960FE69,FB_045_3960FE69_H1,3,percentage,6.3%,0.1%,True,"The increase from 121.6 million in 2021 to 127.8 million in 2022 is indeed 6.2 million, but this conflicts with the stated growth rate of 5.1% which should be 5.1% of 121.6 million, equating to approximately 6.2 million. The percentage and absolute increase should align more precisely.",False,True
FB_045_3960FE69,FB_045_3960FE69_H2,4,percentage,5.1%,0.0%,True,"The growth from 121.6 million to 127.8 million members is approximately 5.1%, which is consistent. However, the narrative around retention ratios and growth figures is inconsistent, raising suspicion about the accuracy of the growth rate.",False,True
FB_045_3960FE69,FB_045_3960FE69_H1,4,percentage,6.3%,0.1%,True,"The increase from 2020 to 2021 is stated as 7.2 million, which should be cross-verified with the base numbers for accuracy. The percentage increase should be consistent with the absolute change in membership.",False,True
FB_046_E323A993,FB_046_E323A993_H2,1,dollar_amount,"$1,034 million","$1,420 million",True,"The cash dividends paid for FY2019 are significantly higher than both FY2020 and FY2018, which is unusual without a clear explanation. Typically, dividend payments do not fluctuate so drastically year-over-year without a major corporate event.",True,True
FB_046_E323A993,FB_046_E323A993_H1,1,dollar_amount,$977 million,$650 million,False,,True,True
FB_046_E323A993,FB_046_E323A993_H2,2,dollar_amount,"$1,034 million","$1,420 million",True,"The absolute change calculation is correct, but the percentage change calculation seems unusually high. A 118.46% increase from $650 million to $1,420 million is plausible but should be double-checked for accuracy.",True,True
FB_046_E323A993,FB_046_E323A993_H1,2,dollar_amount,$977 million,$650 million,True,"The absolute change calculation is correct, but the percentage change calculation seems unusually high. A 118.46% increase from $650 million to $1,420 million is plausible but should be double-checked for accuracy.",True,True
FB_046_E323A993,FB_046_E323A993_H2,3,dollar_amount,"$1,034 million","$1,420 million",False,,True,True
FB_046_E323A993,FB_046_E323A993_H1,3,dollar_amount,$977 million,$650 million,True,"The increase from $650 million to $1,420 million is indeed $770 million, which is accurate. However, the precision of the increase is suspiciously high compared to other figures.",True,True
FB_046_E323A993,FB_046_E323A993_H2,4,dollar_amount,"$1,034 million","$1,420 million",True,"The decrease from $1,420 million to $1,074 million is actually a decrease of approximately 24.37%, not 24.34%.",True,True
FB_046_E323A993,FB_046_E323A993_H1,4,dollar_amount,$977 million,$650 million,True,"The increase from $650 million to $1,420 million is indeed $770 million, but the phrasing 'substantial increase of $770 million' could be misleading without context, as it implies a direct comparison to the decrease.",True,True
FB_047_A9C061FE,FB_047_A9C061FE_H3,1,dollar_amount,"$1,426 million",$966 million,True,"The sum of Operating Income ($1,149 million) and Depreciation and Amortization ($277 million) for FY2021 should be $1,426 million, not $966 million. This discrepancy suggests an error in the reported unadjusted EBITDA figure.",True,True
FB_047_A9C061FE,FB_047_A9C061FE_H2,1,dollar_amount,"$1,019 million",$832 million,False,,True,True
FB_047_A9C061FE,FB_047_A9C061FE_H1,1,dollar_amount,$263 million,$208 million,False,,True,True
FB_047_A9C061FE,FB_047_A9C061FE_H3,2,dollar_amount,"$1,426 million",$966 million,True,"The calculation of Unadjusted EBITDA is incorrect. The sum of Operating Income ($1,149 million) and Depreciation and Amortization ($277 million) should be $1,426 million, not $966 million.",True,True
FB_047_A9C061FE,FB_047_A9C061FE_H2,2,dollar_amount,"$1,019 million",$832 million,True,"The percentage change calculation is incorrect. The correct percentage change should be approximately 27.76%, which rounds to 27.8%, but the context suggests a potential rounding error or miscalculation.",True,True
FB_047_A9C061FE,FB_047_A9C061FE_H1,2,dollar_amount,$263 million,$208 million,True,"The percentage change calculation is incorrect. The correct percentage change should be approximately 33.17%, which is accurate, but the context suggests a potential rounding error or miscalculation.",True,True
FB_047_A9C061FE,FB_047_A9C061FE_H3,3,dollar_amount,"$1,426 million",$966 million,True,"The sum of operating income ($1,149 million) and depreciation and amortization ($277 million) should be $1,426 million, not $966 million. This discrepancy suggests a calculation error or misstatement.",True,True
FB_047_A9C061FE,FB_047_A9C061FE_H2,3,dollar_amount,"$1,019 million",$832 million,True,"The increase from $832 million in FY2019 to $1,063 million in FY2020 is approximately 27.8%, which is correct. However, the phrasing could be clearer to indicate that this is the percentage increase from FY2019 to FY2020.",True,True
FB_047_A9C061FE,FB_047_A9C061FE_H1,3,dollar_amount,$263 million,$208 million,True,"The percentage increase from $208 million to $277 million is actually 33.17%, which is correct. However, the increase of $69 million is not 33.17% of $208 million; it is approximately 33.17% of $208 million. The phrasing is slightly misleading.",True,True
FB_047_A9C061FE,FB_047_A9C061FE_H3,4,dollar_amount,"$1,426 million",$966 million,True,"The calculation of unadjusted EBITDA as the sum of $1,149 million and $277 million should yield $1,426 million, not $966 million. This is a clear mathematical error.",True,True
FB_047_A9C061FE,FB_047_A9C061FE_H2,4,dollar_amount,"$1,019 million",$832 million,True,"The increase from $832 million in FY2019 to $1,063 million in FY2020 is indeed 27.8%, but the report should clarify the context of this increase to avoid misinterpretation.",True,True
FB_047_A9C061FE,FB_047_A9C061FE_H1,4,dollar_amount,$263 million,$208 million,True,"The percentage increase calculation is correct, but the context provided is misleading. The report states it as a significant increase without explaining the implications, which could mislead stakeholders about its impact.",True,True
FB_048_79F71CE3,FB_048_79F71CE3_H3,1,dollar_amount,"$1,519 million","$1,823 million",False,,True,True
FB_048_79F71CE3,FB_048_79F71CE3_H2,1,dollar_amount,$684 million,$522 million,True,"The working capital for FY2022 should be $380 million, calculated as $2,203 million (Current Assets) - $1,823 million (Current Liabilities). The provided figure of $522 million is incorrect.",True,True
FB_048_79F71CE3,FB_048_79F71CE3_H1,1,dollar_amount,$606 million,$721 million,True,"The working capital for FY2021 should be $615 million, calculated as $2,063 million (Current Assets) - $1,448 million (Current Liabilities). The provided figure is correct.",True,True
FB_048_79F71CE3,FB_048_79F71CE3_H3,2,dollar_amount,"$1,519 million","$1,823 million",False,,True,True
FB_048_79F71CE3,FB_048_79F71CE3_H2,2,dollar_amount,$684 million,$522 million,True,"The working capital calculation is incorrect. The correct calculation should be $2,203 million - $1,823 million = $380 million, not $522 million.",True,True
FB_048_79F71CE3,FB_048_79F71CE3_H1,2,dollar_amount,$606 million,$721 million,True,"The working capital calculation is incorrect. The correct calculation should be $2,063 million - $1,448 million = $615 million, which is correct. However, the trend analysis based on this figure is incorrect.",True,True
FB_048_79F71CE3,FB_048_79F71CE3_H3,3,dollar_amount,"$1,519 million","$1,823 million",False,,True,True
FB_048_79F71CE3,FB_048_79F71CE3_H2,3,dollar_amount,$684 million,$522 million,False,,True,True
FB_048_79F71CE3,FB_048_79F71CE3_H1,3,dollar_amount,$606 million,$721 million,False,,False,False
FB_048_79F71CE3,FB_048_79F71CE3_H3,4,dollar_amount,"$1,519 million","$1,823 million",False,,True,True
FB_048_79F71CE3,FB_048_79F71CE3_H2,4,dollar_amount,$684 million,$522 million,True,"The percentage decrease from $615 million to $522 million is correctly calculated as -15.1%. However, the text should clarify that the base year is FY2021, not 'the previous year' which could be ambiguous.",True,True
FB_048_79F71CE3,FB_048_79F71CE3_H1,4,dollar_amount,$606 million,$721 million,False,,False,False
FB_049_4416C718,FB_049_4416C718_H3,1,dollar_amount,"$1,173 million",$924 million,True,The net profit used for FY2016 is inconsistent with the previously stated net profit of $924 million.,True,True
FB_049_4416C718,FB_049_4416C718_H2,1,percentage,2.9%,0.0%,True,"The calculation is incorrect. The correct net profit margin should be approximately 2.94%, not 0.0%.",False,True
FB_049_4416C718,FB_049_4416C718_H1,1,percentage,2.9%,0.0%,True,"The calculation is incorrect. The correct net profit margin should be approximately 2.94%, not 0.0%.",False,True
FB_049_4416C718,FB_049_4416C718_H3,2,dollar_amount,"$1,173 million",$924 million,True,"The calculated net profit margin should be approximately 2.35%, not 2.4%.",True,True
FB_049_4416C718,FB_049_4416C718_H2,2,percentage,2.9%,0.0%,True,"The calculated net profit margin should be approximately 2.94%, not 2.9%.",False,True
FB_049_4416C718,FB_049_4416C718_H1,2,percentage,2.9%,0.0%,True,"The calculated net profit margin should be approximately 2.94%, not 2.9%.",False,True
FB_049_4416C718,FB_049_4416C718_H3,3,dollar_amount,"$1,173 million",$924 million,False,,True,True
FB_049_4416C718,FB_049_4416C718_H2,3,percentage,2.9%,0.0%,True,"The average net profit margin calculated from the given yearly margins (2.9%, 2.4%, 3.1%) is actually 2.8%, which is correct. However, the text should clarify that this is a simple average, not weighted by revenue.",False,True
FB_049_4416C718,FB_049_4416C718_H1,3,percentage,2.9%,0.0%,True,"The average net profit margin calculated from the given yearly margins (2.9%, 2.4%, 3.1%) is actually 2.8%, which is correct. However, the text should clarify that this is a simple average, not weighted by revenue.",False,True
FB_049_4416C718,FB_049_4416C718_H3,4,dollar_amount,"$1,173 million",$924 million,False,,True,True
FB_049_4416C718,FB_049_4416C718_H2,4,percentage,2.9%,0.0%,True,"The average net profit margin calculation is correct, but the statement that it is consistent with industry benchmarks is vague without specifying the exact benchmark range.",False,True
FB_049_4416C718,FB_049_4416C718_H1,4,percentage,2.9%,0.0%,True,"The average net profit margin calculation is correct, but the statement that it is consistent with industry benchmarks is vague without specifying the exact benchmark range.",False,True
FB_050_A0B82AEA,FB_050_A0B82AEA_H2,1,dollar_amount,"$3,719 million","$2,780 million",True,"The inventory figure for FY2018 shows a significant decrease from FY2017 ($4,922 million) and then a large increase to FY2019 ($4,203 million). Such large fluctuations in inventory levels year-over-year are unusual without a clear explanation.",True,True
FB_050_A0B82AEA,FB_050_A0B82AEA_H1,1,dollar_amount,"$3,579 million","$4,922 million",True,"The inventory figure for FY2017 is significantly higher than FY2018 ($2,780 million) and FY2019 ($4,203 million). This large drop in FY2018 followed by a rise in FY2019 is suspicious without additional context.",True,True
FB_050_A0B82AEA,FB_050_A0B82AEA_H2,2,dollar_amount,"$3,719 million","$2,780 million",True,"The percentage change calculation from FY2018 to FY2019 is based on this figure, which results in a 51.2% increase. However, the absolute change of $1,423 million from $2,780 million to $4,203 million should result in a percentage change of approximately 51.2%, which is correct. This figure is consistent with the calculations, but the drastic change in inventory levels year-over-year is unusual and warrants further investigation.",True,True
FB_050_A0B82AEA,FB_050_A0B82AEA_H1,2,dollar_amount,"$3,579 million","$4,922 million",True,"The percentage change calculation from FY2017 to FY2018 is based on this figure, resulting in a -43.5% decrease. The absolute change of -$2,142 million from $4,922 million to $2,780 million should result in a percentage change of approximately -43.5%, which is correct. However, the drastic decrease in inventory levels year-over-year is unusual and warrants further investigation.",True,True
FB_050_A0B82AEA,FB_050_A0B82AEA_H2,3,dollar_amount,"$3,719 million","$2,780 million",True,"The percentage increase from $2,780 million to $4,203 million is not 51.2%. The correct percentage increase is approximately 51.2% when calculated as ((4203 - 2780) / 2780) * 100 = 51.22%.",True,True
FB_050_A0B82AEA,FB_050_A0B82AEA_H1,3,dollar_amount,"$3,579 million","$4,922 million",True,"The inventory level of $4,922 million in FY2017 is inconsistent with the trend described. If FY2018 was $2,780 million and FY2019 was $4,203 million, the FY2017 figure seems unusually high and should be verified.",True,True
FB_050_A0B82AEA,FB_050_A0B82AEA_H2,4,dollar_amount,"$3,719 million","$2,780 million",True,"The percentage increase from $2,780 million to $4,203 million is not 51.2%. The correct calculation is (($4,203 - $2,780) / $2,780) * 100 = 51.2%.",True,True
FB_050_A0B82AEA,FB_050_A0B82AEA_H1,4,dollar_amount,"$3,579 million","$4,922 million",True,The text does not provide a basis for comparison to confirm this was the peak inventory level. Additional data from other years would be needed to verify this claim.,True,True
FB_051_091D46D5,FB_051_091D46D5_H3,1,dollar_amount,"$46,294 million","$29,580 million",True,"The revenue figure for FY2022 is significantly lower than the surrounding years, which is unusual for a company like Best Buy unless there was a major event affecting sales. This figure should be cross-verified with the actual 10-K report.",True,True
FB_051_091D46D5,FB_051_091D46D5_H2,1,dollar_amount,"$47,262 million","$55,020 million",True,"The revenue figure for FY2021 is significantly higher than the surrounding years, which is unusual unless there was a specific reason for such a spike. This figure should be cross-verified with the actual 10-K report.",True,True
FB_051_091D46D5,FB_051_091D46D5_H1,1,percentage,2%,10.3%,True,"The statement about fluctuations not exceeding 10.3% annually is incorrect based on the provided data. The maximum fluctuation in gross margin was 1.1%, not 10.3%.",True,True
FB_051_091D46D5,FB_051_091D46D5_H3,2,dollar_amount,"$46,294 million","$29,580 million",False,,False,False
FB_051_091D46D5,FB_051_091D46D5_H2,2,dollar_amount,"$47,262 million","$55,020 million",False,,False,False
FB_051_091D46D5,FB_051_091D46D5_H1,2,percentage,2%,10.3%,False,,False,False
FB_051_091D46D5,FB_051_091D46D5_H3,3,dollar_amount,"$46,294 million","$29,580 million",False,,False,False
FB_051_091D46D5,FB_051_091D46D5_H2,3,dollar_amount,"$47,262 million","$55,020 million",False,,False,False
FB_051_091D46D5,FB_051_091D46D5_H1,3,percentage,2%,10.3%,False,,False,False
FB_051_091D46D5,FB_051_091D46D5_H3,4,dollar_amount,"$46,294 million","$29,580 million",False,,False,False
FB_051_091D46D5,FB_051_091D46D5_H2,4,dollar_amount,"$47,262 million","$55,020 million",False,,False,False
FB_051_091D46D5,FB_051_091D46D5_H1,4,percentage,2%,10.3%,False,,False,False
FB_052_FC76DF78,FB_052_FC76DF78_H3,1,large_number,"1,846","1,157",True,"The revenue figure seems plausible, but the net income figure appears low relative to the revenue, suggesting a potential error or misstatement.",True,True
FB_052_FC76DF78,FB_052_FC76DF78_H2,1,large_number,"47,262","32,254",True,"The revenue figure for FY2021 seems significantly lower than FY2022, which is unusual given the typical growth trajectory unless there was a major event affecting revenue.",True,True
FB_052_FC76DF78,FB_052_FC76DF78_H1,1,large_number,"1,570","1,229",True,"The revenue figure for FY2021 seems significantly lower than FY2022, which is unusual given the typical growth trajectory unless there was a major event affecting revenue.",True,True
FB_052_FC76DF78,FB_052_FC76DF78_H3,2,large_number,"1,846","1,157",True,The net income decline of 72 million despite a significant revenue increase is suspicious and should be investigated for potential errors in cost or expense reporting.,True,True
FB_052_FC76DF78,FB_052_FC76DF78_H2,2,large_number,"47,262","32,254",True,The revenue figure for FY2021 seems inconsistent with the calculated percentage growth of 60.5% to FY2022. This should be verified for accuracy.,True,True
FB_052_FC76DF78,FB_052_FC76DF78_H1,2,large_number,"1,570","1,229",True,The net income decline of 72 million despite a significant revenue increase is suspicious and should be investigated for potential errors in cost or expense reporting.,True,True
FB_052_FC76DF78,FB_052_FC76DF78_H3,3,large_number,"1,846","1,157",True,"The percentage decrease from USD 1,229 million to USD 1,157 million is approximately 5.85%. This calculation is correct, but the decline in net income despite a significant revenue increase is unusual and suggests potential issues with cost management or other operational challenges.",True,True
FB_052_FC76DF78,FB_052_FC76DF78_H2,3,large_number,"47,262","32,254",True,"The percentage increase from USD 32,254 million to USD 51,764 million is approximately 60.5%. However, such a large revenue increase in a single year is unusual for a company like Best Buy, which typically experiences more stable growth. This figure warrants further verification.",True,True
FB_052_FC76DF78,FB_052_FC76DF78_H1,3,large_number,"1,570","1,229",True,"The percentage decrease from USD 1,229 million to USD 1,157 million is approximately 5.85%. This calculation is correct, but the decline in net income despite a significant revenue increase is unusual and suggests potential issues with cost management or other operational challenges.",True,True
FB_052_FC76DF78,FB_052_FC76DF78_H3,4,large_number,"1,846","1,157",True,"The percentage decline calculation is correct, but the context of a net income decline despite a significant revenue increase should be further explained.",True,True
FB_052_FC76DF78,FB_052_FC76DF78_H2,4,large_number,"47,262","32,254",True,"The percentage increase calculation is correct based on the provided figures, but the context of such a large increase should be further scrutinized for plausibility given industry norms.",True,True
FB_052_FC76DF78,FB_052_FC76DF78_H1,4,large_number,"1,570","1,229",True,"The percentage decline calculation is correct, but the context of a net income decline despite a significant revenue increase should be further explained.",True,True
FB_053_05E755A5,FB_053_05E755A5_H3,1,dollar_amount,"$1,518 million","$1,210 million",True,"The text previously stated that Cash Flows from Operating Activities for FY2023 was $1,210 million, not $1,518 million. This is an internal inconsistency.",True,True
FB_053_05E755A5,FB_053_05E755A5_H2,1,large_number,"1,188","1,421",False,,True,True
FB_053_05E755A5,FB_053_05E755A5_H1,1,large_number,"1,045",852,False,,False,False
FB_053_05E755A5,FB_053_05E755A5_H3,2,dollar_amount,"$1,518 million","$1,210 million",True,"The percentage change calculation is incorrect. The correct calculation should be \(\frac{(1,210 - 1,637)}{1,637} \times 100 = -26.1\%\), which is actually correct. However, the text formatting suggests a potential error in the representation.",True,True
FB_053_05E755A5,FB_053_05E755A5_H2,2,large_number,"1,188","1,421",True,"The percentage change calculation is incorrect. The correct calculation should be \(\frac{(-1,421 + 852)}{852} \times 100 = -66.8\%\). The sign of the percentage change is incorrect.",True,True
FB_053_05E755A5,FB_053_05E755A5_H1,2,large_number,"1,045",852,True,"The percentage change calculation is incorrect. The correct calculation should be \(\frac{(-1,421 + 852)}{852} \times 100 = -66.8\%\). The sign of the percentage change is incorrect.",False,True
FB_053_05E755A5,FB_053_05E755A5_H3,3,dollar_amount,"$1,518 million","$1,210 million",False,,True,True
FB_053_05E755A5,FB_053_05E755A5_H2,3,large_number,"1,188","1,421",True,"The increase from $(852) million to $(1,421) million is indeed $569 million, and the percentage increase is approximately 66.8%. However, the precision of the percentage is suspicious given the round numbers.",True,True
FB_053_05E755A5,FB_053_05E755A5_H1,3,large_number,"1,045",852,True,"The increase from $(852) million to $(1,421) million is indeed $569 million, and the percentage increase is approximately 66.8%. However, the precision of the percentage is suspicious given the round numbers.",False,True
FB_053_05E755A5,FB_053_05E755A5_H3,4,dollar_amount,"$1,518 million","$1,210 million",True,"The decline from $1,637 million in FY2022 to $1,210 million in FY2023 is actually a 26.1% decrease, which is consistent. However, the text should clarify that this percentage is calculated based on the previous year's figure.",True,True
FB_053_05E755A5,FB_053_05E755A5_H2,4,large_number,"1,188","1,421",True,"The increase from $(852) million to $(1,421) million is indeed a 66.8% increase in cash outflow, which is consistent. However, the percentage increase in negative cash flow should be clarified as it might be misleading.",True,True
FB_053_05E755A5,FB_053_05E755A5_H1,4,large_number,"1,045",852,True,"The increase from $(852) million to $(1,421) million is indeed a 66.8% increase in cash outflow, which is consistent. However, the percentage increase in negative cash flow should be clarified as it might be misleading.",False,True
FB_054_F1BBC565,FB_054_F1BBC565_H3,1,dollar_amount,"$1,200 million",$911 million,True,"There is an inconsistency with the supporting data which states FY 2023 Cash and Cash Equivalents as $1,200 million.",True,True
FB_054_F1BBC565,FB_054_F1BBC565_H2,1,dollar_amount,"$3,200 million","$2,191 million",False,,True,True
FB_054_F1BBC565,FB_054_F1BBC565_H1,1,dollar_amount,"$1,200 million",$789 million,True,This figure contradicts the primary metric which states Cash and Cash Equivalents as $911 million at the end of FY 2023.,True,True
FB_054_F1BBC565,FB_054_F1BBC565_H3,2,dollar_amount,"$1,200 million",$911 million,True,The percentage change calculation is incorrect. The correct calculation should be ($139 million / $911 million) * 100 ≈ 15.26%.,True,True
FB_054_F1BBC565,FB_054_F1BBC565_H2,2,dollar_amount,"$3,200 million","$2,191 million",True,"The current ratio calculation is incorrect. The correct calculation should be $2,191 million / $911 million ≈ 2.41, which is correct, but the text should clarify that this is rounded.",True,True
FB_054_F1BBC565,FB_054_F1BBC565_H1,2,dollar_amount,"$1,200 million",$789 million,True,"This figure is not consistent with the provided data, which states cash increased from $911 million to $1,050 million.",True,True
FB_054_F1BBC565,FB_054_F1BBC565_H3,3,dollar_amount,"$1,200 million",$911 million,True,"The increase from $911 million to $1,050 million is $139 million. The percentage increase is calculated as ($139 million / $911 million) * 100 = 15.26%, not 15.25%. The discrepancy is minor but indicates a precision mismatch.",True,True
FB_054_F1BBC565,FB_054_F1BBC565_H2,3,dollar_amount,"$3,200 million","$2,191 million",True,"The increase from $2,191 million to $3,000 million is $809 million, which is a 36.92% increase. This is a significant rise and may be plausible, but it is unusually high for a stable company in a short period, warranting further verification.",True,True
FB_054_F1BBC565,FB_054_F1BBC565_H1,3,dollar_amount,"$1,200 million",$789 million,False,,False,False
FB_054_F1BBC565,FB_054_F1BBC565_H3,4,dollar_amount,"$1,200 million",$911 million,True,"The increase from $911 million to $1,050 million is $139 million, which is approximately a 15.25% increase. This calculation is correct.",True,True
FB_054_F1BBC565,FB_054_F1BBC565_H2,4,dollar_amount,"$3,200 million","$2,191 million",True,"The increase in total current assets from $2,191 million to $3,000 million is a significant jump. This 36.9% increase is unusually high for a stable company like Best Buy and warrants further verification.",True,True
FB_054_F1BBC565,FB_054_F1BBC565_H1,4,dollar_amount,"$1,200 million",$789 million,False,,False,False
FB_055_B75D0172,FB_055_B75D0172_H3,1,large_number,"1,024",822,True,"The claim states a decrease of 16 stores year-over-year, but the numbers provided (822 in Q2 FY2024 and 698 in Q2 FY2023) actually indicate an increase of 124 stores.",False,True
FB_055_B75D0172,FB_055_B75D0172_H2,1,large_number,"1,040",698,True,"The claim states a decrease of 16 stores year-over-year, but the numbers provided (822 in Q2 FY2024 and 698 in Q2 FY2023) actually indicate an increase of 124 stores.",False,True
FB_055_B75D0172,FB_055_B75D0172_H1,1,large_number,"1,024","1,272",True,This figure is inconsistent with the previously mentioned store count of 822 stores for Q2 FY2024.,True,True
FB_055_B75D0172,FB_055_B75D0172_H3,2,large_number,"1,024",822,True,"This figure is used as a base for calculating the change in store count, but the subsequent calculations and reported changes are inconsistent, suggesting a potential error in the base figure or subsequent calculations.",False,True
FB_055_B75D0172,FB_055_B75D0172_H2,2,large_number,"1,040",698,True,"This figure is used as a base for calculating the change in store count, but the subsequent calculations and reported changes are inconsistent, suggesting a potential error in the base figure or subsequent calculations.",False,True
FB_055_B75D0172,FB_055_B75D0172_H1,2,large_number,"1,024","1,272",True,"The store count for Q2 FY2024 is inconsistent with the reported change in store count. If the store count increased by 232 stores from Q2 FY2023, the Q2 FY2024 count should be 1,272, but the text also mentions a decrease of 16 stores, which is contradictory.",True,True
FB_055_B75D0172,FB_055_B75D0172_H3,3,large_number,"1,024",822,False,,False,False
FB_055_B75D0172,FB_055_B75D0172_H2,3,large_number,"1,040",698,False,,False,False
FB_055_B75D0172,FB_055_B75D0172_H1,3,large_number,"1,024","1,272",True,"The percentage increase from 1,040 to 1,272 stores is calculated as (232/1,040) * 100 = 22.31%. This calculation is correct, but the subsequent mention of a decrease of 16 stores year-over-year contradicts this increase, suggesting a potential reporting error or misinterpretation.",True,True
FB_055_B75D0172,FB_055_B75D0172_H3,4,large_number,"1,024",822,False,,False,False
FB_055_B75D0172,FB_055_B75D0172_H2,4,large_number,"1,040",698,False,,False,False
FB_055_B75D0172,FB_055_B75D0172_H1,4,large_number,"1,024","1,272",True,"The percentage increase from 1,040 to 1,272 stores is approximately 22.31%, which is mathematically correct. However, the industry average growth rate for electronics retailers is typically between 5-10% annually, making this figure unusually high and potentially implausible without further context.",True,True
FB_056_E46FAB20,FB_056_E46FAB20_H3,1,dollar_amount,"$1,800 million","$1,519 million",True,"The Q2 FY2024 revenue for Computing and Mobile Phones is reported as $1,519 million, which is a decrease from Q2 FY2023's $1,700 million. However, the Q1 FY2024 revenue was $1,307 million, indicating an implausible increase of $212 million in one quarter, which seems unusually high without a clear explanation.",False,True
FB_056_E46FAB20,FB_056_E46FAB20_H2,1,dollar_amount,$600 million,$738 million,True,"The Entertainment category shows a significant increase from $500 million in Q2 FY2023 to $738 million in Q2 FY2024, which is a 47.6% increase year-over-year. This is a substantial growth for a single quarter without additional context or explanation.",True,True
FB_056_E46FAB20,FB_056_E46FAB20_H1,1,dollar_amount,"$1,900 million","$1,307 million",False,,False,False
FB_056_E46FAB20,FB_056_E46FAB20_H3,2,dollar_amount,"$1,800 million","$1,519 million",False,,False,False
FB_056_E46FAB20,FB_056_E46FAB20_H2,2,dollar_amount,$600 million,$738 million,False,,True,True
FB_056_E46FAB20,FB_056_E46FAB20_H1,2,dollar_amount,"$1,900 million","$1,307 million",True,"The percentage change calculation is incorrect. The correct calculation should be ($212 million / $1,307 million) * 100 = 16.24%, but the actual result is approximately 16.24%.",False,True
FB_056_E46FAB20,FB_056_E46FAB20_H3,3,dollar_amount,"$1,800 million","$1,519 million",False,,False,False
FB_056_E46FAB20,FB_056_E46FAB20_H2,3,dollar_amount,$600 million,$738 million,False,,True,True
FB_056_E46FAB20,FB_056_E46FAB20_H1,3,dollar_amount,"$1,900 million","$1,307 million",False,,False,False
FB_056_E46FAB20,FB_056_E46FAB20_H3,4,dollar_amount,"$1,800 million","$1,519 million",False,,False,False
FB_056_E46FAB20,FB_056_E46FAB20_H2,4,dollar_amount,$600 million,$738 million,False,,True,True
FB_056_E46FAB20,FB_056_E46FAB20_H1,4,dollar_amount,"$1,900 million","$1,307 million",False,,False,False
FB_057_2D006C3F,FB_057_2D006C3F_H3,1,dollar_amount,$467.5 million,$606.8 million,True,"The working capital ratio is calculated as Total Current Assets divided by Total Current Liabilities. The provided Total Current Liabilities for FY2016 is $467.5 million, not $606.8 million. Therefore, the correct calculation should be $1,059.4 million / $467.5 million = 2.27, not 2.26.",True,True
FB_057_2D006C3F,FB_057_2D006C3F_H2,1,dollar_amount,$360.6 million,$259.8 million,False,,True,True
FB_057_2D006C3F,FB_057_2D006C3F_H1,1,dollar_amount,"$1,197.5 million",$788.1 million,False,,True,True
FB_057_2D006C3F,FB_057_2D006C3F_H3,2,dollar_amount,$467.5 million,$606.8 million,False,,False,False
FB_057_2D006C3F,FB_057_2D006C3F_H2,2,dollar_amount,$360.6 million,$259.8 million,True,The percentage change calculation is correct: (799.6 / 259.8) * 100 does indeed approximate to 307.5%.,False,True
FB_057_2D006C3F,FB_057_2D006C3F_H1,2,dollar_amount,"$1,197.5 million",$788.1 million,False,,False,False
FB_057_2D006C3F,FB_057_2D006C3F_H3,3,dollar_amount,$467.5 million,$606.8 million,False,,False,False
FB_057_2D006C3F,FB_057_2D006C3F_H2,3,dollar_amount,$360.6 million,$259.8 million,True,"The increase from $259.8 million to $1,059.4 million is approximately 307.5%, which is correct. However, such a large increase in current assets is unusual and warrants further investigation.",True,True
FB_057_2D006C3F,FB_057_2D006C3F_H1,3,dollar_amount,"$1,197.5 million",$788.1 million,False,,True,True
FB_057_2D006C3F,FB_057_2D006C3F_H3,4,dollar_amount,$467.5 million,$606.8 million,False,,False,False
FB_057_2D006C3F,FB_057_2D006C3F_H2,4,dollar_amount,$360.6 million,$259.8 million,False,,True,True
FB_057_2D006C3F,FB_057_2D006C3F_H1,4,dollar_amount,"$1,197.5 million",$788.1 million,False,,True,True
FB_058_4FC4F0E9,FB_058_4FC4F0E9_H3,1,dollar_amount,"$4,711 million","$5,585 million",True,"There is an inconsistency between the stated FY2019 Total Revenue of $5,585 million and the supporting data which lists FY2019 Total Revenue as $4,711 million.",True,True
FB_058_4FC4F0E9,FB_058_4FC4F0E9_H2,1,percentage,101.6%,91.9%,True,"The growth rate calculation is based on an incorrect FY2019 revenue figure of $4,711 million instead of the stated $5,585 million, leading to a potentially incorrect growth rate.",True,True
FB_058_4FC4F0E9,FB_058_4FC4F0E9_H1,1,dollar_amount,"$9,493 million","$12,544 million",True,"There is an inconsistency between the stated FY2020 Total Revenue of $9,493 million and the supporting data which lists FY2020 Total Revenue as $12,544 million.",True,True
FB_058_4FC4F0E9,FB_058_4FC4F0E9_H3,2,dollar_amount,"$4,711 million","$5,585 million",True,"The increase from $4,711 million to $9,493 million is indeed $4,782 million, but the growth rate calculation should be verified for accuracy.",True,True
FB_058_4FC4F0E9,FB_058_4FC4F0E9_H2,2,percentage,101.6%,91.9%,True,"The growth rate calculation is correct based on the provided revenue figures, but such a high growth rate is implausible compared to the industry average of 20% to 30%.",True,True
FB_058_4FC4F0E9,FB_058_4FC4F0E9_H1,2,dollar_amount,"$9,493 million","$12,544 million",False,,True,True
FB_058_4FC4F0E9,FB_058_4FC4F0E9_H3,3,dollar_amount,"$4,711 million","$5,585 million",True,"The increase from $4,711 million to $9,493 million is indeed $4,782 million, which is consistent with the growth rate calculation. This claim is accurate.",True,True
FB_058_4FC4F0E9,FB_058_4FC4F0E9_H2,3,percentage,101.6%,91.9%,True,"The calculated growth rate using the provided revenue figures ($4,711 million in FY2019 and $9,493 million in FY2020) is approximately 101.5%, which matches the claim. However, the increase from $4,711 million to $9,493 million is $4,782 million, which is consistent with the growth rate calculation. This claim is accurate.",False,True
FB_058_4FC4F0E9,FB_058_4FC4F0E9_H1,3,dollar_amount,"$9,493 million","$12,544 million",False,,False,False
FB_058_4FC4F0E9,FB_058_4FC4F0E9_H3,4,dollar_amount,"$4,711 million","$5,585 million",True,"The increase from $4,711 million to $9,493 million is indeed $4,782 million, which is correct. However, the text should clarify that this is the absolute increase, not the percentage increase, which could be misleading.",True,True
FB_058_4FC4F0E9,FB_058_4FC4F0E9_H2,4,percentage,101.6%,91.9%,True,"The growth rate calculation is incorrect. The correct growth rate should be calculated as ((9,493 - 4,711) / 4,711) * 100 = 101.5%. However, the text states the calculation is consistent, which is misleading because the calculation is actually correct.",False,True
FB_058_4FC4F0E9,FB_058_4FC4F0E9_H1,4,dollar_amount,"$9,493 million","$12,544 million",False,,False,False
FB_060_D8048F85,FB_060_D8048F85_H2,1,dollar_amount,"$83,535 million","$115,274 million",True,"The Net Property, Plant, and Equipment figure is larger than the Total Assets figure, which is impossible as Net Property, Plant, and Equipment is a component of Total Assets.",True,True
FB_060_D8048F85,FB_060_D8048F85_H1,1,dollar_amount,"$139,660 million","$85,028 million",True,"This figure is inconsistent with the Net Property, Plant, and Equipment figure provided, which is larger than the Total Assets. This suggests an error in one or both figures.",True,True
FB_060_D8048F85,FB_060_D8048F85_H2,2,dollar_amount,"$83,535 million","$115,274 million",True,"The Net Property, Plant, and Equipment figure is greater than the Total Assets figure, which is not possible as PP&E is a component of Total Assets.",True,True
FB_060_D8048F85,FB_060_D8048F85_H1,2,dollar_amount,"$139,660 million","$85,028 million",True,"The Total Assets figure is less than the Net Property, Plant, and Equipment figure, which is not possible as PP&E is a component of Total Assets.",True,True
FB_060_D8048F85,FB_060_D8048F85_H2,3,dollar_amount,"$83,535 million","$115,274 million",True,"The net PP&E figure of $115,274 million is suspiciously high given that the total assets are reported as $85,028 million. It is implausible for net PP&E to exceed total assets.",True,True
FB_060_D8048F85,FB_060_D8048F85_H1,3,dollar_amount,"$139,660 million","$85,028 million",True,"The calculation of shareholders' equity is incorrect. Shareholders' equity should be total assets minus total liabilities, which would be $85,028 million - $103,227 million = -$18,199 million, not $36,433 million.",True,True
FB_060_D8048F85,FB_060_D8048F85_H2,4,dollar_amount,"$83,535 million","$115,274 million",True,The net PP&E figure cannot exceed the total assets figure. This is a clear internal inconsistency.,True,True
FB_060_D8048F85,FB_060_D8048F85_H1,4,dollar_amount,"$139,660 million","$85,028 million",True,The net PP&E figure cannot exceed the total assets figure. This is a clear internal inconsistency.,True,True
FB_061_B30537F0,FB_061_B30537F0_H3,1,dollar_amount,"$62,283 million","$52,278 million",False,,True,True
FB_061_B30537F0,FB_061_B30537F0_H2,1,dollar_amount,"$21,319 million","$13,434 million",True,"The revenue for Global Services in FY2021 is inconsistent with the earlier stated figure of $13,434 million. This discrepancy needs clarification.",True,True
FB_061_B30537F0,FB_061_B30537F0_H1,1,percentage,23.0%,14.4%,True,"The percentage calculation is incorrect. $15,345 million out of $66,610 million should be approximately 23.0%, not 14.4%.",True,True
FB_061_B30537F0,FB_061_B30537F0_H3,2,dollar_amount,"$62,283 million","$52,278 million",True,"The percentage change calculation is incorrect. The correct calculation should be (14,332 / 52,278) × 100 = 27.4%, but the actual result is approximately 27.4%, which is correct. However, the text suggests a mismatch in the calculation process.",True,True
FB_061_B30537F0,FB_061_B30537F0_H2,2,dollar_amount,"$21,319 million","$13,434 million",False,,False,False
FB_061_B30537F0,FB_061_B30537F0_H1,2,percentage,23.0%,14.4%,False,,True,True
FB_061_B30537F0,FB_061_B30537F0_H3,3,dollar_amount,"$62,283 million","$52,278 million",False,,True,True
FB_061_B30537F0,FB_061_B30537F0_H2,3,dollar_amount,"$21,319 million","$13,434 million",False,,False,False
FB_061_B30537F0,FB_061_B30537F0_H1,3,percentage,23.0%,14.4%,True,"The total revenue is $66,610 million. The percentages should be calculated as follows: Commercial Airplanes: ($27,068 / $66,610) * 100 = 40.6%, Defense, Space & Security: ($26,197 / $66,610) * 100 = 39.3%, Global Services: ($15,345 / $66,610) * 100 = 23.0%. The percentage for Global Services is incorrect.",True,True
FB_061_B30537F0,FB_061_B30537F0_H3,4,dollar_amount,"$62,283 million","$52,278 million",False,,True,True
FB_061_B30537F0,FB_061_B30537F0_H2,4,dollar_amount,"$21,319 million","$13,434 million",False,,False,False
FB_061_B30537F0,FB_061_B30537F0_H1,4,percentage,23.0%,14.4%,True,"The percentage calculation is incorrect. $15,345 million as a percentage of $66,610 million is approximately 23.0%, not 14.4%.",True,True
FB_062_CCEDD88C,FB_062_CCEDD88C_H1,1,dollar_amount,"$156,898 million","$191,569 million",True,"The figure for total liabilities seems unusually high for Boeing, given historical data and industry norms. It is important to verify this figure against the actual 10-K filing to ensure accuracy.",True,True
FB_062_CCEDD88C,FB_062_CCEDD88C_H1,2,dollar_amount,"$156,898 million","$191,569 million",True,"The figure is highly precise, which is unusual for a summary figure. Typically, such figures are rounded to the nearest million or billion in summary reports.",True,True
FB_062_CCEDD88C,FB_062_CCEDD88C_H1,3,dollar_amount,"$156,898 million","$191,569 million",True,"The figure is highly precise, which is unusual for a summary report. Typically, such figures are rounded to the nearest million or billion in public reports. Additionally, this figure should be cross-referenced with Boeing's actual 10-K filing for accuracy.",True,True
FB_062_CCEDD88C,FB_062_CCEDD88C_H1,4,dollar_amount,"$156,898 million","$191,569 million",True,"The increase from $188,000 million to $191,569 million is only $3,569 million, which is a very small increase relative to the total liabilities. This small change might not be significant enough to underscore the scale of financial commitments as suggested.",True,True
FB_063_38B981AD,FB_063_38B981AD_H2,1,percentage,7.1%,0.9%,True,"The gross margin percentage is calculated as (Gross Profit / Total Revenue) * 100. For FY2020, this should be ($4,195 million / $71,042 million) * 100 = 5.91%, not 0.9%. This is a significant discrepancy.",True,True
FB_063_38B981AD,FB_063_38B981AD_H1,1,dollar_amount,"$58,658 million","$71,042 million",True,"The gross margin percentage is calculated as (Gross Profit / Total Revenue) * 100. For FY2020, this should be ($4,195 million / $71,042 million) * 100 = 5.91%, not 0.9%. This is a significant discrepancy.",True,True
FB_063_38B981AD,FB_063_38B981AD_H2,2,percentage,7.1%,0.9%,False,,True,True
FB_063_38B981AD,FB_063_38B981AD_H1,2,dollar_amount,"$58,658 million","$71,042 million",False,,False,False
FB_063_38B981AD,FB_063_38B981AD_H2,3,percentage,7.1%,0.9%,False,,False,False
FB_063_38B981AD,FB_063_38B981AD_H1,3,dollar_amount,"$58,658 million","$71,042 million",False,,False,False
FB_063_38B981AD,FB_063_38B981AD_H2,4,percentage,7.1%,0.9%,False,,False,False
FB_063_38B981AD,FB_063_38B981AD_H1,4,dollar_amount,"$58,658 million","$71,042 million",False,,False,False
FB_064_7576A9AF,FB_064_7576A9AF_H3,1,dollar_amount,"$14,800 million","$12,426 million",False,,True,True
FB_064_7576A9AF,FB_064_7576A9AF_H2,1,dollar_amount,"$15,300 million","$18,525 million",False,,True,True
FB_064_7576A9AF,FB_064_7576A9AF_H1,1,dollar_amount,"$15,100 million","$19,162 million",False,,True,True
FB_064_7576A9AF,FB_064_7576A9AF_H3,2,dollar_amount,"$14,800 million","$12,426 million",True,The percentage change calculation is incorrect. The correct percentage change should be approximately 118.1%.,True,True
FB_064_7576A9AF,FB_064_7576A9AF_H2,2,dollar_amount,"$15,300 million","$18,525 million",True,"The percentage change calculation is incorrect. The correct percentage change should be approximately -12.0%, but the calculation should be verified for precision.",True,True
FB_064_7576A9AF,FB_064_7576A9AF_H1,2,dollar_amount,"$15,100 million","$19,162 million",True,"The percentage change calculation is incorrect. The correct percentage change should be approximately -3.3%, but the calculation should be verified for precision.",True,True
FB_064_7576A9AF,FB_064_7576A9AF_H3,3,dollar_amount,"$14,800 million","$12,426 million",True,"This increase figure should be consistent with the 118.0% growth claim. If FY2021 revenue was $12,431 million, an increase of $14,674 million would result in $27,105 million, which is slightly inconsistent with the reported $27,100 million.",False,True
FB_064_7576A9AF,FB_064_7576A9AF_H2,3,dollar_amount,"$15,300 million","$18,525 million",True,"This increase figure should be consistent with the 118.0% growth claim. If FY2021 revenue was $12,431 million, an increase of $14,674 million would result in $27,105 million, which is slightly inconsistent with the reported $27,100 million.",False,True
FB_064_7576A9AF,FB_064_7576A9AF_H1,3,dollar_amount,"$15,100 million","$19,162 million",True,"This increase figure should be consistent with the 118.0% growth claim. If FY2021 revenue was $12,431 million, an increase of $14,674 million would result in $27,105 million, which is slightly inconsistent with the reported $27,100 million.",False,True
FB_064_7576A9AF,FB_064_7576A9AF_H3,4,dollar_amount,"$14,800 million","$12,426 million",True,"The percentage increase from $12,426 million to $27,100 million is actually approximately 118.0%, which is correct. However, the base figure for FY2021 was not initially provided, making it difficult to verify without additional context.",True,True
FB_064_7576A9AF,FB_064_7576A9AF_H2,4,dollar_amount,"$15,300 million","$18,525 million",True,"The percentage decrease from $18,525 million to $16,300 million is approximately 12.0%, which is correct. However, the base figure for FY2021 was not initially provided, making it difficult to verify without additional context.",True,True
FB_064_7576A9AF,FB_064_7576A9AF_H1,4,dollar_amount,"$15,100 million","$19,162 million",False,,True,True
FB_065_8F3B2425,FB_065_8F3B2425_H3,1,dollar_amount,"$58,658 million","$41,886 million",True,"The increase from FY2021 to FY2022 in Commercial Airplanes Revenue is $15,928 million, which is a 58.8% increase. This is a significant jump and may warrant further verification given the industry's typical growth rates.",True,True
FB_065_8F3B2425,FB_065_8F3B2425_H2,1,dollar_amount,"$26,210 million","$18,532 million",True,"The decrease from FY2021 to FY2022 in Defense, Space & Security Revenue is $8,188 million, which is a 30.6% decrease. This is a substantial drop and may be unusual without a clear explanation.",True,True
FB_065_8F3B2425,FB_065_8F3B2425_H1,1,dollar_amount,$382 billion,$469 billion,True,"The backlog figure is extremely high compared to the annual revenue figures provided. While backlogs can be large, this figure should be cross-verified for accuracy.",True,True
FB_065_8F3B2425,FB_065_8F3B2425_H3,2,dollar_amount,"$58,658 million","$41,886 million",True,The percentage change calculation is incorrect. The correct percentage change should be approximately 48.69%.,True,True
FB_065_8F3B2425,FB_065_8F3B2425_H2,2,dollar_amount,"$26,210 million","$18,532 million",False,,True,True
FB_065_8F3B2425,FB_065_8F3B2425_H1,2,dollar_amount,$382 billion,$469 billion,False,,True,True
FB_065_8F3B2425,FB_065_8F3B2425_H3,3,dollar_amount,"$58,658 million","$41,886 million",False,,False,False
FB_065_8F3B2425,FB_065_8F3B2425_H2,3,dollar_amount,"$26,210 million","$18,532 million",False,,True,True
FB_065_8F3B2425,FB_065_8F3B2425_H1,3,dollar_amount,$382 billion,$469 billion,True,"The backlog figure is plausible given Boeing's industry and scale, but the roundness of the number suggests it may be an estimate rather than an exact figure.",True,True
FB_065_8F3B2425,FB_065_8F3B2425_H3,4,dollar_amount,"$58,658 million","$41,886 million",False,,False,False
FB_065_8F3B2425,FB_065_8F3B2425_H2,4,dollar_amount,"$26,210 million","$18,532 million",True,"The decrease of $8,188 million is consistent with the revenue figures provided, but the significant downturn in a typically stable sector should be further investigated for external factors.",True,True
FB_065_8F3B2425,FB_065_8F3B2425_H1,4,dollar_amount,$382 billion,$469 billion,True,The backlog figure is unusually high and should be cross-referenced with Boeing's historical backlog data and industry standards to ensure plausibility.,True,True
FB_067_92C7D508,FB_067_92C7D508_H3,1,percentage,20.0%,9.5%,True,"The effective tax rate is calculated as income tax expense divided by pre-tax income. For FY2022, the income tax expense is $1,513 million and pre-tax income is $6,000 million. The calculated effective tax rate is ($1,513 / $6,000) * 100 = 25.22%, which does not match the claimed 9.5%.",True,True
FB_067_92C7D508,FB_067_92C7D508_H2,1,dollar_amount,"$1,200 million","$1,513 million",False,,True,True
FB_067_92C7D508,FB_067_92C7D508_H1,1,dollar_amount,"$5,500 million","$3,936 million",False,,True,True
FB_067_92C7D508,FB_067_92C7D508_H3,2,percentage,20.0%,9.5%,False,,True,True
FB_067_92C7D508,FB_067_92C7D508_H2,2,dollar_amount,"$1,200 million","$1,513 million",False,,True,True
FB_067_92C7D508,FB_067_92C7D508_H1,2,dollar_amount,"$5,500 million","$3,936 million",True,"The percentage change in pre-tax income is calculated correctly, but a 52.5% increase in pre-tax income is significant and should be cross-verified with industry trends and company performance.",True,True
FB_067_92C7D508,FB_067_92C7D508_H3,3,percentage,20.0%,9.5%,False,,True,True
FB_067_92C7D508,FB_067_92C7D508_H2,3,dollar_amount,"$1,200 million","$1,513 million",False,,True,True
FB_067_92C7D508,FB_067_92C7D508_H1,3,dollar_amount,"$5,500 million","$3,936 million",False,,True,True
FB_067_92C7D508,FB_067_92C7D508_H3,4,percentage,20.0%,9.5%,False,,True,True
FB_067_92C7D508,FB_067_92C7D508_H2,4,dollar_amount,"$1,200 million","$1,513 million",False,,True,True
FB_067_92C7D508,FB_067_92C7D508_H1,4,dollar_amount,"$5,500 million","$3,936 million",False,,True,True
FB_068_46FFC913,FB_068_46FFC913_H2,1,dollar_amount,"$86,180.5 million","$58,656.0 million",True,"The calculation of average total assets is incorrect. The correct average should be ($86,185 million + $86,176 million) / 2 = $86,180.5 million.",True,True
FB_068_46FFC913,FB_068_46FFC913_H1,1,percentage,1.45%,0.01%,True,"The calculated ROA of 0.0145 should be expressed as 1.45% when converted to a percentage, not 0.01%.",True,True
FB_068_46FFC913,FB_068_46FFC913_H2,2,dollar_amount,"$86,180.5 million","$58,656.0 million",True,"The calculation of average total assets is correct, but the precision of 86,180.5 million is suspiciously high given the context. Typically, such figures are rounded to the nearest million.",False,True
FB_068_46FFC913,FB_068_46FFC913_H1,2,percentage,1.45%,0.01%,True,"The ROA calculation is correct based on the provided figures, but the precision of 1.45% is suspiciously high given the typical rounding conventions in financial reporting.",True,True
FB_068_46FFC913,FB_068_46FFC913_H2,3,dollar_amount,"$86,180.5 million","$58,656.0 million",False,,False,False
FB_068_46FFC913,FB_068_46FFC913_H1,3,percentage,1.45%,0.01%,True,"The calculation of ROA as 1.45% is accurate based on the provided figures. However, the precision of the average total assets figure (86,180.5 million) is unusually high, which may not be typical in financial reporting.",False,True
FB_068_46FFC913,FB_068_46FFC913_H2,4,dollar_amount,"$86,180.5 million","$58,656.0 million",True,"The calculation of average total assets as $86,180.5 million is correct based on the provided figures of $86,185 million and $86,176 million. However, the precision to one decimal place might be unnecessary given the scale of the figures.",False,True
FB_068_46FFC913,FB_068_46FFC913_H1,4,percentage,1.45%,0.01%,False,,False,False
FB_069_15B93D82,FB_069_15B93D82_H2,1,percentage,44.2%,51.5%,True,"The COGS percentage margin is calculated as (COGS / Total Revenue) * 100. For FY2021, this results in (18,441 / 41,651) * 100 = 44.2%, not 51.5%.",True,True
FB_069_15B93D82,FB_069_15B93D82_H1,1,dollar_amount,"$33,014 million","$25,413 million",True,"The Total Revenue for FY2020 seems implausibly low compared to FY2019 and FY2021 figures, suggesting a potential error or typo.",True,True
FB_069_15B93D82,FB_069_15B93D82_H2,2,percentage,44.2%,51.5%,True,"The calculation of COGS Percentage Margin as (18,441 / 41,651) * 100 actually results in approximately 44.27%, not 44.2%. The discrepancy suggests a rounding error.",True,True
FB_069_15B93D82,FB_069_15B93D82_H1,2,dollar_amount,"$33,014 million","$25,413 million",True,"The revenue increase from $25,413 million in FY2020 to $41,651 million in FY2021 represents a 63.93% increase, which is unusually high for a stable company like Coca-Cola, especially during a pandemic recovery period. This figure should be verified against official financial statements.",True,True
FB_069_15B93D82,FB_069_15B93D82_H2,3,percentage,44.2%,51.5%,True,"The calculation of COGS percentage margin using the provided figures ($18,441 million COGS and $41,651 million revenue) is correct. However, the drastic change from the previous year's margin is suspicious.",True,True
FB_069_15B93D82,FB_069_15B93D82_H1,3,dollar_amount,"$33,014 million","$25,413 million",True,"The increase from $25,413 million to $41,651 million is indeed $16,238 million, but this represents a growth rate of approximately 63.9%, which is unusually high for Coca-Cola.",True,True
FB_069_15B93D82,FB_069_15B93D82_H2,4,percentage,44.2%,51.5%,True,"The calculation of the COGS percentage margin is correct, but the context provided suggests a significant decline from the previous year's margin of 67.6%, which is inconsistent with typical industry trends and requires further explanation.",True,True
FB_069_15B93D82,FB_069_15B93D82_H1,4,dollar_amount,"$33,014 million","$25,413 million",False,,True,True
FB_070_4418F850,FB_070_4418F850_H3,1,dollar_amount,"$7,964 million","$5,694 million",True,"The dividend payout ratio is calculated using Total Cash Dividends Paid of $5,694 million and Net Income of $14,585 million, which does not match the supporting data figures provided later in the text. The calculation should be based on $7,964 million and $14,512 million, which would result in a different percentage.",True,True
FB_070_4418F850,FB_070_4418F850_H2,1,dollar_amount,"$11,952 million","$14,585 million",True,"The dividend payout ratio is calculated using Total Cash Dividends Paid of $5,694 million and Net Income of $14,585 million, which does not match the supporting data figures provided later in the text. The calculation should be based on $7,964 million and $14,512 million, which would result in a different percentage.",True,True
FB_070_4418F850,FB_070_4418F850_H1,1,dollar_amount,"$11,952 million","$14,512 million",True,"This figure does not match the earlier stated Net Income Attributable to Shareholders of $14,585 million used in the dividend payout ratio calculation, indicating an inconsistency.",True,True
FB_070_4418F850,FB_070_4418F850_H3,2,dollar_amount,"$7,964 million","$5,694 million",True,"The reported total cash dividends paid figure is inconsistent with the initially reported dividend payout ratio of 66.67%. If the payout ratio were correct, the dividends paid would need to be approximately $9,675 million (66.67% of $14,512 million).",False,True
FB_070_4418F850,FB_070_4418F850_H2,2,dollar_amount,"$11,952 million","$14,585 million",False,,True,True
FB_070_4418F850,FB_070_4418F850_H1,2,dollar_amount,"$11,952 million","$14,512 million",False,,True,True
FB_070_4418F850,FB_070_4418F850_H3,3,dollar_amount,"$7,964 million","$5,694 million",False,,False,False
FB_070_4418F850,FB_070_4418F850_H2,3,dollar_amount,"$11,952 million","$14,585 million",False,,True,True
FB_070_4418F850,FB_070_4418F850_H1,3,dollar_amount,"$11,952 million","$14,512 million",False,,True,True
FB_070_4418F850,FB_070_4418F850_H3,4,dollar_amount,"$7,964 million","$5,694 million",False,,False,False
FB_070_4418F850,FB_070_4418F850_H2,4,dollar_amount,"$11,952 million","$14,585 million",False,,True,True
FB_070_4418F850,FB_070_4418F850_H1,4,dollar_amount,"$11,952 million","$14,512 million",False,,True,True
FB_071_0CB99E74,FB_071_0CB99E74_H3,1,dollar_amount,"$3,167 million","$4,292 million",True,"The calculation of Change in Inventory is incorrect. The correct calculation should be $3,167 million - $3,056 million = $111 million.",True,True
FB_071_0CB99E74,FB_071_0CB99E74_H2,1,dollar_amount,$111 million,$73 million,True,"The calculation of Change in Inventory is incorrect. The correct calculation should be $3,167 million - $3,056 million = $111 million.",True,True
FB_071_0CB99E74,FB_071_0CB99E74_H1,1,dollar_amount,"$10,248 million","$7,381 million",True,"The denominator in the DPO calculation is incorrect. It should be $10,137 million + $111 million = $10,248 million.",True,True
FB_071_0CB99E74,FB_071_0CB99E74_H3,2,dollar_amount,"$3,167 million","$4,292 million",False,,True,True
FB_071_0CB99E74,FB_071_0CB99E74_H2,2,dollar_amount,$111 million,$73 million,False,,False,False
FB_071_0CB99E74,FB_071_0CB99E74_H1,2,dollar_amount,"$10,248 million","$7,381 million",False,,True,True
FB_071_0CB99E74,FB_071_0CB99E74_H3,3,dollar_amount,"$3,167 million","$4,292 million",False,,False,False
FB_071_0CB99E74,FB_071_0CB99E74_H2,3,dollar_amount,$111 million,$73 million,False,,False,False
FB_071_0CB99E74,FB_071_0CB99E74_H1,3,dollar_amount,"$10,248 million","$7,381 million",False,,False,False
FB_071_0CB99E74,FB_071_0CB99E74_H3,4,dollar_amount,"$3,167 million","$4,292 million",False,,False,False
FB_071_0CB99E74,FB_071_0CB99E74_H2,4,dollar_amount,$111 million,$73 million,False,,False,False
FB_071_0CB99E74,FB_071_0CB99E74_H1,4,dollar_amount,"$10,248 million","$7,381 million",True,"The COGS figure of $10,137 million is plausible, but the change in inventory calculation should be verified. The increase in inventory from $3,056 million to $3,167 million indeed results in a $111 million change, which is consistent.",False,True
FB_072_05A484DC,FB_072_05A484DC_H2,1,dollar_amount,"$11,500 million","$8,255 million",False,,True,True
FB_072_05A484DC,FB_072_05A484DC_H1,1,large_number,"3,206","2,118",True,"The calculation uses incorrect figures. The provided Operating Income and Total Revenue for FY2019 are $3,206 million and $8,255 million, respectively. The margin should be (3,206 / 8,255) * 100 = 38.8%, not 27.9%.",True,True
FB_072_05A484DC,FB_072_05A484DC_H2,2,dollar_amount,"$11,500 million","$8,255 million",True,"The calculated operating income margin should be approximately 38.8%, but the correct calculation is (3,206 / 8,255) * 100 = 38.84%, which rounds to 38.8%. However, the text should reflect the precise calculation.",True,True
FB_072_05A484DC,FB_072_05A484DC_H1,2,large_number,"3,206","2,118",False,,False,False
FB_072_05A484DC,FB_072_05A484DC_H2,3,dollar_amount,"$11,500 million","$8,255 million",False,,True,True
FB_072_05A484DC,FB_072_05A484DC_H1,3,large_number,"3,206","2,118",False,,False,False
FB_072_05A484DC,FB_072_05A484DC_H2,4,dollar_amount,"$11,500 million","$8,255 million",False,,True,True
FB_072_05A484DC,FB_072_05A484DC_H1,4,large_number,"3,206","2,118",False,,False,False
FB_073_5495DBB9,FB_073_5495DBB9_H3,1,percentage,13.9%,9.9%,True,"The effective tax rate for FY2022 is stated as 9.9%, but the change in effective tax rate from FY2021 to FY2022 is described as a decrease of 0.5 percentage points. This would imply an effective tax rate of 13.9% for FY2022, not 9.9%.",True,True
FB_073_5495DBB9,FB_073_5495DBB9_H2,1,dollar_amount,$264 million,$221 million,False,,True,True
FB_073_5495DBB9,FB_073_5495DBB9_H1,1,dollar_amount,$292 million,$207 million,True,"Given the pre-tax income of $2,100 million and an effective tax rate of 9.9%, the expected income tax expense should be approximately $207.9 million. The figure $207 million is plausible but slightly rounded.",True,True
FB_073_5495DBB9,FB_073_5495DBB9_H3,2,percentage,13.9%,9.9%,True,"The calculated effective tax rate for FY2021 is 12.06%, which differs from the reported rate of 14.4%. This discrepancy should be examined.",True,True
FB_073_5495DBB9,FB_073_5495DBB9_H2,2,dollar_amount,$264 million,$221 million,True,"The calculated effective tax rate using this figure does not match the reported effective tax rate, indicating a potential issue with either the income tax expense or the reported rate.",True,True
FB_073_5495DBB9,FB_073_5495DBB9_H1,2,dollar_amount,$292 million,$207 million,False,,True,True
FB_073_5495DBB9,FB_073_5495DBB9_H3,3,percentage,13.9%,9.9%,True,"The calculated effective tax rate for FY2021 should be $221 million / $1,831 million = 12.07%, and for FY2022, it should be $207 million / $2,100 million = 9.857%. The FY2021 calculated rate is slightly off, suggesting a potential rounding or calculation error.",True,True
FB_073_5495DBB9,FB_073_5495DBB9_H2,3,dollar_amount,$264 million,$221 million,True,"The reduction from 14.4% to 9.9% is indeed a 4.5 percentage point decrease, which is accurate.",True,True
FB_073_5495DBB9,FB_073_5495DBB9_H1,3,dollar_amount,$292 million,$207 million,True,"The reduction from 14.4% to 9.9% is indeed a 4.5 percentage point decrease, which is accurate.",True,True
FB_073_5495DBB9,FB_073_5495DBB9_H3,4,percentage,13.9%,9.9%,True,"The calculated effective tax rate based on the provided figures (income tax expense of $221 million and pre-tax income of $1,831 million) should be approximately 12.06%, not 14.4%. This discrepancy suggests a potential error in reporting or calculation.",True,True
FB_073_5495DBB9,FB_073_5495DBB9_H2,4,dollar_amount,$264 million,$221 million,True,A decrease in income tax expense alongside an increase in pre-tax income is unusual and suggests that Corning may have employed aggressive tax strategies or benefited from significant tax credits or deductions.,True,True
FB_073_5495DBB9,FB_073_5495DBB9_H1,4,dollar_amount,$292 million,$207 million,True,A decrease in income tax expense alongside an increase in pre-tax income is unusual and suggests that Corning may have employed aggressive tax strategies or benefited from significant tax credits or deductions.,True,True
FB_074_499976A7,FB_074_499976A7_H2,1,dollar_amount,"$8,108 million","$6,078 million",False,,True,True
FB_074_499976A7,FB_074_499976A7_H1,1,dollar_amount,"$7,400 million","$9,948 million",False,,True,True
FB_074_499976A7,FB_074_499976A7_H2,2,dollar_amount,"$8,108 million","$6,078 million",False,,True,True
FB_074_499976A7,FB_074_499976A7_H1,2,dollar_amount,"$7,400 million","$9,948 million",False,,True,True
FB_074_499976A7,FB_074_499976A7_H2,3,dollar_amount,"$8,108 million","$6,078 million",False,,False,False
FB_074_499976A7,FB_074_499976A7_H1,3,dollar_amount,"$7,400 million","$9,948 million",False,,False,False
FB_074_499976A7,FB_074_499976A7_H2,4,dollar_amount,"$8,108 million","$6,078 million",False,,False,False
FB_074_499976A7,FB_074_499976A7_H1,4,dollar_amount,"$7,400 million","$9,948 million",False,,False,False
FB_075_D5F39BB5,FB_075_D5F39BB5_H2,1,dollar_amount,"$59,431 million","$38,256 million",True,"The total assets for FY2021 show a decrease from FY2020, which is unusual for a company like Costco that typically shows growth or stable asset levels. This figure should be cross-verified with the actual 10-K report.",True,True
FB_075_D5F39BB5,FB_075_D5F39BB5_H1,1,dollar_amount,"$53,189 million","$41,694 million",True,"The total assets for FY2020 show a decrease from FY2019, which is also unusual given Costco's historical growth trends. This figure should be cross-verified with the actual 10-K report.",True,True
FB_075_D5F39BB5,FB_075_D5F39BB5_H2,2,dollar_amount,"$59,431 million","$38,256 million",True,"The total reduction in assets from FY2019 to FY2021 should be $8,936 million, not $8,742 million. This is calculated as $47,192 million - $38,256 million.",True,True
FB_075_D5F39BB5,FB_075_D5F39BB5_H1,2,dollar_amount,"$53,189 million","$41,694 million",True,"The calculated percentage change from FY2020 to FY2021 should be approximately -8.24%, not -8.25%.",True,True
FB_075_D5F39BB5,FB_075_D5F39BB5_H2,3,dollar_amount,"$59,431 million","$38,256 million",True,"The total reduction over the three-year period is stated as $8,742 million, but the actual difference between $47,192 million (FY2019) and $38,256 million (FY2021) is $8,936 million.",True,True
FB_075_D5F39BB5,FB_075_D5F39BB5_H1,3,dollar_amount,"$53,189 million","$41,694 million",True,"The total reduction over the three-year period is stated as $8,742 million, but the actual difference between $47,192 million (FY2019) and $38,256 million (FY2021) is $8,936 million.",True,True
FB_075_D5F39BB5,FB_075_D5F39BB5_H2,4,dollar_amount,"$59,431 million","$38,256 million",True,"The percentage decline calculation is correct based on the provided figures. However, the text suggests a recalculation was needed, which implies the original calculation was incorrect. This discrepancy should be clarified.",True,True
FB_075_D5F39BB5,FB_075_D5F39BB5_H1,4,dollar_amount,"$53,189 million","$41,694 million",True,"The percentage decline calculation is correct based on the provided figures. However, the text suggests a recalculation was needed, which implies the original calculation was incorrect. This discrepancy should be clarified.",True,True
FB_076_1BF5949C,FB_076_1BF5949C_H3,1,dollar_amount,"$194,579 million","$124,200 million",True,"The revenue figure used in the Fixed Asset Turnover Ratio calculation ($194,579 million) does not match the stated revenue for FY2018 ($124,200 million), indicating a potential error.",True,True
FB_076_1BF5949C,FB_076_1BF5949C_H2,1,dollar_amount,"$21,643 million","$27,991 million",True,"The PP&E value for FY2017 is stated as $27,991 million earlier in the text, but here it is listed as $21,643 million, which is inconsistent.",True,True
FB_076_1BF5949C,FB_076_1BF5949C_H1,1,dollar_amount,"$22,389 million","$29,388 million",True,"The PP&E value for FY2017 is stated as $27,991 million earlier in the text, but here it is listed as $21,643 million, which is inconsistent.",True,True
FB_076_1BF5949C,FB_076_1BF5949C_H3,2,dollar_amount,"$194,579 million","$124,200 million",False,,True,True
FB_076_1BF5949C,FB_076_1BF5949C_H2,2,dollar_amount,"$21,643 million","$27,991 million",True,"The decrease in PP&E from $27,991 million in FY2017 to $23,135 million in FY2018 is significant and may indicate a divestment or depreciation that should be further investigated for accuracy and context.",False,True
FB_076_1BF5949C,FB_076_1BF5949C_H1,2,dollar_amount,"$22,389 million","$29,388 million",True,"The decrease in PP&E from $27,991 million in FY2017 to $23,135 million in FY2018 is significant and may indicate a divestment or depreciation that should be further investigated for accuracy and context.",False,True
FB_076_1BF5949C,FB_076_1BF5949C_H3,3,dollar_amount,"$194,579 million","$124,200 million",True,"The calculation of the fixed asset turnover ratio is mathematically correct based on the provided revenue and average PP&E figures. However, the significant decrease in PP&E could affect the interpretation of this ratio.",True,True
FB_076_1BF5949C,FB_076_1BF5949C_H2,3,dollar_amount,"$21,643 million","$27,991 million",True,"The decline in PP&E is significant, amounting to a decrease of $4,856 million or approximately 17.34%. This is a substantial reduction that warrants further investigation into the reasons behind such a large decrease within a single year.",False,True
FB_076_1BF5949C,FB_076_1BF5949C_H1,3,dollar_amount,"$22,389 million","$29,388 million",False,,False,False
FB_076_1BF5949C,FB_076_1BF5949C_H3,4,dollar_amount,"$194,579 million","$124,200 million",True,"The revenue figure of $124,200 million is plausible for CVS Health, but it should be cross-verified with actual financial statements for accuracy.",True,True
FB_076_1BF5949C,FB_076_1BF5949C_H2,4,dollar_amount,"$21,643 million","$27,991 million",True,"The calculation of the average PP&E is actually correct as shown in the text, but the statement claims an inconsistency. This is misleading.",False,True
FB_076_1BF5949C,FB_076_1BF5949C_H1,4,dollar_amount,"$22,389 million","$29,388 million",False,,False,False
FB_077_6547C156,FB_077_6547C156_H3,1,dollar_amount,"$3,100 million","$2,148 million",False,,True,True
FB_077_6547C156,FB_077_6547C156_H2,1,dollar_amount,"$2,500 million","$3,128 million",False,,False,False
FB_077_6547C156,FB_077_6547C156_H1,1,dollar_amount,"$128,000 million","$78,204 million",True,"The total assets figure for FY2020 shows a significant increase to FY2021 ($132,200 million) which is implausible without a major acquisition or similar event. This requires verification.",True,True
FB_077_6547C156,FB_077_6547C156_H3,2,dollar_amount,"$3,100 million","$2,148 million",False,,True,True
FB_077_6547C156,FB_077_6547C156_H2,2,dollar_amount,"$2,500 million","$3,128 million",False,,False,False
FB_077_6547C156,FB_077_6547C156_H1,2,dollar_amount,"$128,000 million","$78,204 million",True,"The calculation of the change in total assets from FY2020 to FY2021 is incorrect. The correct change should be $132,200 million - $78,204 million = $53,996 million, which is accurate. However, the percentage change calculation is suspiciously high.",True,True
FB_077_6547C156,FB_077_6547C156_H3,3,dollar_amount,"$3,100 million","$2,148 million",True,"The percentage decrease from $2,800 million to $2,148 million is not 23.29%. The correct percentage decrease is approximately 23.29%, but the calculation should be verified for accuracy.",True,True
FB_077_6547C156,FB_077_6547C156_H2,3,dollar_amount,"$2,500 million","$3,128 million",True,"The percentage decrease from $3,128 million to $2,800 million is not 10.48%. The correct percentage decrease is approximately 10.48%, but the calculation should be verified for accuracy.",False,True
FB_077_6547C156,FB_077_6547C156_H1,3,dollar_amount,"$128,000 million","$78,204 million",True,"The percentage increase from $78,204 million to $132,200 million is not 69.00%. The correct percentage increase is approximately 69.00%, but the calculation should be verified for accuracy.",True,True
FB_077_6547C156,FB_077_6547C156_H3,4,dollar_amount,"$3,100 million","$2,148 million",True,"A decrease from $2,800 million to $2,148 million represents a reduction of approximately 23.29%, which appears accurate. However, the precision of the percentage is suspiciously high given the round numbers.",True,True
FB_077_6547C156,FB_077_6547C156_H2,4,dollar_amount,"$2,500 million","$3,128 million",True,"A decrease from $3,128 million to $2,800 million is approximately a 10.48% reduction, which seems accurate. However, the precision of the percentage is suspiciously high given the round numbers.",False,True
FB_077_6547C156,FB_077_6547C156_H1,4,dollar_amount,"$128,000 million","$78,204 million",True,"A 69.00% increase from $78,204 million would result in total assets of approximately $132,200 million. However, the text suggests this figure is incorrect, indicating a potential miscalculation or misstatement.",True,True
FB_078_F8A3C776,FB_078_F8A3C776_H2,1,dollar_amount,$3.0 billion,$2.0 billion,True,"The increase from $1.4 billion in FY2020 to $2.0 billion in FY2021 represents a 42.86% increase in liability accruals for opioid settlements, which is substantial and should be cross-verified with industry trends.",False,True
FB_078_F8A3C776,FB_078_F8A3C776_H1,1,dollar_amount,$2.0 billion,$1.4 billion,True,"The increase from $1.4 billion in FY2020 to $2.0 billion in FY2021 represents a 42.86% increase in liability accruals for opioid settlements, which is substantial and should be cross-verified with industry trends.",True,True
FB_078_F8A3C776,FB_078_F8A3C776_H2,2,dollar_amount,$3.0 billion,$2.0 billion,True,"The percentage change calculation is incorrect. The correct calculation should be ($3.0 billion / $2.0 billion) * 100 = 150%, but the base figure should be $2.0 billion, not $3.0 billion. The correct percentage change should be 250%.",False,True
FB_078_F8A3C776,FB_078_F8A3C776_H1,2,dollar_amount,$2.0 billion,$1.4 billion,True,"The percentage change calculation is incorrect. The correct calculation should be ($0.6 billion / $1.4 billion) * 100 = 42.86%, but the base figure should be $1.4 billion, not $0.6 billion. The correct percentage change should be approximately 42.86%, which is correct, but the explanation is misleading.",True,True
FB_078_F8A3C776,FB_078_F8A3C776_H2,3,dollar_amount,$3.0 billion,$2.0 billion,True,"The increase from $1.4 billion to $2.0 billion is a 42.86% rise, which is correct. However, this percentage is suspiciously precise compared to other figures in the text.",False,True
FB_078_F8A3C776,FB_078_F8A3C776_H1,3,dollar_amount,$2.0 billion,$1.4 billion,True,"The increase from $1.4 billion to $5.0 billion is actually a 257.14% increase, not 150%.",True,True
FB_078_F8A3C776,FB_078_F8A3C776_H2,4,dollar_amount,$3.0 billion,$2.0 billion,True,"The percentage increase from $86.0 billion to $89.0 billion is approximately 3.49%, but from $89.0 billion to $92.0 billion, it is approximately 3.37%. The text should clarify which percentage applies to which year.",False,True
FB_078_F8A3C776,FB_078_F8A3C776_H1,4,dollar_amount,$2.0 billion,$1.4 billion,True,"The increase from $1.4 billion to $5.0 billion is actually a 257.14% increase, not 150%.",True,True
FB_079_C8770283,FB_079_C8770283_H3,1,dollar_amount,$0.50 ,$0.68 ,True,"The dividend per share for Q2 FY2022 is lower than Q1 FY2022 ($0.69), which is unusual unless there is a specific reason for a decrease. Typically, dividends are stable or increase unless there is a financial issue.",True,True
FB_079_C8770283,FB_079_C8770283_H2,1,dollar_amount,$0.50 ,$0.69 ,True,"The dividend per share for Q2 FY2022 is lower than Q1 FY2022 ($0.69), which is unusual unless there is a specific reason for a decrease. Typically, dividends are stable or increase unless there is a financial issue.",True,True
FB_079_C8770283,FB_079_C8770283_H1,1,dollar_amount,$1.98 ,$1.25 ,True,"The total dividends paid in FY2021 ($1.25) seem inconsistent with the Q2 FY2021 dividend of $0.50 per share. If $0.50 was paid in Q2, it implies a lower total for the year unless there were no dividends in other quarters or a significant dividend cut.",True,True
FB_079_C8770283,FB_079_C8770283_H3,2,dollar_amount,$0.50 ,$0.68 ,False,,True,True
FB_079_C8770283,FB_079_C8770283_H2,2,dollar_amount,$0.50 ,$0.69 ,True,"The percentage change calculation is correct, but the decrease in dividends from Q1 FY2022 to Q2 FY2022 is unusual given the overall positive trend year-over-year. This requires further investigation.",True,True
FB_079_C8770283,FB_079_C8770283_H1,2,dollar_amount,$1.98 ,$1.25 ,True,"The total dividends paid in FY2021 of $1.25 per share seems inconsistent with the quarterly dividends provided. If Q2 FY2021 was $0.50 and assuming similar or higher dividends in other quarters, the total should likely be higher than $1.25.",True,True
FB_079_C8770283,FB_079_C8770283_H3,3,dollar_amount,$0.50 ,$0.68 ,False,,True,True
FB_079_C8770283,FB_079_C8770283_H2,3,dollar_amount,$0.50 ,$0.69 ,True,"The decline from $0.69 to $0.68 is approximately 1.45%, which is correct. However, the precision of 1.45% for a $0.01 change seems overly precise given the small absolute change.",True,True
FB_079_C8770283,FB_079_C8770283_H1,3,dollar_amount,$1.98 ,$1.25 ,True,"The text does not provide enough context to verify this figure. It is unclear if $1.25 per share is consistent with the quarterly dividends mentioned. If $0.50 was paid in Q2 FY2021, the total for FY2021 should be verified against other quarterly payments.",True,True
FB_079_C8770283,FB_079_C8770283_H3,4,dollar_amount,$0.50 ,$0.68 ,True,"The percentage increase from $0.50 to $0.68 is calculated as (($0.68 - $0.50) / $0.50) * 100 = 36%. This calculation is correct, but the significant increase should be cross-verified with industry norms for plausibility.",True,True
FB_079_C8770283,FB_079_C8770283_H2,4,dollar_amount,$0.50 ,$0.69 ,True,"The percentage decrease from $0.69 to $0.68 is calculated as (($0.69 - $0.68) / $0.69) * 100 = 1.45%. This calculation is correct, but the sequential decline should be examined in the context of the company's overall financial strategy.",True,True
FB_079_C8770283,FB_079_C8770283_H1,4,dollar_amount,$1.98 ,$1.25 ,True,"The calculation of the dividend payout ratio is incorrect. The payout ratio should be calculated as (Dividends per Share / EPS) * 100. Using the given figures: ($1.25 / $4.00) * 100 = 31.25%. However, the text suggests a need for verification of the figures used for FY2021 dividends and EPS for consistency.",True,True
FB_081_4E1CC3D9,FB_081_4E1CC3D9_H2,1,large_number,"48,123,456","63,263,625",False,,True,True
FB_081_4E1CC3D9,FB_081_4E1CC3D9_H1,1,large_number,"9,876,543","12,416,701",True,"The text states that McCarty had 9,876,543 votes against, which contradicts this figure.",True,True
FB_081_4E1CC3D9,FB_081_4E1CC3D9_H2,2,large_number,"48,123,456","63,263,625",True,"The calculation of the support ratio for Jill M. Granoff is incorrect. The correct calculation should be (63,263,625 / 239,545,010) * 100 = 26.41%.",True,True
FB_081_4E1CC3D9,FB_081_4E1CC3D9_H1,2,large_number,"9,876,543","12,416,701",True,"The calculation of the votes against ratio for M. Scott McCarty is incorrect. The correct calculation should be (12,416,701 / 239,545,010) * 100 = 5.18%, which is correct.",True,True
FB_081_4E1CC3D9,FB_081_4E1CC3D9_H2,3,large_number,"48,123,456","63,263,625",True,"The support ratio of 26.39% seems inconsistent with the number of votes for Jill M. Granoff (63,263,625) given the total votes cast (239,545,010). The percentage should be calculated as (63,263,625 / 239,545,010) * 100, which equals approximately 26.41%, not 26.39%.",True,True
FB_081_4E1CC3D9,FB_081_4E1CC3D9_H1,3,large_number,"9,876,543","12,416,701",True,"The opposition ratio of 5.18% seems inconsistent with the number of votes against M. Scott McCarty (12,416,701) given the total votes cast (239,545,010). The percentage should be calculated as (12,416,701 / 239,545,010) * 100, which equals approximately 5.18%, so this is actually correct.",True,True
FB_081_4E1CC3D9,FB_081_4E1CC3D9_H2,4,large_number,"48,123,456","63,263,625",True,"The support ratio calculation is based on a total votes figure that does not match the sum of individual votes, making the percentage potentially inaccurate.",True,True
FB_081_4E1CC3D9,FB_081_4E1CC3D9_H1,4,large_number,"9,876,543","12,416,701",True,"The opposition ratio calculation is based on a total votes figure that does not match the sum of individual votes, making the percentage potentially inaccurate.",True,True
FB_082_4FFC55E4,FB_082_4FFC55E4_H2,1,dollar_amount,"$1,059 million","$1,334 million",True,"The calculation of average inventory is incorrect. The correct average should be ($1,334 million + $1,029 million) / 2 = $1,181.5 million.",True,True
FB_082_4FFC55E4,FB_082_4FFC55E4_H1,1,dollar_amount,$30 million,$37 million,True,"The FY2019 inventory is stated as $1,334 million, not $1,059 million. The change should be $1,334 million - $1,029 million = $305 million.",True,True
FB_082_4FFC55E4,FB_082_4FFC55E4_H2,2,dollar_amount,"$1,059 million","$1,334 million",False,,False,False
FB_082_4FFC55E4,FB_082_4FFC55E4_H1,2,dollar_amount,$30 million,$37 million,False,,False,False
FB_082_4FFC55E4,FB_082_4FFC55E4_H2,3,dollar_amount,"$1,059 million","$1,334 million",False,,False,False
FB_082_4FFC55E4,FB_082_4FFC55E4_H1,3,dollar_amount,$30 million,$37 million,False,,False,False
FB_082_4FFC55E4,FB_082_4FFC55E4_H2,4,dollar_amount,"$1,059 million","$1,334 million",False,,False,False
FB_082_4FFC55E4,FB_082_4FFC55E4_H1,4,dollar_amount,$30 million,$37 million,False,,False,False
FB_083_62A760DF,FB_083_62A760DF_H3,1,dollar_amount,"$2,972 million","$3,586 million",True,"This figure is inconsistent with the Total Current Liabilities of $2,972 million used in the working capital ratio calculation. One of these figures is incorrect.",False,True
FB_083_62A760DF,FB_083_62A760DF_H2,1,dollar_amount,"$2,731 million","$3,712 million",True,"This figure is inconsistent with the Total Current Liabilities of $2,972 million used in the working capital ratio calculation. One of these figures is incorrect.",False,True
FB_083_62A760DF,FB_083_62A760DF_H1,1,dollar_amount,"$3,556 million","$2,326 million",True,"This figure is inconsistent with the Total Current Liabilities of $2,972 million used in the working capital ratio calculation. One of these figures is incorrect.",True,True
FB_083_62A760DF,FB_083_62A760DF_H3,2,dollar_amount,"$2,972 million","$3,586 million",False,,False,False
FB_083_62A760DF,FB_083_62A760DF_H2,2,dollar_amount,"$2,731 million","$3,712 million",True,"The percentage change calculation for Total Current Liabilities from FY2019 to FY2020 is approximately -19.93%, which is correct. However, the precision of the percentage is suspiciously exact given the rounded nature of the input figures.",False,True
FB_083_62A760DF,FB_083_62A760DF_H1,2,dollar_amount,"$3,556 million","$2,326 million",True,"The percentage change calculation for Total Current Assets from FY2018 to FY2019 is approximately 57.4%, which is correct. However, the precision of the percentage is suspiciously exact given the rounded nature of the input figures.",True,True
FB_083_62A760DF,FB_083_62A760DF_H3,3,dollar_amount,"$2,972 million","$3,586 million",False,,False,False
FB_083_62A760DF,FB_083_62A760DF_H2,3,dollar_amount,"$2,731 million","$3,712 million",False,,False,False
FB_083_62A760DF,FB_083_62A760DF_H1,3,dollar_amount,"$3,556 million","$2,326 million",False,,False,False
FB_083_62A760DF,FB_083_62A760DF_H3,4,dollar_amount,"$2,972 million","$3,586 million",False,,False,False
FB_083_62A760DF,FB_083_62A760DF_H2,4,dollar_amount,"$2,731 million","$3,712 million",True,"The percentage decrease calculation is incorrect. A decrease from $3,712 million to $2,972 million is approximately a 19.93% decrease, but the exact calculation should be verified for precision.",False,True
FB_083_62A760DF,FB_083_62A760DF_H1,4,dollar_amount,"$3,556 million","$2,326 million",True,"The percentage increase calculation is incorrect. An increase from $2,326 million to $3,661 million is approximately a 57.4% increase, but the exact calculation should be verified for precision.",True,True
FB_084_403F35B5,FB_084_403F35B5_H2,1,dollar_amount,"$1,205 million",$952 million,True,"The calculated Free Cash Flow (FCF) from the given Cash from Operations and CapEx is $1,755 million - $550 million = $1,205 million, not $735 million. The stated FCF of $952 million does not match the calculation.",True,True
FB_084_403F35B5,FB_084_403F35B5_H1,1,dollar_amount,"$1,205 million",$735 million,True,"The calculated Free Cash Flow (FCF) from the given Cash from Operations and CapEx is $1,755 million - $550 million = $1,205 million, not $735 million. The stated FCF of $952 million does not match the calculation.",True,True
FB_084_403F35B5,FB_084_403F35B5_H2,2,dollar_amount,"$1,205 million",$952 million,False,,True,True
FB_084_403F35B5,FB_084_403F35B5_H1,2,dollar_amount,"$1,205 million",$735 million,False,,False,False
FB_084_403F35B5,FB_084_403F35B5_H2,3,dollar_amount,"$1,205 million",$952 million,True,"The discrepancy between $952 million and $1,205 million is significant and raises questions about the accuracy of the initial data.",True,True
FB_084_403F35B5,FB_084_403F35B5_H1,3,dollar_amount,"$1,205 million",$735 million,False,,False,False
FB_084_403F35B5,FB_084_403F35B5_H2,4,dollar_amount,"$1,205 million",$952 million,False,,True,True
FB_084_403F35B5,FB_084_403F35B5_H1,4,dollar_amount,"$1,205 million",$735 million,False,,False,False
FB_085_149EBAE9,FB_085_149EBAE9_H3,1,dollar_amount,"$1,174 million",$772 million,False,,True,True
FB_085_149EBAE9,FB_085_149EBAE9_H2,1,dollar_amount,"$1,174 million",$898 million,True,"The Total Cash Dividends Paid figure is inconsistent with the previously stated $772 million from the FY2022 10-K, Consolidated Statements of Cash Flows.",True,True
FB_085_149EBAE9,FB_085_149EBAE9_H1,1,dollar_amount,"$1,905 million","$1,353 million",True,"The calculation of Retained Earnings is incorrect. The figures used ($1,353 million and $1,174 million) do not match any previously stated figures, and the subtraction does not equal $731 million.",True,True
FB_085_149EBAE9,FB_085_149EBAE9_H3,2,dollar_amount,"$1,174 million",$772 million,False,,True,True
FB_085_149EBAE9,FB_085_149EBAE9_H2,2,dollar_amount,"$1,174 million",$898 million,False,,True,True
FB_085_149EBAE9,FB_085_149EBAE9_H1,2,dollar_amount,"$1,905 million","$1,353 million",False,,False,False
FB_085_149EBAE9,FB_085_149EBAE9_H3,3,dollar_amount,"$1,174 million",$772 million,True,"The percentage decrease from $1,157 million to $772 million is calculated as ((1157 - 772) / 1157) * 100 = 33.26%, not 33.24%. The discrepancy is minor but indicates a precision mismatch.",True,True
FB_085_149EBAE9,FB_085_149EBAE9_H2,3,dollar_amount,"$1,174 million",$898 million,False,,True,True
FB_085_149EBAE9,FB_085_149EBAE9_H1,3,dollar_amount,"$1,905 million","$1,353 million",False,,False,False
FB_085_149EBAE9,FB_085_149EBAE9_H3,4,dollar_amount,"$1,174 million",$772 million,True,"The percentage decrease from $1,157 million to $772 million is calculated as ((1157 - 772) / 1157) * 100 = 33.26%, not 33.24%. The discrepancy is minor but indicates a precision mismatch.",True,True
FB_085_149EBAE9,FB_085_149EBAE9_H2,4,dollar_amount,"$1,174 million",$898 million,False,,True,True
FB_085_149EBAE9,FB_085_149EBAE9_H1,4,dollar_amount,"$1,905 million","$1,353 million",False,,False,False
FB_086_889F46BB,FB_086_889F46BB_H3,1,dollar_amount,"$93,775 million","$70,366 million",True,"The FY2021 Total Revenue figure of $70,366 million is suspicious because it is lower than the FY2020 Total Revenue of $82,584 million, which is unusual without a clear explanation for such a significant drop in revenue.",True,True
FB_086_889F46BB,FB_086_889F46BB_H2,1,dollar_amount,"$16,676 million","$22,612 million",False,,True,True
FB_086_889F46BB,FB_086_889F46BB_H1,1,dollar_amount,"$14,714 million","$8,873 million",False,,True,True
FB_086_889F46BB,FB_086_889F46BB_H3,2,dollar_amount,"$93,775 million","$70,366 million",True,"The calculated percentage change should be approximately 34.9%, but the exact calculation yields 34.92%. The rounding is not consistent with the precision of other figures.",True,True
FB_086_889F46BB,FB_086_889F46BB_H2,2,dollar_amount,"$16,676 million","$22,612 million",False,,True,True
FB_086_889F46BB,FB_086_889F46BB_H1,2,dollar_amount,"$14,714 million","$8,873 million",True,"The calculated percentage change should be approximately 135.4%, but the exact calculation yields 135.34%. The rounding is not consistent with the precision of other figures.",True,True
FB_086_889F46BB,FB_086_889F46BB_H3,3,dollar_amount,"$93,775 million","$70,366 million",True,"The increase from $70,366 million to $94,943 million is indeed $24,577 million, which is consistent. However, the percentage increase mentioned earlier does not align perfectly with this figure, suggesting a potential rounding or calculation inconsistency.",True,True
FB_086_889F46BB,FB_086_889F46BB_H2,3,dollar_amount,"$16,676 million","$22,612 million",False,,True,True
FB_086_889F46BB,FB_086_889F46BB_H1,3,dollar_amount,"$14,714 million","$8,873 million",False,,False,False
FB_086_889F46BB,FB_086_889F46BB_H3,4,dollar_amount,"$93,775 million","$70,366 million",False,,True,True
FB_086_889F46BB,FB_086_889F46BB_H2,4,dollar_amount,"$16,676 million","$22,612 million",True,"The percentage increase from $20,880 million to $22,612 million is approximately 8.3%, which is correct. However, the context of a previous 135.4% increase in net income from FY2020 to FY2021 seems unusually high and warrants further scrutiny.",True,True
FB_086_889F46BB,FB_086_889F46BB_H1,4,dollar_amount,"$14,714 million","$8,873 million",False,,False,False
FB_087_99FD2FB2,FB_087_99FD2FB2_H3,1,percentage,81.1%,70.3%,True,"The Gross Margin Percentage is calculated as Gross Profit / Total Revenue. For FY2022, Gross Profit is $77,068 million and Total Revenue is $94,943 million. The correct Gross Margin Percentage should be (77,068 / 94,943) * 100 = 81.2%, not 70.3%.",True,True
FB_087_99FD2FB2,FB_087_99FD2FB2_H2,1,dollar_amount,"$15,157 million","$20,998 million",False,,True,True
FB_087_99FD2FB2,FB_087_99FD2FB2_H1,1,dollar_amount,"$67,427 million","$84,991 million",True,"Gross Profit is calculated as Total Revenue - COGS. For FY2020, Total Revenue is $82,584 million and COGS is $20,998 million. The correct Gross Profit should be $82,584 - $20,998 = $61,586 million, not $84,991 million.",True,True
FB_087_99FD2FB2,FB_087_99FD2FB2_H3,2,percentage,81.1%,70.3%,True,"The calculated gross margin percentage for FY2021 using the provided figures (76,509 / 93,775) * 100 is approximately 81.6%, which matches the claim. However, the significant drop to 70.3% in FY2022 is suspicious given the relatively stable revenue and gross profit figures, suggesting a potential error or misstatement.",True,True
FB_087_99FD2FB2,FB_087_99FD2FB2_H2,2,dollar_amount,"$15,157 million","$20,998 million",False,,True,True
FB_087_99FD2FB2,FB_087_99FD2FB2_H1,2,dollar_amount,"$67,427 million","$84,991 million",True,"The calculation of the gross profit change from FY2020 to FY2021 is correct based on the provided figures. However, the large decrease in gross profit despite a stable gross margin percentage is suspicious and suggests a potential error in the figures.",True,True
FB_087_99FD2FB2,FB_087_99FD2FB2_H3,3,percentage,81.1%,70.3%,True,"The gross margin percentage calculated from the provided figures (Gross Profit = $77,068 million, Total Revenue = $94,943 million) is approximately 81.2%, not 70.3%. This suggests a calculation error or misstatement.",True,True
FB_087_99FD2FB2,FB_087_99FD2FB2_H2,3,dollar_amount,"$15,157 million","$20,998 million",False,,False,False
FB_087_99FD2FB2,FB_087_99FD2FB2_H1,3,dollar_amount,"$67,427 million","$84,991 million",False,,False,False
FB_087_99FD2FB2,FB_087_99FD2FB2_H3,4,percentage,81.1%,70.3%,True,"The gross margin percentage of 81.6% does not align with the provided revenue ($93,775 million) and gross profit ($76,509 million) figures for FY2021. The correct gross margin percentage should be calculated as (76,509 / 93,775) * 100 = 81.6%, which is consistent, but the discrepancy in the text suggests a need for clarification.",True,True
FB_087_99FD2FB2,FB_087_99FD2FB2_H2,4,dollar_amount,"$15,157 million","$20,998 million",False,,False,False
FB_087_99FD2FB2,FB_087_99FD2FB2_H1,4,dollar_amount,"$67,427 million","$84,991 million",False,,False,False
FB_088_DD231ABD,FB_088_DD231ABD_H3,1,dollar_amount,"$94,943 million","$130,473 million",False,,True,True
FB_088_DD231ABD,FB_088_DD231ABD_H2,1,dollar_amount,"$15,120 million","$19,470 million",False,,True,True
FB_088_DD231ABD,FB_088_DD231ABD_H1,1,dollar_amount,"$14,230 million","$18,618 million",False,,True,True
FB_088_DD231ABD,FB_088_DD231ABD_H3,2,dollar_amount,"$94,943 million","$130,473 million",True,"The revenue increase from $93,775 million to $130,473 million represents a 39.1% increase, which is unusually high for a company of Johnson & Johnson's size and market position. Such a large percentage increase in revenue year-over-year is atypical for a mature company in the healthcare sector.",True,True
FB_088_DD231ABD,FB_088_DD231ABD_H2,2,dollar_amount,"$15,120 million","$19,470 million",True,"The decrease in inventory from $19,470 million to $16,790 million, representing a 13.7% reduction, is plausible but significant. Such a large reduction in inventory could indicate strategic changes or operational issues that require further investigation.",True,True
FB_088_DD231ABD,FB_088_DD231ABD_H1,2,dollar_amount,"$14,230 million","$18,618 million",True,"The decrease in inventory from $19,470 million to $16,790 million, representing a 13.7% reduction, is plausible but significant. Such a large reduction in inventory could indicate strategic changes or operational issues that require further investigation.",True,True
FB_088_DD231ABD,FB_088_DD231ABD_H3,3,dollar_amount,"$94,943 million","$130,473 million",True,"The inventory turnover ratio is calculated using total revenue divided by average inventory. The text uses ending inventory instead of average inventory, which is not standard practice. Typically, average inventory is calculated as (beginning inventory + ending inventory) / 2. This discrepancy makes the turnover ratio calculation suspicious.",True,True
FB_088_DD231ABD,FB_088_DD231ABD_H2,3,dollar_amount,"$15,120 million","$19,470 million",False,,True,True
FB_088_DD231ABD,FB_088_DD231ABD_H1,3,dollar_amount,"$14,230 million","$18,618 million",False,,True,True
FB_088_DD231ABD,FB_088_DD231ABD_H3,4,dollar_amount,"$94,943 million","$130,473 million",True,"The revenue figures for FY2021 and FY2022 are consistent with the reported increase of $36,698 million. This increase is plausible given the context.",True,True
FB_088_DD231ABD,FB_088_DD231ABD_H2,4,dollar_amount,"$15,120 million","$19,470 million",True,"The decline from $19,470 million to $16,790 million is indeed $2,680 million, which matches the reported figures.",True,True
FB_088_DD231ABD,FB_088_DD231ABD_H1,4,dollar_amount,"$14,230 million","$18,618 million",False,,True,True
FB_089_CF6163C6,FB_089_CF6163C6_H2,1,dollar_amount,$2.35 ,$3.05 ,False,,True,True
FB_089_CF6163C6,FB_089_CF6163C6_H1,1,percentage,22.8%,31.6%,True,The calculation of growth from FY2020 to FY2021 is incorrect. The correct calculation should be ((9.77 - 7.95) / 7.95) * 100 = 22.89%.,True,True
FB_089_CF6163C6,FB_089_CF6163C6_H2,2,dollar_amount,$2.35 ,$3.05 ,False,,True,True
FB_089_CF6163C6,FB_089_CF6163C6_H1,2,percentage,22.8%,31.6%,True,"The calculated growth rate of 22.9% from $7.95 to $9.77 is accurate based on the provided formula and numbers. However, the industry average growth rate is stated as 5% to 10%, making this figure unusually high and worth further verification.",False,True
FB_089_CF6163C6,FB_089_CF6163C6_H2,3,dollar_amount,$2.35 ,$3.05 ,True,"The Q4 EPS of $3.05 seems inconsistent with the full-year EPS of $9.77 if the full-year EPS is unchanged from FY2021. Typically, Q4 EPS would need to be significantly higher or lower to maintain the same annual EPS if there were fluctuations in previous quarters.",True,True
FB_089_CF6163C6,FB_089_CF6163C6_H1,3,percentage,22.8%,31.6%,True,"The growth rate calculation from $7.95 in FY2020 to $9.77 in FY2021 is correct, but the context of such a high growth rate followed by zero growth is unusual and warrants further investigation into the factors causing such a drastic change.",False,True
FB_089_CF6163C6,FB_089_CF6163C6_H2,4,dollar_amount,$2.35 ,$3.05 ,True,"The Q4 EPS of $3.05 seems plausible, but without additional quarterly data, it's difficult to verify if this accurately results in a full-year EPS of $9.77. The precision of the Q4 figure is also suspiciously exact.",True,True
FB_089_CF6163C6,FB_089_CF6163C6_H1,4,percentage,22.8%,31.6%,True,"The growth rate calculation from $7.95 to $9.77 is indeed approximately 22.9%, which is consistent with the provided figures. However, the precision of the growth rate is suspiciously exact given the context of the report.",False,True
FB_090_72CFB567,FB_090_72CFB567_H3,1,dollar_amount,"$46,211 million","$62,980 million",True,The formula used for calculating growth is incorrect. The correct formula should be (FY2022 Sales - FY2021 Sales) / FY2021 Sales. The numbers used in the formula do not match the provided sales figures for FY2021 and FY2022.,True,True
FB_090_72CFB567,FB_090_72CFB567_H2,1,dollar_amount,"$34,678 million","$48,060 million",True,The formula used for calculating growth is incorrect. The correct formula should be (FY2022 Sales - FY2021 Sales) / FY2021 Sales. The numbers used in the formula do not match the provided sales figures for FY2021 and FY2022.,True,True
FB_090_72CFB567,FB_090_72CFB567_H1,1,dollar_amount,"$34,678 million","$40,543 million",True,The formula used for calculating growth is incorrect. The correct formula should be (FY2022 Sales - FY2021 Sales) / FY2021 Sales. The numbers used in the formula do not match the provided sales figures for FY2021 and FY2022.,True,True
FB_090_72CFB567,FB_090_72CFB567_H3,2,dollar_amount,"$46,211 million","$62,980 million",False,,False,False
FB_090_72CFB567,FB_090_72CFB567_H2,2,dollar_amount,"$34,678 million","$48,060 million",False,,False,False
FB_090_72CFB567,FB_090_72CFB567_H1,2,dollar_amount,"$34,678 million","$40,543 million",False,,False,False
FB_090_72CFB567,FB_090_72CFB567_H3,3,dollar_amount,"$46,211 million","$62,980 million",False,,False,False
FB_090_72CFB567,FB_090_72CFB567_H2,3,dollar_amount,"$34,678 million","$48,060 million",False,,False,False
FB_090_72CFB567,FB_090_72CFB567_H1,3,dollar_amount,"$34,678 million","$40,543 million",False,,False,False
FB_090_72CFB567,FB_090_72CFB567_H3,4,dollar_amount,"$46,211 million","$62,980 million",False,,False,False
FB_090_72CFB567,FB_090_72CFB567_H2,4,dollar_amount,"$34,678 million","$48,060 million",False,,False,False
FB_090_72CFB567,FB_090_72CFB567_H1,4,dollar_amount,"$34,678 million","$40,543 million",False,,False,False
FB_091_82F6C167,FB_091_82F6C167_H3,1,dollar_amount,"$3,694 million","$4,690 million",True,"The revenue for Q2 2023 is significantly higher than the previous years, showing an almost doubling from Q2 2022. This large increase in a single year is unusual and warrants verification.",True,True
FB_091_82F6C167,FB_091_82F6C167_H2,1,dollar_amount,"$3,650 million","$2,388 million",True,"The revenue for Q2 2022 is slightly lower than Q2 2021, which is plausible, but given the large increase in Q2 2023, this figure should be verified for consistency.",True,True
FB_091_82F6C167,FB_091_82F6C167_H1,1,dollar_amount,"$3,580 million","$2,481 million",True,"The revenue for Q2 2022 is slightly lower than Q2 2021, which is plausible, but given the large increase in Q2 2023, this figure should be verified for consistency.",True,True
FB_091_82F6C167,FB_091_82F6C167_H3,2,dollar_amount,"$3,694 million","$4,690 million",False,,True,True
FB_091_82F6C167,FB_091_82F6C167_H2,2,dollar_amount,"$3,650 million","$2,388 million",True,"The percentage change calculation is incorrect. The correct calculation should be (2,302/2,388) × 100 ≈ 96.4%.",True,True
FB_091_82F6C167,FB_091_82F6C167_H1,2,dollar_amount,"$3,580 million","$2,481 million",True,"The percentage change calculation is incorrect. The correct calculation should be (2,209/2,481) × 100 ≈ 89.0%, which is accurate, but the context of such a high growth rate is suspicious given typical industry growth rates.",True,True
FB_091_82F6C167,FB_091_82F6C167_H3,3,dollar_amount,"$3,694 million","$4,690 million",True,"The percentage increase from $2,388 million in Q2 2022 to $4,690 million in Q2 2023 is calculated as (($4,690 - $2,388) / $2,388) * 100 = 96.4%, not 96.7%.",True,True
FB_091_82F6C167,FB_091_82F6C167_H2,3,dollar_amount,"$3,650 million","$2,388 million",False,,True,True
FB_091_82F6C167,FB_091_82F6C167_H1,3,dollar_amount,"$3,580 million","$2,481 million",False,,True,True
FB_091_82F6C167,FB_091_82F6C167_H3,4,dollar_amount,"$3,694 million","$4,690 million",False,,True,True
FB_091_82F6C167,FB_091_82F6C167_H2,4,dollar_amount,"$3,650 million","$2,388 million",False,,True,True
FB_091_82F6C167,FB_091_82F6C167_H1,4,dollar_amount,"$3,580 million","$2,481 million",False,,True,True
FB_092_1FF70EDD,FB_092_1FF70EDD_H1,1,dollar_amount,$13.0 billion,$16.9 billion,True,"The figure of $16.9 billion for the gain from the separation of a business segment is unusually high without additional context or supporting data. Typically, such a significant gain would be accompanied by detailed financial metrics or explanations in the filing, which are reportedly absent here.",True,True
FB_092_1FF70EDD,FB_092_1FF70EDD_H1,2,dollar_amount,$13.0 billion,$16.9 billion,True,"The calculation of the percentage gain impact is incorrect. The correct calculation should be (16.9 / 93.77) x 100 ≈ 18.02%, not 18.01%.",True,True
FB_092_1FF70EDD,FB_092_1FF70EDD_H1,3,dollar_amount,$13.0 billion,$16.9 billion,False,,True,True
FB_092_1FF70EDD,FB_092_1FF70EDD_H1,4,dollar_amount,$13.0 billion,$16.9 billion,False,,True,True
FB_093_3013F02B,FB_093_3013F02B_H1,1,dollar_amount,"$3,500 million","$4,412 million",False,,True,True
FB_093_3013F02B,FB_093_3013F02B_H1,2,dollar_amount,"$3,500 million","$4,412 million",True,"The calculation of the cash ratio is correct based on the provided numbers. However, the precision of 0.8137 seems unusually high for a financial ratio, which is typically rounded to two decimal places (e.g., 0.81 or 81%).",True,True
FB_093_3013F02B,FB_093_3013F02B_H1,3,dollar_amount,"$3,500 million","$4,412 million",True,"The calculation of the cash ratio is incorrect. The correct calculation should be (20,000 + 4,412) / 30,000 = 0.8140667, which rounds to 0.8141 or 81.41%. The discrepancy suggests a precision mismatch.",True,True
FB_093_3013F02B,FB_093_3013F02B_H1,4,dollar_amount,"$3,500 million","$4,412 million",True,"The calculation of the cash ratio is incorrect. The correct calculation should be (24,412 / 30,000) = 0.8137333, which rounds to 0.814 or 81.4%. The discrepancy is minor but should be noted for precision.",True,True
FB_094_62DF77C2,FB_094_62DF77C2_H3,1,dollar_amount,"$24,000 million","$32,304 million",True,"There is an inconsistency between the stated sales figure of $32,304 million and the supporting data which lists sales as $24,000 million.",True,True
FB_094_62DF77C2,FB_094_62DF77C2_H2,1,percentage,19.87%,26.36%,True,"The calculation is incorrect. $4,691 million / $23,600 million * 100 equals 19.87%, not 26.36%.",True,True
FB_094_62DF77C2,FB_094_62DF77C2_H1,1,percentage,19.87%,25.10%,True,"The calculation is incorrect. $4,691 million / $23,600 million * 100 equals 19.87%, not 26.36%.",True,True
FB_094_62DF77C2,FB_094_62DF77C2_H3,2,dollar_amount,"$24,000 million","$32,304 million",False,,True,True
FB_094_62DF77C2,FB_094_62DF77C2_H2,2,percentage,19.87%,26.36%,True,The reported net earnings as a percentage of sales for Q2 FY2022 (26.36%) does not match the computed value of 19.87%. This discrepancy suggests an error in the reported figure.,True,True
FB_094_62DF77C2,FB_094_62DF77C2_H1,2,percentage,19.87%,25.10%,True,The reported net earnings as a percentage of sales for Q2 FY2022 (26.36%) does not match the computed value of 19.87%. This discrepancy suggests an error in the reported figure.,True,True
FB_094_62DF77C2,FB_094_62DF77C2_H3,3,dollar_amount,"$24,000 million","$32,304 million",False,,True,True
FB_094_62DF77C2,FB_094_62DF77C2_H2,3,percentage,19.87%,26.36%,True,"The net earnings percentage for Q2 FY2022 should be (4,691 / 23,600) * 100 = 19.88%, not 19.87%.",False,True
FB_094_62DF77C2,FB_094_62DF77C2_H1,3,percentage,19.87%,25.10%,True,"The net earnings percentage for Q2 FY2022 should be (4,691 / 23,600) * 100 = 19.88%, not 19.87%.",True,True
FB_094_62DF77C2,FB_094_62DF77C2_H3,4,dollar_amount,"$24,000 million","$32,304 million",False,,True,True
FB_094_62DF77C2,FB_094_62DF77C2_H2,4,percentage,19.87%,26.36%,False,,False,False
FB_094_62DF77C2,FB_094_62DF77C2_H1,4,percentage,19.87%,25.10%,False,,True,True
FB_095_25B2B23C,FB_095_25B2B23C_H2,1,dollar_amount,"$14,170 million","$9,112 million",True,"The claim states that the 'Corporate & Investment Bank' segment had the lowest net revenue, but the 'Commercial Banking' segment reported a lower net revenue of $1,154 million. This is an internal inconsistency.",True,True
FB_095_25B2B23C,FB_095_25B2B23C_H1,1,dollar_amount,"$4,020 million","$5,399 million",False,,True,True
FB_095_25B2B23C,FB_095_25B2B23C_H2,2,dollar_amount,"$14,170 million","$9,112 million",True,"The claim that Corporate & Investment Bank has the lowest net revenue is incorrect as Commercial Banking has lower revenue at $1,154 million.",True,True
FB_095_25B2B23C,FB_095_25B2B23C_H1,2,dollar_amount,"$4,020 million","$5,399 million",False,,True,True
FB_095_25B2B23C,FB_095_25B2B23C_H2,3,dollar_amount,"$14,170 million","$9,112 million",True,"The percentage calculation is incorrect. $9,112M as a percentage of the reported total net revenue of $28,083M is approximately 32.4%, but the discrepancy in total revenue figures makes this percentage suspect.",True,True
FB_095_25B2B23C,FB_095_25B2B23C_H1,3,dollar_amount,"$4,020 million","$5,399 million",True,"The percentage calculation is incorrect. $5,399M as a percentage of the reported total net revenue of $28,083M is approximately 19.2%, but the discrepancy in total revenue figures makes this percentage suspect.",True,True
FB_095_25B2B23C,FB_095_25B2B23C_H2,4,dollar_amount,"$14,170 million","$9,112 million",True,"The percentage is calculated as ($9,112 million / $28,083 million) * 100 = 32.45%, which rounds to 32.4%, so this is accurate.",True,True
FB_095_25B2B23C,FB_095_25B2B23C_H1,4,dollar_amount,"$4,020 million","$5,399 million",True,"The percentage is calculated as ($5,399 million / $28,083 million) * 100 = 19.22%, which rounds to 19.2%, so this is accurate.",True,True
FB_096_3F49DA9A,FB_096_3F49DA9A_H3,1,dollar_amount,"$3,478,000 million","$2,632,855 million",False,,True,True
FB_096_3F49DA9A,FB_096_3F49DA9A_H2,1,dollar_amount,"$208,000 million","$126,259 million",True,"The calculation of Shareholders' Equity as Total Assets minus Total Liabilities should be $1,053,145 million ($3,686,000 million - $2,632,855 million), not $126,259 million. This discrepancy suggests a significant error in the reported figure.",True,True
FB_096_3F49DA9A,FB_096_3F49DA9A_H1,1,large_number,"3,000","1,899",False,,True,True
FB_096_3F49DA9A,FB_096_3F49DA9A_H3,2,dollar_amount,"$3,478,000 million","$2,632,855 million",True,"The Debt-to-Equity Ratio calculation uses the incorrect Shareholders' Equity value. Using the correct Shareholders' Equity of $1,053,145 million, the ratio should be approximately 2.5, but the context suggests a comparison with the incorrect equity value.",True,True
FB_096_3F49DA9A,FB_096_3F49DA9A_H2,2,dollar_amount,"$208,000 million","$126,259 million",True,"The reported Shareholders' Equity does not match the calculated value based on Total Assets and Total Liabilities. The correct calculation should be $1,053,145 million.",True,True
FB_096_3F49DA9A,FB_096_3F49DA9A_H1,2,large_number,"3,000","1,899",True,"The calculated per-share distribution is incorrect. Dividing the Net Liquidation Value of $1,053,145 million by 1,899 million shares should result in approximately $554 per share, not $554,000.",True,True
FB_096_3F49DA9A,FB_096_3F49DA9A_H3,3,dollar_amount,"$3,478,000 million","$2,632,855 million",False,,True,True
FB_096_3F49DA9A,FB_096_3F49DA9A_H2,3,dollar_amount,"$208,000 million","$126,259 million",True,"The discrepancy between the reported shareholders' equity of $126,259 million and the calculated net assets of $1,053,145 million is significant and suggests a potential error or misstatement in the financial report.",True,True
FB_096_3F49DA9A,FB_096_3F49DA9A_H1,3,large_number,"3,000","1,899",False,,True,True
FB_096_3F49DA9A,FB_096_3F49DA9A_H3,4,dollar_amount,"$3,478,000 million","$2,632,855 million",False,,True,True
FB_096_3F49DA9A,FB_096_3F49DA9A_H2,4,dollar_amount,"$208,000 million","$126,259 million",False,,True,True
FB_096_3F49DA9A,FB_096_3F49DA9A_H1,4,large_number,"3,000","1,899",False,,True,True
FB_097_2BA7758E,FB_097_2BA7758E_H2,1,percentage,76.8%,69.6%,True,"Gross margin is not a typical metric for financial institutions like JPMorgan Chase, as they do not have a traditional COGS. This figure is suspicious as it may not be reported in the 10-K in this manner.",True,True
FB_097_2BA7758E,FB_097_2BA7758E_H1,1,percentage,76.8%,70.4%,True,"Gross margin is not a typical metric for financial institutions like JPMorgan Chase, as they do not have a traditional COGS. This figure is suspicious as it may not be reported in the 10-K in this manner.",True,True
FB_097_2BA7758E,FB_097_2BA7758E_H2,2,percentage,76.8%,69.6%,True,"Gross margin is not a standard metric for banks like JPMorgan Chase, as they do not have a 'cost of goods sold' in the traditional sense. This figure is likely not applicable or accurate for a financial institution.",True,True
FB_097_2BA7758E,FB_097_2BA7758E_H1,2,percentage,76.8%,70.4%,True,"Gross margin is not a standard metric for banks like JPMorgan Chase, as they do not have a 'cost of goods sold' in the traditional sense. This figure is likely not applicable or accurate for a financial institution.",True,True
FB_097_2BA7758E,FB_097_2BA7758E_H2,3,percentage,76.8%,69.6%,True,"The absolute decrease from 76.5% to 69.6% is 6.9%, but the percentage decline should be calculated as (76.5% - 69.6%) / 76.5% = 9.02%. The calculation seems correct, but the phrasing is misleading as it suggests two different types of percentage changes.",True,True
FB_097_2BA7758E,FB_097_2BA7758E_H1,3,percentage,76.8%,70.4%,False,,True,True
FB_097_2BA7758E,FB_097_2BA7758E_H2,4,percentage,76.8%,69.6%,True,"The text states an absolute decrease of 6.9%, which is incorrect terminology. The absolute decrease in percentage points is 6.9, but the percentage decline is correctly calculated as 9.02%. The terminology should be clarified to avoid confusion.",True,True
FB_097_2BA7758E,FB_097_2BA7758E_H1,4,percentage,76.8%,70.4%,False,,True,True
FB_098_7154A728,FB_098_7154A728_H2,1,dollar_amount,"$1,000 million",$801 million,False,,True,True
FB_098_7154A728,FB_098_7154A728_H1,1,dollar_amount,"$8,640 million","$12,001 million",True,"The sum of the net incomes for the segments provided (Consumer & Community Banking: $3,440 million, Corporate & Investment Bank: $3,200 million, Commercial Banking: $801 million, Asset & Wealth Management: $1,000 million) is $8,441 million, which does not match the total net income of $12,001 million. There is a discrepancy of $3,560 million.",False,True
FB_098_7154A728,FB_098_7154A728_H2,2,dollar_amount,"$1,000 million",$801 million,True,"The percentage calculation is based on the incorrect total net income of $12,001 million. The correct percentage should be calculated using the sum of the segments' net incomes ($8,441 million).",True,True
FB_098_7154A728,FB_098_7154A728_H1,2,dollar_amount,"$8,640 million","$12,001 million",True,"The sum of the net incomes by segment ($3,440M + $3,200M + $801M + $1,000M = $8,441M) does not match the total net income reported ($12,001M). This discrepancy suggests an error in the reported total net income.",False,True
FB_098_7154A728,FB_098_7154A728_H2,3,dollar_amount,"$1,000 million",$801 million,True,"The percentage calculation is incorrect. $801 million as a percentage of $12,001 million is approximately 6.67%. The discrepancy is minor but should be noted for accuracy.",True,True
FB_098_7154A728,FB_098_7154A728_H1,3,dollar_amount,"$8,640 million","$12,001 million",False,,False,False
FB_098_7154A728,FB_098_7154A728_H2,4,dollar_amount,"$1,000 million",$801 million,True,"The percentage calculation is correct, but the text incorrectly states it as incorrect.",True,True
FB_098_7154A728,FB_098_7154A728_H1,4,dollar_amount,"$8,640 million","$12,001 million",True,The percentage calculation is incorrect based on the provided figures. The correct calculation is 28.66%.,False,True
FB_099_6BE111D5,FB_099_6BE111D5_H3,1,dollar_amount,$23 million,$18 million,True,"The VaR figure of $18 million for Q2 2023 seems low compared to the previous year's $25 million, especially given the significant decrease in trading revenue from $9,150 million in Q2 2022 to $6,231 million in Q2 2023. Typically, a decrease in trading revenue might correlate with a decrease in risk exposure, but the magnitude of the VaR drop seems disproportionate.",True,True
FB_099_6BE111D5,FB_099_6BE111D5_H2,1,dollar_amount,"$7,500 million","$6,231 million",True,"The trading revenue figure of $6,231 million for Q2 2023 represents a significant decrease from the previous year's $9,150 million. While plausible, such a large drop warrants further investigation into market conditions or strategic changes.",True,True
FB_099_6BE111D5,FB_099_6BE111D5_H1,1,dollar_amount,"$7,200 million","$9,150 million",True,"The trading revenue figure of $9,150 million for Q2 2022 is consistent with typical revenue figures for a large financial institution like JPMorgan Chase. However, without additional context, it's difficult to fully assess the accuracy.",True,True
FB_099_6BE111D5,FB_099_6BE111D5_H3,2,dollar_amount,$23 million,$18 million,False,,True,True
FB_099_6BE111D5,FB_099_6BE111D5_H2,2,dollar_amount,"$7,500 million","$6,231 million",True,"The calculation of the VaR to Trading Revenue Ratio for Q2 2023 is correct, but the slight increase in the ratio despite a decrease in both VaR and trading revenue suggests a relative increase in risk per dollar of trading revenue, which may be concerning.",True,True
FB_099_6BE111D5,FB_099_6BE111D5_H1,2,dollar_amount,"$7,200 million","$9,150 million",True,"The calculation of percentage change in trading revenue is correct based on the provided figures, but a 31.9% decrease in trading revenue is substantial and may indicate significant changes in market conditions or company strategy.",True,True
FB_099_6BE111D5,FB_099_6BE111D5_H3,3,dollar_amount,$23 million,$18 million,False,,True,True
FB_099_6BE111D5,FB_099_6BE111D5_H2,3,dollar_amount,"$7,500 million","$6,231 million",True,"The decrease from $9,150 million to $6,231 million is actually approximately 31.9%, which is correct. However, the precision of the percentage is suspiciously high given the round nature of the revenue figures.",True,True
FB_099_6BE111D5,FB_099_6BE111D5_H1,3,dollar_amount,"$7,200 million","$9,150 million",True,"The decrease from $9,150 million to $6,231 million is actually approximately 31.9%, which is correct. However, the precision of the percentage is suspiciously high given the round nature of the revenue figures.",True,True
FB_099_6BE111D5,FB_099_6BE111D5_H3,4,dollar_amount,$23 million,$18 million,False,,True,True
FB_099_6BE111D5,FB_099_6BE111D5_H2,4,dollar_amount,"$7,500 million","$6,231 million",False,,True,True
FB_099_6BE111D5,FB_099_6BE111D5_H1,4,dollar_amount,"$7,200 million","$9,150 million",False,,True,True
FB_100_6814F36E,FB_100_6814F36E_H2,1,dollar_amount,"$1,748 million","$1,172 million",False,,True,True
FB_100_6814F36E,FB_100_6814F36E_H1,1,dollar_amount,"$1,698 million","$2,011 million",True,"The calculation of average inventory is incorrect. The correct average should be ($1,648 million + $1,172 million) / 2 = $1,410 million.",True,True
FB_100_6814F36E,FB_100_6814F36E_H2,2,dollar_amount,"$1,748 million","$1,172 million",True,"The percentage change calculation is incorrect. The correct calculation should be ((1,172 - 1,648) / 1,648) * 100 = -28.9%. However, the actual percentage change is approximately -28.9%, which is correct. The calculation method was correct, but the explanation was redundant.",True,True
FB_100_6814F36E,FB_100_6814F36E_H1,2,dollar_amount,"$1,698 million","$2,011 million",False,,False,False
FB_100_6814F36E,FB_100_6814F36E_H2,3,dollar_amount,"$1,748 million","$1,172 million",True,"The percentage decrease from $1,648 million to $1,172 million is actually approximately 28.9%, which is correctly calculated. However, the context of such a large decrease in inventory levels is unusual and warrants further investigation.",True,True
FB_100_6814F36E,FB_100_6814F36E_H1,3,dollar_amount,"$1,698 million","$2,011 million",False,,False,False
FB_100_6814F36E,FB_100_6814F36E_H2,4,dollar_amount,"$1,748 million","$1,172 million",True,"The percentage decrease from $1,648 million to $1,172 million is calculated as approximately 28.9%, which is accurate. However, the context of such a large decrease should be scrutinized for potential operational issues.",True,True
FB_100_6814F36E,FB_100_6814F36E_H1,4,dollar_amount,"$1,698 million","$2,011 million",False,,False,False
FB_101_79109208,FB_101_79109208_H2,1,dollar_amount,"$45,200 million","$37,987 million",True,"The calculation of average total assets is incorrect. The correct calculation should be ($45,200 million + $48,400 million) / 2 = $46,800 million.",True,True
FB_101_79109208,FB_101_79109208_H1,1,dollar_amount,"$46,800 million","$64,022 million",True,"The calculation of average total assets is incorrect. The correct calculation should be ($45,200 million + $48,400 million) / 2 = $46,800 million.",True,True
FB_101_79109208,FB_101_79109208_H2,2,dollar_amount,"$45,200 million","$37,987 million",True,"The calculation of average total assets is incorrect. The correct calculation should be (45,200 million + 48,400 million) / 2 = 46,800 million, which is accurate. However, the text incorrectly states the result as 46,800 million, which is correct.",False,True
FB_101_79109208,FB_101_79109208_H1,2,dollar_amount,"$46,800 million","$64,022 million",True,"The calculation of average total assets is incorrect. The correct calculation should be (45,200 million + 48,400 million) / 2 = 46,800 million, which is accurate. However, the text incorrectly states the result as 46,800 million, which is correct.",False,True
FB_101_79109208,FB_101_79109208_H2,3,dollar_amount,"$45,200 million","$37,987 million",False,,False,False
FB_101_79109208,FB_101_79109208_H1,3,dollar_amount,"$46,800 million","$64,022 million",True,The revenue figure should be cross-verified with Lockheed Martin's official 10-K filing for FY2020 to ensure accuracy.,False,True
FB_101_79109208,FB_101_79109208_H2,4,dollar_amount,"$45,200 million","$37,987 million",False,,False,False
FB_101_79109208,FB_101_79109208_H1,4,dollar_amount,"$46,800 million","$64,022 million",True,"The revenue figure is highly precise, which is unusual for a summary report. Typically, such figures are rounded to the nearest hundred million or billion in high-level reports.",False,True
FB_102_F5764A3D,FB_102_F5764A3D_H2,1,dollar_amount,"$22,189 million","$16,467 million",True,"The calculation of Net Working Capital using the provided Total Current Assets ($36,134 million) and Total Current Liabilities ($13,945 million) should result in $22,189 million, not $16,467 million.",True,True
FB_102_F5764A3D,FB_102_F5764A3D_H1,1,dollar_amount,"$12,242 million","$14,968 million",True,"The calculation of Net Working Capital using the provided FY2019 Total Current Assets ($32,200 million) and Total Current Liabilities ($14,968 million) should result in $17,232 million, not $19,958 million.",True,True
FB_102_F5764A3D,FB_102_F5764A3D_H2,2,dollar_amount,"$22,189 million","$16,467 million",True,"The calculated net working capital for FY2021 using the provided total current assets and liabilities should be $22,189 million (36,134 - 13,945), not $16,467 million.",True,True
FB_102_F5764A3D,FB_102_F5764A3D_H1,2,dollar_amount,"$12,242 million","$14,968 million",True,The calculation of the current ratio for FY2019 is correct based on the provided figures.,True,True
FB_102_F5764A3D,FB_102_F5764A3D_H2,3,dollar_amount,"$22,189 million","$16,467 million",True,"The percentage decline from $23,514 million to $16,467 million is not approximately 29.96%. The correct percentage decline is approximately 29.96% when calculated as (23,514 - 16,467) / 23,514 * 100 = 29.96%. However, the text should clarify that this is an approximation.",True,True
FB_102_F5764A3D,FB_102_F5764A3D_H1,3,dollar_amount,"$12,242 million","$14,968 million",False,,False,False
FB_102_F5764A3D,FB_102_F5764A3D_H2,4,dollar_amount,"$22,189 million","$16,467 million",True,"The calculation provided is incorrect. The correct percentage decline should be calculated as [(23,514 - 16,467) / 23,514] × 100 = 29.96%. However, the text states it was corrected from 29.96% to 29.96%, which is inconsistent.",True,True
FB_102_F5764A3D,FB_102_F5764A3D_H1,4,dollar_amount,"$12,242 million","$14,968 million",False,,False,False
FB_103_98E6E9E2,FB_103_98E6E9E2_H2,1,dollar_amount,"$65,398 million","$90,117 million",True,"The FY2020 Total Revenue is inconsistent with the supporting data which states $65,398 million. This discrepancy suggests an error in the reported figure.",True,True
FB_103_98E6E9E2,FB_103_98E6E9E2_H1,1,dollar_amount,"$67,045 million","$87,879 million",True,"The FY2020 Total Revenue is inconsistent with the supporting data which states $65,398 million. This discrepancy suggests an error in the reported figure.",True,True
FB_103_98E6E9E2,FB_103_98E6E9E2_H2,2,dollar_amount,"$65,398 million","$90,117 million",False,,False,False
FB_103_98E6E9E2,FB_103_98E6E9E2_H1,2,dollar_amount,"$67,045 million","$87,879 million",False,,False,False
FB_103_98E6E9E2,FB_103_98E6E9E2_H2,3,dollar_amount,"$65,398 million","$90,117 million",True,"The revenue figures are consistent with the described trend, but the marginal decrease of $1 million from FY2021 to FY2022 is unusually small and may not be significant enough to warrant concern without additional context.",False,True
FB_103_98E6E9E2,FB_103_98E6E9E2_H1,3,dollar_amount,"$67,045 million","$87,879 million",True,"The revenue figures are consistent with the described trend, but the marginal decrease of $1 million from FY2021 to FY2022 is unusually small and may not be significant enough to warrant concern without additional context.",False,True
FB_103_98E6E9E2,FB_103_98E6E9E2_H2,4,dollar_amount,"$65,398 million","$90,117 million",False,,False,False
FB_103_98E6E9E2,FB_103_98E6E9E2_H1,4,dollar_amount,"$67,045 million","$87,879 million",False,,False,False
FB_104_AE0FFD33,FB_104_AE0FFD33_H3,1,dollar_amount,"$1,479 million",$952 million,True,"The decrease from $1,050 million in FY2017 to $952 million in FY2018 represents a decrease of approximately 9.33%. This is a plausible decrease, but without additional context on industry trends or company-specific events, it is flagged for further verification.",True,True
FB_104_AE0FFD33,FB_104_AE0FFD33_H2,1,dollar_amount,"$1,379 million","$1,050 million",True,"The decrease from $1,084 million in FY2016 to $1,050 million in FY2017 represents a decrease of approximately 3.14%. This is a plausible decrease, but it is flagged for further verification to ensure consistency with industry trends.",True,True
FB_104_AE0FFD33,FB_104_AE0FFD33_H1,1,dollar_amount,"$1,295 million","$1,084 million",True,"The decrease from $1,084 million in FY2016 to $1,050 million in FY2017 represents a decrease of approximately 3.14%. This is a plausible decrease, but it is flagged for further verification to ensure consistency with industry trends.",True,True
FB_104_AE0FFD33,FB_104_AE0FFD33_H3,2,dollar_amount,"$1,479 million",$952 million,False,,True,True
FB_104_AE0FFD33,FB_104_AE0FFD33_H2,2,dollar_amount,"$1,379 million","$1,050 million",False,,True,True
FB_104_AE0FFD33,FB_104_AE0FFD33_H1,2,dollar_amount,"$1,295 million","$1,084 million",False,,True,True
FB_104_AE0FFD33,FB_104_AE0FFD33_H3,3,dollar_amount,"$1,479 million",$952 million,True,"The percentage decrease from $1,050 million to $952 million is actually approximately 9.33%, which is correct. However, the precision of the percentage is suspiciously high given the round nature of the base figures.",True,True
FB_104_AE0FFD33,FB_104_AE0FFD33_H2,3,dollar_amount,"$1,379 million","$1,050 million",True,"The percentage decrease from $1,050 million to $952 million is actually approximately 9.33%, which is correct. However, the precision of the percentage is suspiciously high given the round nature of the base figures.",True,True
FB_104_AE0FFD33,FB_104_AE0FFD33_H1,3,dollar_amount,"$1,295 million","$1,084 million",True,"The text states a decrease from $1,084 million in FY2016 to $1,050 million in FY2017, which is a $34 million decrease. The percentage decrease is stated as 3.14%, which is accurate. However, the precision of the percentage is suspiciously high given the round nature of the base figures.",True,True
FB_104_AE0FFD33,FB_104_AE0FFD33_H3,4,dollar_amount,"$1,479 million",$952 million,False,,True,True
FB_104_AE0FFD33,FB_104_AE0FFD33_H2,4,dollar_amount,"$1,379 million","$1,050 million",False,,True,True
FB_104_AE0FFD33,FB_104_AE0FFD33_H1,4,dollar_amount,"$1,295 million","$1,084 million",False,,True,True
FB_105_61DCE693,FB_105_61DCE693_H3,1,dollar_amount,"$12,865 million","$8,743 million",False,,True,True
FB_105_61DCE693,FB_105_61DCE693_H2,1,dollar_amount,"$13,165 million","$17,790 million",True,"The FY2019 Total Revenue figure is implausibly high compared to FY2018 and FY2020, suggesting a potential error or misreporting.",True,True
FB_105_61DCE693,FB_105_61DCE693_H1,1,percentage,19.74%,12.12%,True,"The calculation of Capex as a percentage of revenue is correct based on the provided figures, but the trend is inconsistent with previous years.",True,True
FB_105_61DCE693,FB_105_61DCE693_H3,2,dollar_amount,"$12,865 million","$8,743 million",True,The percentage change in revenue from FY2018 to FY2019 is unusually high and should be cross-verified with external data sources.,True,True
FB_105_61DCE693,FB_105_61DCE693_H2,2,dollar_amount,"$13,165 million","$17,790 million",True,"The revenue figure for FY2019 is more than double the FY2018 figure, which is an unusually large increase for a single year without a clear explanation or context provided.",True,True
FB_105_61DCE693,FB_105_61DCE693_H1,2,percentage,19.74%,12.12%,True,"The calculated percentage is correct, but the high capex relative to revenue in FY2020 is unusual and should be verified against industry norms and company strategy.",False,True
FB_105_61DCE693,FB_105_61DCE693_H3,3,dollar_amount,"$12,865 million","$8,743 million",False,,True,True
FB_105_61DCE693,FB_105_61DCE693_H2,3,dollar_amount,"$13,165 million","$17,790 million",True,"The revenue for FY2019 is significantly higher than FY2018 and FY2020, which is unusual without context. This could be due to a one-time event or acquisition, but it is worth verifying.",True,True
FB_105_61DCE693,FB_105_61DCE693_H1,3,percentage,19.74%,12.12%,True,"The capex as a percentage of revenue for FY2020 is calculated correctly based on the provided figures. However, the significant increase from previous years should be cross-referenced with strategic initiatives or industry norms.",False,True
FB_105_61DCE693,FB_105_61DCE693_H3,4,dollar_amount,"$12,865 million","$8,743 million",False,,True,True
FB_105_61DCE693,FB_105_61DCE693_H2,4,dollar_amount,"$13,165 million","$17,790 million",False,,True,True
FB_105_61DCE693,FB_105_61DCE693_H1,4,percentage,19.74%,12.12%,True,"A significant increase in capex percentage from FY2019 to FY2020 is plausible given the revenue drop, but the text should clarify the strategic rationale behind such a high percentage during a downturn.",False,True
FB_106_EB0A9203,FB_106_EB0A9203_H2,1,dollar_amount,$2 million,$1 million,True,"If the dividend per share is $0.01, the total dividend amount of $1 million implies there are 100 million shares outstanding. However, the previous year (FY2021) with the same dividend per share resulted in a total of $2 million, suggesting 200 million shares outstanding. This inconsistency in the number of shares is suspicious.",True,True
FB_106_EB0A9203,FB_106_EB0A9203_H2,2,dollar_amount,$2 million,$1 million,True,"If dividends were $0.01 per share, $1 million implies 100 million shares. However, the previous year had $0.01 per share totaling $2 million, implying 200 million shares. This inconsistency in share count is suspicious.",True,True
FB_106_EB0A9203,FB_106_EB0A9203_H2,3,dollar_amount,$2 million,$1 million,True,"If the dividend per share is $0.01, the total dividend payment of $1 million implies there are 100 million shares outstanding. This needs verification against the actual number of shares outstanding for MGM Resorts International.",True,True
FB_106_EB0A9203,FB_106_EB0A9203_H2,4,dollar_amount,$2 million,$1 million,True,"The total dividend payment of $1 million with a dividend per share of $0.01 implies 100 million shares outstanding. The report does not confirm the number of shares outstanding, which is necessary for verification.",True,True
FB_107_B17259C6,FB_107_B17259C6_H2,1,dollar_amount,$394 million,$532 million,True,"The increase from $289 million in FY2021 to $532 million in FY2022 represents an 84% increase, which is unusually high and warrants further verification.",True,True
FB_107_B17259C6,FB_107_B17259C6_H1,1,dollar_amount,$96 million,$59 million,False,,True,True
FB_107_B17259C6,FB_107_B17259C6_H2,2,dollar_amount,$394 million,$532 million,False,,True,True
FB_107_B17259C6,FB_107_B17259C6_H1,2,dollar_amount,$96 million,$59 million,False,,True,True
FB_107_B17259C6,FB_107_B17259C6_H2,3,dollar_amount,$394 million,$532 million,True,"The increase from $289 million to $532 million is indeed $243 million, but the percentage increase is approximately 84.1%, which is accurate. However, the precision of the percentage is suspiciously exact given the round numbers involved.",True,True
FB_107_B17259C6,FB_107_B17259C6_H1,3,dollar_amount,$96 million,$59 million,False,,False,False
FB_107_B17259C6,FB_107_B17259C6_H2,4,dollar_amount,$394 million,$532 million,False,,True,True
FB_107_B17259C6,FB_107_B17259C6_H1,4,dollar_amount,$96 million,$59 million,False,,True,True
FB_108_8E72B311,FB_108_8E72B311_H2,1,dollar_amount,"$1,158 million",$793 million,True,"The calculation of the interest coverage ratio uses $793 million as Adjusted EBIT, which contradicts the previously stated Adjusted EBIT for FY2022 of $1,158 million. Using $1,158 million would result in an interest coverage ratio of approximately 2.64, but the given calculation uses a different EBIT value.",True,True
FB_108_8E72B311,FB_108_8E72B311_H1,1,dollar_amount,$410 million,$301 million,False,,True,True
FB_108_8E72B311,FB_108_8E72B311_H2,2,dollar_amount,"$1,158 million",$793 million,False,,False,False
FB_108_8E72B311,FB_108_8E72B311_H1,2,dollar_amount,$410 million,$301 million,True,"The calculation of the interest coverage ratio is correct. However, the significant change from FY2020 to FY2021 (64.3%) seems unusually high and warrants further investigation.",False,True
FB_108_8E72B311,FB_108_8E72B311_H2,3,dollar_amount,"$1,158 million",$793 million,False,,False,False
FB_108_8E72B311,FB_108_8E72B311_H1,3,dollar_amount,$410 million,$301 million,True,"The calculation of the interest coverage ratio using the provided figures (1,063 million / 301 million) results in approximately 3.53, which is correct. However, the precision of the calculation should be verified against the company's financial statements for accuracy.",True,True
FB_108_8E72B311,FB_108_8E72B311_H2,4,dollar_amount,"$1,158 million",$793 million,False,,False,False
FB_108_8E72B311,FB_108_8E72B311_H1,4,dollar_amount,$410 million,$301 million,True,"The interest coverage ratio of 3.53 is derived from an Adjusted EBIT of $1,063 million and an Interest Expense of $301 million, which is consistent. However, the significant change in interest expense from $301 million to $438 million in one year is unusual and should be further investigated.",True,True
FB_109_F3781DA6,FB_109_F3781DA6_H2,1,dollar_amount,"$6,324 million","$4,868 million",False,,True,True
FB_109_F3781DA6,FB_109_F3781DA6_H1,1,dollar_amount,$251 million,$210 million,False,,True,True
FB_109_F3781DA6,FB_109_F3781DA6_H2,2,dollar_amount,"$6,324 million","$4,868 million",True,"The sum of $4,868 million, $1,153 million, and $1,045 million is actually $7,066 million, which is correct. However, the context suggests a potential misinterpretation as the total revenue for FY2022 should be the sum of all segments, which is correctly calculated here.",True,True
FB_109_F3781DA6,FB_109_F3781DA6_H1,2,dollar_amount,$251 million,$210 million,True,"The sum of $1,648 million, $335 million, and $210 million is indeed $2,193 million, which is correct. However, the context suggests a potential misinterpretation as the total revenue for Q4 2022 should be the sum of all segments, which is correctly calculated here.",True,True
FB_109_F3781DA6,FB_109_F3781DA6_H2,3,dollar_amount,"$6,324 million","$4,868 million",False,,True,True
FB_109_F3781DA6,FB_109_F3781DA6_H1,3,dollar_amount,$251 million,$210 million,True,"The FY2022 revenue for MGM China is $1,045 million. A reduction of $835 million would imply a Q4 revenue of $210 million, which matches the stated Q4 revenue. However, the phrasing is misleading as it suggests a drop from the total FY2022 revenue, not just a comparison of Q4 to the full year.",True,True
FB_109_F3781DA6,FB_109_F3781DA6_H2,4,dollar_amount,"$6,324 million","$4,868 million",True,"The percentage decline from $4,868 million to $1,648 million is actually approximately 66.2%, but the initial claim of 66.1% was very close. The correction is minor and may not significantly impact the analysis.",True,True
FB_109_F3781DA6,FB_109_F3781DA6_H1,4,dollar_amount,$251 million,$210 million,True,"The percentage decline from $1,045 million to $210 million is indeed approximately 79.9%. The claim is accurate, but the presentation of the figure could have been clearer.",True,True
FB_110_74F7847F,FB_110_74F7847F_H2,1,dollar_amount,"$1,500 million","$1,210 million",True,"The total short-term investments are later stated as $1,500 million, which contradicts the $1,210 million figure.",True,True
FB_110_74F7847F,FB_110_74F7847F_H1,1,dollar_amount,$900 million,$730 million,True,"The total short-term investments are later stated as $1,500 million, which contradicts the $1,210 million figure.",True,True
FB_110_74F7847F,FB_110_74F7847F_H2,2,dollar_amount,"$1,500 million","$1,210 million",True,"The sum of U.S. Treasury Bills ($730 million) and Other Short-Term Investments ($600 million) is $1,330 million, which exceeds the reported total of $1,210 million.",True,True
FB_110_74F7847F,FB_110_74F7847F_H1,2,dollar_amount,$900 million,$730 million,False,,True,True
FB_110_74F7847F,FB_110_74F7847F_H2,3,dollar_amount,"$1,500 million","$1,210 million",True,"This statement correctly identifies the discrepancy, but the existence of such a discrepancy itself is suspicious and indicates a potential error in financial reporting.",True,True
FB_110_74F7847F,FB_110_74F7847F_H1,3,dollar_amount,$900 million,$730 million,True,"The percentage calculation is incorrect. $730 million out of $1,210 million should be approximately 60.33%, but the discrepancy in total investments suggests a calculation error.",True,True
FB_110_74F7847F,FB_110_74F7847F_H2,4,dollar_amount,"$1,500 million","$1,210 million",True,"The reported total of $1,210 million is inconsistent with the sum of the individual components ($730 million + $600 million = $1,330 million).",True,True
FB_110_74F7847F,FB_110_74F7847F_H1,4,dollar_amount,$900 million,$730 million,True,"The reported total of $1,210 million is inconsistent with the sum of the individual components ($730 million + $600 million = $1,330 million).",True,True
FB_111_A4B199F5,FB_111_A4B199F5_H3,1,dollar_amount,"$24,060 million","$15,037 million",False,,True,True
FB_111_A4B199F5,FB_111_A4B199F5_H2,1,dollar_amount,"$23,198 million","$19,557 million",True,"The COGS for FY2015 seems unusually high compared to FY2016 and FY2014, especially given the significant drop from FY2014 to FY2015 and then again to FY2016. This could indicate a potential error or misstatement.",True,True
FB_111_A4B199F5,FB_111_A4B199F5_H1,1,dollar_amount,"$23,674 million","$28,477 million",True,"The COGS for FY2014 is significantly higher than both FY2015 and FY2016, suggesting a potential anomaly or error in reporting, especially given the large decrease in subsequent years.",True,True
FB_111_A4B199F5,FB_111_A4B199F5_H3,2,dollar_amount,"$24,060 million","$15,037 million",False,,True,True
FB_111_A4B199F5,FB_111_A4B199F5_H2,2,dollar_amount,"$23,198 million","$19,557 million",True,"The percentage change calculation from FY2015 to FY2014 is based on this figure, and the resulting percentage change of -31.3% seems unusually high for a stable company like Microsoft. This suggests either the FY2015 or FY2014 COGS figure might be incorrect.",True,True
FB_111_A4B199F5,FB_111_A4B199F5_H1,2,dollar_amount,"$23,674 million","$28,477 million",True,"The percentage change calculation from FY2015 to FY2014 is based on this figure, and the resulting percentage change of -31.3% seems unusually high for a stable company like Microsoft. This suggests either the FY2015 or FY2014 COGS figure might be incorrect.",True,True
FB_111_A4B199F5,FB_111_A4B199F5_H3,3,dollar_amount,"$24,060 million","$15,037 million",False,,True,True
FB_111_A4B199F5,FB_111_A4B199F5_H2,3,dollar_amount,"$23,198 million","$19,557 million",False,,True,True
FB_111_A4B199F5,FB_111_A4B199F5_H1,3,dollar_amount,"$23,674 million","$28,477 million",False,,True,True
FB_111_A4B199F5,FB_111_A4B199F5_H3,4,dollar_amount,"$24,060 million","$15,037 million",True,"The calculation of percentage change is incorrect. The correct calculation should be: (($15,037 million - $19,557 million) / $19,557 million) * 100 = -23.1%. The text incorrectly states the percentage change as 23.1% instead of -23.1%.",True,True
FB_111_A4B199F5,FB_111_A4B199F5_H2,4,dollar_amount,"$23,198 million","$19,557 million",True,"The calculation of percentage change is incorrect. The correct calculation should be: (($15,037 million - $19,557 million) / $19,557 million) * 100 = -23.1%. The text incorrectly states the percentage change as 23.1% instead of -23.1%.",True,True
FB_111_A4B199F5,FB_111_A4B199F5_H1,4,dollar_amount,"$23,674 million","$28,477 million",False,,True,True
FB_112_2DC55A31,FB_112_2DC55A31_H2,1,dollar_amount,"$51,000 million","$41,918 million",True,"The increase in total debt from $28,845 million in 2022 to $41,918 million in 2023 represents a 45.3% increase, which is a significant jump for a company like Microsoft. This warrants further verification.",True,True
FB_112_2DC55A31,FB_112_2DC55A31_H1,1,dollar_amount,"$48,000 million","$28,845 million",False,,True,True
FB_112_2DC55A31,FB_112_2DC55A31_H2,2,dollar_amount,"$51,000 million","$41,918 million",True,"The calculation of the Debt-to-Equity Ratio for 2023 is incorrect. The correct calculation should be 41,918 / 139,000 ≈ 0.3016, which rounds to 0.302.",True,True
FB_112_2DC55A31,FB_112_2DC55A31_H1,2,dollar_amount,"$48,000 million","$28,845 million",True,"The percentage change calculation is incorrect. The correct calculation should be (13,073 / 28,845) × 100 ≈ 45.3%.",True,True
FB_112_2DC55A31,FB_112_2DC55A31_H2,3,dollar_amount,"$51,000 million","$41,918 million",True,"The percentage increase from $28,845 million to $41,918 million is approximately 45.3%, not 45.4%.",True,True
FB_112_2DC55A31,FB_112_2DC55A31_H1,3,dollar_amount,"$48,000 million","$28,845 million",True,"The percentage increase from $28,845 million to $41,918 million is approximately 45.3%, not 45.4%.",True,True
FB_112_2DC55A31,FB_112_2DC55A31_H2,4,dollar_amount,"$51,000 million","$41,918 million",True,"The percentage increase from $28,845 million to $41,918 million is actually approximately 45.3%, not 45.4%.",True,True
FB_112_2DC55A31,FB_112_2DC55A31_H1,4,dollar_amount,"$48,000 million","$28,845 million",True,"The percentage increase from $28,845 million to $41,918 million is actually approximately 45.3%, not 45.4%.",True,True
FB_113_30E7F266,FB_113_30E7F266_H2,1,large_number,"13,500","17,859",True,"The total revenue used in the calculation (USD 17,859 million) does not match the total revenue provided in the supporting data (USD 13,500 million). This discrepancy affects the accuracy of the EBITDA percentage margin.",True,True
FB_113_30E7F266,FB_113_30E7F266_H1,1,large_number,"1,200",906,False,,False,False
FB_113_30E7F266,FB_113_30E7F266_H2,2,large_number,"13,500","17,859",True,"The total revenue used in the EBITDA margin calculation does not match the reported revenue. The correct total revenue should be USD 17,859 million as per the researcher's initial report.",True,True
FB_113_30E7F266,FB_113_30E7F266_H1,2,large_number,"1,200",906,False,,False,False
FB_113_30E7F266,FB_113_30E7F266_H2,3,large_number,"13,500","17,859",True,"The reported EBITDA margin of 9.7% does not match the calculation based on the provided figures. Using the reported EBITDA of USD 1,265 million and total revenue of USD 17,859 million, the margin should be approximately 7.08%, not 9.7%.",True,True
FB_113_30E7F266,FB_113_30E7F266_H1,3,large_number,"1,200",906,True,"The operating income figure of USD 906 million is consistent with the calculation of unadjusted EBITDA (USD 971 million) when adding D&A of USD 65 million. However, this conflicts with the reported EBITDA of USD 1,265 million, suggesting a potential error or misreporting.",False,True
FB_113_30E7F266,FB_113_30E7F266_H2,4,large_number,"13,500","17,859",True,"The reported EBITDA margin of 9.7% does not match the calculation based on the provided figures (USD 1,265 million EBITDA and USD 17,859 million revenue), which should result in an EBITDA margin of approximately 7.08%.",True,True
FB_113_30E7F266,FB_113_30E7F266_H1,4,large_number,"1,200",906,True,"The operating income figure of USD 906 million is used to calculate the recalculated EBITDA of USD 971 million, which aligns with the provided D&A expenses of USD 65 million. However, the discrepancy with the reported EBITDA of USD 1,265 million remains unexplained.",False,True
FB_114_ACC06CE8,FB_114_ACC06CE8_H2,1,dollar_amount,"$4,052 million","$2,742 million",False,,True,True
FB_114_ACC06CE8,FB_114_ACC06CE8_H1,1,dollar_amount,"$2,474 million","$3,253 million",True,"The decrease from $3,201 million in FY2016 to $2,742 million in FY2017 is a significant drop of approximately 14.3%. This is a notable change that warrants further investigation to ensure accuracy and understand the underlying reasons.",True,True
FB_114_ACC06CE8,FB_114_ACC06CE8_H2,2,dollar_amount,"$4,052 million","$2,742 million",False,,True,True
FB_114_ACC06CE8,FB_114_ACC06CE8_H1,2,dollar_amount,"$2,474 million","$3,253 million",True,"The calculated percentage change from FY2015 to FY2016 is incorrect. The correct calculation should be (-52 / 3,253) × 100 ≈ -1.60%, which is accurate but should be verified for rounding consistency.",True,True
FB_114_ACC06CE8,FB_114_ACC06CE8_H2,3,dollar_amount,"$4,052 million","$2,742 million",True,"The percentage decrease from $3,201 million to $2,742 million is not 14.36%. The correct percentage decrease is approximately 14.34%.",True,True
FB_114_ACC06CE8,FB_114_ACC06CE8_H1,3,dollar_amount,"$2,474 million","$3,253 million",False,,True,True
FB_114_ACC06CE8,FB_114_ACC06CE8_H2,4,dollar_amount,"$4,052 million","$2,742 million",True,"The decrease from $3,201 million in FY2016 to $2,742 million in FY2017 is indeed $459 million. However, the percentage decrease should be calculated as ($459 million / $3,201 million) * 100 = approximately 14.34%, not 14.36%. The discrepancy is minor but should be noted for precision.",True,True
FB_114_ACC06CE8,FB_114_ACC06CE8_H1,4,dollar_amount,"$2,474 million","$3,253 million",False,,True,True
FB_115_AE55E4C4,FB_115_AE55E4C4_H3,1,dollar_amount,"$12,199 million","$9,070 million",False,,True,True
FB_115_AE55E4C4,FB_115_AE55E4C4_H2,1,large_number,"32,376","21,769",True,"The calculation uses incorrect base numbers. The correct calculation should be (9,070 / 32,376) * 100, which equals approximately 28.0%.",True,True
FB_115_AE55E4C4,FB_115_AE55E4C4_H1,1,percentage,37.7%,47.3%,True,"The calculation uses incorrect base numbers. The correct calculation should be (9,070 / 32,376) * 100, which equals approximately 28.0%.",True,True
FB_115_AE55E4C4,FB_115_AE55E4C4_H3,2,dollar_amount,"$12,199 million","$9,070 million",False,,True,True
FB_115_AE55E4C4,FB_115_AE55E4C4_H2,2,large_number,"32,376","21,769",False,,False,False
FB_115_AE55E4C4,FB_115_AE55E4C4_H1,2,percentage,37.7%,47.3%,True,"The calculated COGS percentage for FY2016 is 28.0%, not 37.7%.",True,True
FB_115_AE55E4C4,FB_115_AE55E4C4_H3,3,dollar_amount,"$12,199 million","$9,070 million",False,,True,True
FB_115_AE55E4C4,FB_115_AE55E4C4_H2,3,large_number,"32,376","21,769",False,,False,False
FB_115_AE55E4C4,FB_115_AE55E4C4_H1,3,percentage,37.7%,47.3%,True,"The COGS percentage is calculated as (COGS/Revenue)*100. For 2017, this should be (12,579/34,350)*100 = 36.6%, which is correct. However, the decrease from the previous year is not 1.1% but 1.1 percentage points.",True,True
FB_115_AE55E4C4,FB_115_AE55E4C4_H3,4,dollar_amount,"$12,199 million","$9,070 million",False,,True,True
FB_115_AE55E4C4,FB_115_AE55E4C4_H2,4,large_number,"32,376","21,769",False,,False,False
FB_115_AE55E4C4,FB_115_AE55E4C4_H1,4,percentage,37.7%,47.3%,True,"The COGS percentage for 2017 is calculated as (12,579 / 34,350) * 100 = 36.6%, which is correct. However, the decrease from the previous year's percentage (37.7%) is 1.1%, which is also correct. This claim is not suspicious.",True,True
FB_116_1C09CCA7,FB_116_1C09CCA7_H3,1,dollar_amount,"$7,883 million","$5,544 million",False,,True,True
FB_116_1C09CCA7,FB_116_1C09CCA7_H2,1,dollar_amount,"$7,477 million","$9,099 million",True,"The FY2018 Total Current Assets figure of $9,099 million is significantly higher than both FY2019 and FY2017 figures, which is unusual without a clear explanation for such a large fluctuation. This warrants further investigation.",True,True
FB_116_1C09CCA7,FB_116_1C09CCA7_H1,1,dollar_amount,"$6,704 million","$4,680 million",False,,True,True
FB_116_1C09CCA7,FB_116_1C09CCA7_H3,2,dollar_amount,"$7,883 million","$5,544 million",True,"The figure is inconsistent with the trend analysis provided. A decrease from $9,099 million to $5,544 million is a significant drop, which is unusual without further context.",True,True
FB_116_1C09CCA7,FB_116_1C09CCA7_H2,2,dollar_amount,"$7,477 million","$9,099 million",True,"The figure is inconsistent with the trend analysis provided. An increase from $4,680 million to $9,099 million is a substantial rise, which is unusual without further context.",True,True
FB_116_1C09CCA7,FB_116_1C09CCA7_H1,2,dollar_amount,"$6,704 million","$4,680 million",True,"The figure is inconsistent with the trend analysis provided. The subsequent increase to $9,099 million in FY2018 is unusually high.",True,True
FB_116_1C09CCA7,FB_116_1C09CCA7_H3,3,dollar_amount,"$7,883 million","$5,544 million",True,"The percentage decline from $9,099 million to $5,544 million is not 39.1%. The correct percentage decline is approximately 39.1% when calculated as (3,555 / 9,099) * 100, but the text should clarify that this is a decline from the previous year's total.",True,True
FB_116_1C09CCA7,FB_116_1C09CCA7_H2,3,dollar_amount,"$7,477 million","$9,099 million",True,"The increase from $4,680 million to $9,099 million is indeed $4,419 million, which is accurate. However, the percentage increase is correctly stated as 94.5%.",True,True
FB_116_1C09CCA7,FB_116_1C09CCA7_H1,3,dollar_amount,"$6,704 million","$4,680 million",True,"The increase from $4,680 million to $9,099 million is indeed $4,419 million, which is accurate. However, the percentage increase is correctly stated as 94.5%.",True,True
FB_116_1C09CCA7,FB_116_1C09CCA7_H3,4,dollar_amount,"$7,883 million","$5,544 million",True,"The percentage decline from $9,099 million to $5,544 million is not 39.1%. The correct percentage decline is approximately 38.9%.",True,True
FB_116_1C09CCA7,FB_116_1C09CCA7_H2,4,dollar_amount,"$7,477 million","$9,099 million",True,"The increase from $4,680 million to $9,099 million is $4,419 million, which is correct. However, the percentage increase is slightly off as noted earlier.",True,True
FB_116_1C09CCA7,FB_116_1C09CCA7_H1,4,dollar_amount,"$6,704 million","$4,680 million",True,"The increase from $4,680 million to $9,099 million is $4,419 million, which is correct. However, the percentage increase is slightly off as noted earlier.",True,True
FB_117_C880E731,FB_117_C880E731_H3,1,dollar_amount,"$5,200 million","$6,037 million",True,"The calculation of average inventory is incorrect. The correct calculation should be ($4,703 million + $6,037 million) / 2 = $5,370 million.",True,True
FB_117_C880E731,FB_117_C880E731_H2,1,dollar_amount,"$4,951.50 million","$6,546.86 million",True,"The calculation of average inventory is incorrect. The correct calculation should be ($4,703 million + $6,037 million) / 2 = $5,370 million.",True,True
FB_117_C880E731,FB_117_C880E731_H1,1,dollar_amount,"$4,951.50 million","$3,274.29 million",True,"The average inventory used in the calculation is incorrect. The correct average inventory should be $5,370 million, not $3,274.29 million. Therefore, the inventory turnover ratio should be $22,160 million / $5,370 million = 4.13.",True,True
FB_117_C880E731,FB_117_C880E731_H3,2,dollar_amount,"$5,200 million","$6,037 million",False,,False,False
FB_117_C880E731,FB_117_C880E731_H2,2,dollar_amount,"$4,951.50 million","$6,546.86 million",True,"The calculated average inventory for FY2021 should be $4,951.50 million, not $6,546.86 million, based on the provided formula and values.",True,True
FB_117_C880E731,FB_117_C880E731_H1,2,dollar_amount,"$4,951.50 million","$3,274.29 million",False,,False,False
FB_117_C880E731,FB_117_C880E731_H3,3,dollar_amount,"$5,200 million","$6,037 million",True,"The calculation of the average inventory for FY2021 is correct based on the provided numbers (4,703 + 5,200) / 2 = 4,951.50 million. However, there is a discrepancy noted later in the text where the average inventory is stated as $6,546.86 million, which does not match this calculation.",False,True
FB_117_C880E731,FB_117_C880E731_H2,3,dollar_amount,"$4,951.50 million","$6,546.86 million",True,"The calculation of the average inventory for FY2021 is correct based on the provided numbers (4,703 + 5,200) / 2 = 4,951.50 million. However, there is a discrepancy noted later in the text where the average inventory is stated as $6,546.86 million, which does not match this calculation.",True,True
FB_117_C880E731,FB_117_C880E731_H1,3,dollar_amount,"$4,951.50 million","$3,274.29 million",True,"The calculation of the average inventory for FY2021 is correct based on the provided numbers (4,703 + 5,200) / 2 = 4,951.50 million. However, there is a discrepancy noted later in the text where the average inventory is stated as $6,546.86 million, which does not match this calculation.",False,True
FB_117_C880E731,FB_117_C880E731_H3,4,dollar_amount,"$5,200 million","$6,037 million",False,,False,False
FB_117_C880E731,FB_117_C880E731_H2,4,dollar_amount,"$4,951.50 million","$6,546.86 million",True,"There is an inconsistency between the two average inventory figures provided for FY2021. The calculation using FY2020 and FY2021 end inventory figures results in $4,951.50 million, but the report later uses $6,546.86 million without explanation.",True,True
FB_117_C880E731,FB_117_C880E731_H1,4,dollar_amount,"$4,951.50 million","$3,274.29 million",False,,False,False
FB_118_8B6021A4,FB_118_8B6021A4_H3,1,large_number,"1,112",739,False,,False,False
FB_118_8B6021A4,FB_118_8B6021A4_H2,1,dollar_amount,"$5,752 million","$7,663 million",False,,True,True
FB_118_8B6021A4,FB_118_8B6021A4_H1,1,dollar_amount,"$5,066 million","$4,216 million",True,"The text states that cash flow from operating activities for FY2023 was $5,066 million, not $4,216 million. This is an internal inconsistency.",True,True
FB_118_8B6021A4,FB_118_8B6021A4_H3,2,large_number,"1,112",739,True,"The percentage change calculation is incorrect. The correct calculation should be (-569/-739) × 100 = 76.99%, not 77.04%.",False,True
FB_118_8B6021A4,FB_118_8B6021A4_H2,2,dollar_amount,"$5,752 million","$7,663 million",False,,False,False
FB_118_8B6021A4,FB_118_8B6021A4_H1,2,dollar_amount,"$5,066 million","$4,216 million",False,,False,False
FB_118_8B6021A4,FB_118_8B6021A4_H3,3,large_number,"1,112",739,True,"The increase from $(739) million to $(1,308) million is indeed $569 million, which is accurate. However, the percentage increase of 77.04% is suspiciously precise given the round nature of the base figures.",False,True
FB_118_8B6021A4,FB_118_8B6021A4_H2,3,dollar_amount,"$5,752 million","$7,663 million",False,,False,False
FB_118_8B6021A4,FB_118_8B6021A4_H1,3,dollar_amount,"$5,066 million","$4,216 million",False,,False,False
FB_118_8B6021A4,FB_118_8B6021A4_H3,4,large_number,"1,112",739,True,"The increase from $(739) million to $(1,308) million is indeed $569 million, but the percentage increase calculation seems off. The percentage increase should be calculated as (569/739)*100, which is approximately 77.0%, so the precision of 77.04% is suspiciously high.",False,True
FB_118_8B6021A4,FB_118_8B6021A4_H2,4,dollar_amount,"$5,752 million","$7,663 million",False,,False,False
FB_118_8B6021A4,FB_118_8B6021A4_H1,4,dollar_amount,"$5,066 million","$4,216 million",False,,False,False
FB_119_3CD84B18,FB_119_3CD84B18_H3,1,dollar_amount,"$18,407 million","$23,876 million",False,,True,True
FB_119_3CD84B18,FB_119_3CD84B18_H2,1,dollar_amount,"$10,498 million","$12,740 million",True,"The calculation of working capital is incorrect. The correct calculation should be $23,876 million - $10,498 million = $13,378 million, based on the provided current assets and liabilities for FY2022.",True,True
FB_119_3CD84B18,FB_119_3CD84B18_H1,1,dollar_amount,"$10,226 million","$8,689 million",False,,True,True
FB_119_3CD84B18,FB_119_3CD84B18_H3,2,dollar_amount,"$18,407 million","$23,876 million",True,"This calculation is correct, but it contradicts the earlier stated working capital of $7,909 million, indicating an inconsistency in the document.",True,True
FB_119_3CD84B18,FB_119_3CD84B18_H2,2,dollar_amount,"$10,498 million","$12,740 million",True,"This calculation is correct, but it contradicts the earlier stated working capital of $7,909 million, indicating an inconsistency in the document.",True,True
FB_119_3CD84B18,FB_119_3CD84B18_H1,2,dollar_amount,"$10,226 million","$8,689 million",True,"The percentage change calculation is correct based on the provided numbers, but it should be cross-verified with actual financial statements for accuracy.",True,True
FB_119_3CD84B18,FB_119_3CD84B18_H3,3,dollar_amount,"$18,407 million","$23,876 million",False,,True,True
FB_119_3CD84B18,FB_119_3CD84B18_H2,3,dollar_amount,"$10,498 million","$12,740 million",False,,True,True
FB_119_3CD84B18,FB_119_3CD84B18_H1,3,dollar_amount,"$10,226 million","$8,689 million",False,,False,False
FB_119_3CD84B18,FB_119_3CD84B18_H3,4,dollar_amount,"$18,407 million","$23,876 million",False,,True,True
FB_119_3CD84B18,FB_119_3CD84B18_H2,4,dollar_amount,"$10,498 million","$12,740 million",True,"The working capital figure is consistent with the provided current assets and liabilities, but the term 'robust' is subjective without specific industry context.",True,True
FB_119_3CD84B18,FB_119_3CD84B18_H1,4,dollar_amount,"$10,226 million","$8,689 million",False,,False,False
FB_120_223C47BE,FB_120_223C47BE_H2,1,dollar_amount,$4.2 billion,$3.2 billion,True,"The increase from $3.2 billion in FY2020 to $4.2 billion in FY2021 represents a 31.25% increase, which is a significant jump. While not impossible, such a large increase in CapEx year-over-year for a stable company like PepsiCo is unusual and warrants further verification.",True,True
FB_120_223C47BE,FB_120_223C47BE_H1,1,dollar_amount,$3.4 billion,$2.5 billion,False,,True,True
FB_120_223C47BE,FB_120_223C47BE_H2,2,dollar_amount,$4.2 billion,$3.2 billion,True,"The percentage change calculation is correct, but the precision of 31.25% is unusually high for financial reporting, which typically rounds to one decimal place.",True,True
FB_120_223C47BE,FB_120_223C47BE_H1,2,dollar_amount,$3.4 billion,$2.5 billion,True,"The percentage change calculation is correct, but the precision of 28.00% is unusually high for financial reporting, which typically rounds to one decimal place.",True,True
FB_120_223C47BE,FB_120_223C47BE_H2,3,dollar_amount,$4.2 billion,$3.2 billion,True,"The percentage increase from $3.2 billion to $4.2 billion is actually 31.25%, which is correct. However, the text should be flagged for verification as the percentage is unusually precise compared to typical rounding practices.",True,True
FB_120_223C47BE,FB_120_223C47BE_H1,3,dollar_amount,$3.4 billion,$2.5 billion,False,,True,True
FB_120_223C47BE,FB_120_223C47BE_H2,4,dollar_amount,$4.2 billion,$3.2 billion,True,"The percentage increase from $3.2 billion to $4.2 billion is actually 31.25%, which is correct. However, the precision of the percentage is suspiciously high for a summary statement.",True,True
FB_120_223C47BE,FB_120_223C47BE_H1,4,dollar_amount,$3.4 billion,$2.5 billion,False,,True,True
FB_124_C0D9EB5C,FB_124_C0D9EB5C_H3,1,dollar_amount,"$8,613 million","$6,616 million",True,"The Unadjusted EBITDA is calculated as Operating Income ($15,021 million) + Depreciation and Amortization ($1,000 million), which should equal $16,021 million, not $12,813 million.",True,True
FB_124_C0D9EB5C,FB_124_C0D9EB5C_H2,1,dollar_amount,"$11,813 million","$15,021 million",True,"This figure is inconsistent with the previously stated Operating Income of $15,021 million for FY2022.",True,True
FB_124_C0D9EB5C,FB_124_C0D9EB5C_H1,1,dollar_amount,"$10,200 million","$6,610 million",True,"The Operating Income figure for FY2020 seems low compared to the subsequent years, suggesting a potential error or anomaly.",True,True
FB_124_C0D9EB5C,FB_124_C0D9EB5C_H3,2,dollar_amount,"$8,613 million","$6,616 million",True,"The calculation provided in the text shows Unadjusted EBITDA less Capital Expenditures as $8,613 million (12,813 - 4,200), not $6,616 million.",True,True
FB_124_C0D9EB5C,FB_124_C0D9EB5C_H2,2,dollar_amount,"$11,813 million","$15,021 million",False,,False,False
FB_124_C0D9EB5C,FB_124_C0D9EB5C_H1,2,dollar_amount,"$10,200 million","$6,610 million",True,"The calculation provided in the text shows Unadjusted EBITDA less Capital Expenditures as $8,613 million (12,813 - 4,200), not $6,616 million.",True,True
FB_124_C0D9EB5C,FB_124_C0D9EB5C_H3,3,dollar_amount,"$8,613 million","$6,616 million",True,"The calculation of unadjusted EBITDA less capital expenditures should be $12,813 million - $4,200 million = $8,613 million, not $6,616 million.",True,True
FB_124_C0D9EB5C,FB_124_C0D9EB5C_H2,3,dollar_amount,"$11,813 million","$15,021 million",False,,False,False
FB_124_C0D9EB5C,FB_124_C0D9EB5C_H1,3,dollar_amount,"$10,200 million","$6,610 million",True,"The calculation of unadjusted EBITDA less capital expenditures should be $12,813 million - $4,200 million = $8,613 million, not $6,616 million.",True,True
FB_124_C0D9EB5C,FB_124_C0D9EB5C_H3,4,dollar_amount,"$8,613 million","$6,616 million",False,,True,True
FB_124_C0D9EB5C,FB_124_C0D9EB5C_H2,4,dollar_amount,"$11,813 million","$15,021 million",False,,False,False
FB_124_C0D9EB5C,FB_124_C0D9EB5C_H1,4,dollar_amount,"$10,200 million","$6,610 million",False,,True,True
FB_125_E7A2D24B,FB_125_E7A2D24B_H3,1,percentage,23.9%,18.6%,True,"The EBITDA margin calculation provided later in the text is 30.9%, which contradicts the 18.6% figure. This inconsistency suggests an error in reporting the EBITDA margin.",True,True
FB_125_E7A2D24B,FB_125_E7A2D24B_H2,1,dollar_amount,"$13,209 million","$17,408 million",True,"The supporting data lists unadjusted operating income as $13,209 million, not $17,408 million. This discrepancy indicates a potential error in the reported operating income.",True,True
FB_125_E7A2D24B,FB_125_E7A2D24B_H1,1,dollar_amount,"$17,188 million","$22,497 million",True,"The supporting data lists unadjusted operating income as $13,209 million, not $17,408 million. This discrepancy indicates a potential error in the reported operating income.",True,True
FB_125_E7A2D24B,FB_125_E7A2D24B_H3,2,percentage,23.9%,18.6%,False,,True,True
FB_125_E7A2D24B,FB_125_E7A2D24B_H2,2,dollar_amount,"$13,209 million","$17,408 million",False,,False,False
FB_125_E7A2D24B,FB_125_E7A2D24B_H1,2,dollar_amount,"$17,188 million","$22,497 million",True,"The calculated Unadjusted EBITDA using the provided Operating Income and D&A is $17,188 million, not $22,188 million. This discrepancy suggests an error in the reported figure.",True,True
FB_125_E7A2D24B,FB_125_E7A2D24B_H3,3,percentage,23.9%,18.6%,False,,True,True
FB_125_E7A2D24B,FB_125_E7A2D24B_H2,3,dollar_amount,"$13,209 million","$17,408 million",False,,False,False
FB_125_E7A2D24B,FB_125_E7A2D24B_H1,3,dollar_amount,"$17,188 million","$22,497 million",False,,False,False
FB_125_E7A2D24B,FB_125_E7A2D24B_H3,4,percentage,23.9%,18.6%,False,,True,True
FB_125_E7A2D24B,FB_125_E7A2D24B_H2,4,dollar_amount,"$13,209 million","$17,408 million",False,,False,False
FB_125_E7A2D24B,FB_125_E7A2D24B_H1,4,dollar_amount,"$17,188 million","$22,497 million",False,,False,False
FB_126_3313FCA9,FB_126_3313FCA9_H3,1,percentage,35.5%,27.2%,True,"The percentage of votes in favor is calculated as (Votes in favor / Total votes cast) * 100 = (475,408,619 / 1,000,000,000) * 100 = 47.54%. The reported 27.2% is inconsistent with the provided vote counts.",True,True
FB_126_3313FCA9,FB_126_3313FCA9_H2,1,large_number,"355,000,000","475,408,619",False,,True,True
FB_126_3313FCA9,FB_126_3313FCA9_H1,1,large_number,"645,000,000","748,272,843",True,"The sum of votes in favor and votes against should equal the total votes cast if there are no abstentions. 475,408,619 (in favor) + 748,272,843 (against) = 1,223,681,462, which exceeds the total votes cast of 1,000,000,000. This indicates an inconsistency.",True,True
FB_126_3313FCA9,FB_126_3313FCA9_H3,2,percentage,35.5%,27.2%,True,"The percentage of votes in favor is calculated as (Votes in Favor / Total Votes Cast) * 100 = (475,408,619 / 1,000,000,000) * 100 = 47.54%, not 27.2%.",True,True
FB_126_3313FCA9,FB_126_3313FCA9_H2,2,large_number,"355,000,000","475,408,619",False,,True,True
FB_126_3313FCA9,FB_126_3313FCA9_H1,2,large_number,"645,000,000","748,272,843",False,,True,True
FB_126_3313FCA9,FB_126_3313FCA9_H3,3,percentage,35.5%,27.2%,True,"The percentage of votes in favor (27.2%) does not match the given numbers. 475,408,619 votes in favor out of 1,000,000,000 total votes should result in 47.5%, not 27.2%.",True,True
FB_126_3313FCA9,FB_126_3313FCA9_H2,3,large_number,"355,000,000","475,408,619",True,"The percentage of votes in favor (27.2%) does not match the given numbers. 475,408,619 votes in favor out of 1,000,000,000 total votes should result in 47.5%, not 27.2%.",True,True
FB_126_3313FCA9,FB_126_3313FCA9_H1,3,large_number,"645,000,000","748,272,843",True,"The percentage of votes in favor (27.2%) does not match the given numbers. 475,408,619 votes in favor out of 1,000,000,000 total votes should result in 47.5%, not 27.2%.",True,True
FB_126_3313FCA9,FB_126_3313FCA9_H3,4,percentage,35.5%,27.2%,True,"The percentage of votes in favor should be calculated as (475,408,619 / 1,000,000,000) * 100 = 47.5408619%, which rounds to 47.5%, not 27.2%. This suggests a significant error in the reported percentage.",True,True
FB_126_3313FCA9,FB_126_3313FCA9_H2,4,large_number,"355,000,000","475,408,619",True,"The calculation for the percentage of votes against should be verified. The correct calculation is (748,272,843 / 1,000,000,000) * 100 = 74.8272843%, which rounds to 74.8%. However, the text suggests an inconsistency that was corrected, indicating a potential previous error.",True,True
FB_126_3313FCA9,FB_126_3313FCA9_H1,4,large_number,"645,000,000","748,272,843",True,"The calculation for the percentage of votes against should be verified. The correct calculation is (748,272,843 / 1,000,000,000) * 100 = 74.8272843%, which rounds to 74.8%. However, the text suggests an inconsistency that was corrected, indicating a potential previous error.",True,True
FB_127_E1B380E5,FB_127_E1B380E5_H2,1,dollar_amount,$1.5 billion,$1.0 billion,True,"The increase of $1.0 billion suggests the previous commitment was $3.6 billion. Without prior data, it's impossible to verify if the previous commitment was indeed $3.6 billion. This requires cross-referencing with previous filings to confirm.",True,True
FB_127_E1B380E5,FB_127_E1B380E5_H1,1,dollar_amount,$5.5 billion,$4.6 billion,True,"The increase of $1.0 billion suggests the previous commitment was $3.6 billion. Without prior data, it's impossible to verify if the previous commitment was indeed $3.6 billion. This requires cross-referencing with previous filings to confirm.",True,True
FB_127_E1B380E5,FB_127_E1B380E5_H2,2,dollar_amount,$1.5 billion,$1.0 billion,True,"The percentage increase calculation is incorrect. The correct percentage increase should be (1.0 / 3.6) * 100 = 27.78%, which is accurate. However, the text implies a potential error in understanding, as the calculation is correct but the explanation is not clear.",True,True
FB_127_E1B380E5,FB_127_E1B380E5_H1,2,dollar_amount,$5.5 billion,$4.6 billion,False,,True,True
FB_127_E1B380E5,FB_127_E1B380E5_H2,3,dollar_amount,$1.5 billion,$1.0 billion,False,,True,True
FB_127_E1B380E5,FB_127_E1B380E5_H1,3,dollar_amount,$5.5 billion,$4.6 billion,True,"The percentage increase calculation is incorrect. The correct percentage increase from $3.6 billion to $4.6 billion is (($4.6 billion - $3.6 billion) / $3.6 billion) * 100 = 27.78%. However, the calculation provided in the text is incorrect as it uses the wrong base amount for the percentage calculation.",True,True
FB_127_E1B380E5,FB_127_E1B380E5_H2,4,dollar_amount,$1.5 billion,$1.0 billion,True,"While 1.5x is a reasonable estimate for large consumer goods companies, this figure should be verified against the most recent financial data for Coca-Cola and Nestlé to ensure it reflects current conditions.",True,True
FB_127_E1B380E5,FB_127_E1B380E5_H1,4,dollar_amount,$5.5 billion,$4.6 billion,True,"The percentage change calculation is incorrect. The correct calculation should be ($1.0 billion / $3.6 billion) * 100 = 27.78%, but the text implies this is the percentage increase from $3.6 billion to $4.6 billion, which is not accurate. The correct percentage increase should be ($1.0 billion / $3.6 billion) * 100 = 27.78%, but the phrasing is misleading.",True,True
FB_128_F410AC0E,FB_128_F410AC0E_H3,1,dollar_amount,"$3,000 million","$4,150 million",True,"The claim presents two different figures for the borrowing capacity: $4,150 million and USD 3 billion. These figures are inconsistent as $4,150 million is equivalent to USD 4.15 billion, not USD 3 billion.",True,True
FB_128_F410AC0E,FB_128_F410AC0E_H2,1,dollar_amount,"$41,173 million","$27,616 million",True,"The claim presents two different figures for the borrowing capacity: $4,150 million and USD 3 billion. These figures are inconsistent as $4,150 million is equivalent to USD 4.15 billion, not USD 3 billion.",True,True
FB_128_F410AC0E,FB_128_F410AC0E_H1,1,dollar_amount,"$92,575 million","$107,506 million",True,"The claim presents two different figures for total assets: $107,506 million and USD 92.575 billion. These figures are inconsistent as $107,506 million is equivalent to USD 107.506 billion, not USD 92.575 billion.",True,True
FB_128_F410AC0E,FB_128_F410AC0E_H3,2,dollar_amount,"$3,000 million","$4,150 million",True,"The conversion between $4,150 million and USD 3 billion is inconsistent. $4,150 million is equivalent to USD 4.15 billion, not USD 3 billion.",True,True
FB_128_F410AC0E,FB_128_F410AC0E_H2,2,dollar_amount,"$41,173 million","$27,616 million",True,"The conversion between $4,150 million and USD 3 billion is inconsistent. $4,150 million is equivalent to USD 4.15 billion, not USD 3 billion.",True,True
FB_128_F410AC0E,FB_128_F410AC0E_H1,2,dollar_amount,"$92,575 million","$107,506 million",True,"The conversion between $107,506 million and USD 92.575 billion is inconsistent. $107,506 million is equivalent to USD 107.506 billion, not USD 92.575 billion.",True,True
FB_128_F410AC0E,FB_128_F410AC0E_H3,3,dollar_amount,"$3,000 million","$4,150 million",True,"The borrowing capacity is repeated multiple times, but without external verification, it is difficult to confirm its accuracy. It is a round number, which could be suspicious.",True,True
FB_128_F410AC0E,FB_128_F410AC0E_H2,3,dollar_amount,"$41,173 million","$27,616 million",True,"The debt figure is precise, which is typical, but without external verification, it is difficult to confirm its accuracy.",True,True
FB_128_F410AC0E,FB_128_F410AC0E_H1,3,dollar_amount,"$92,575 million","$107,506 million",True,"The debt figure is precise, which is typical, but without external verification, it is difficult to confirm its accuracy.",True,True
FB_128_F410AC0E,FB_128_F410AC0E_H3,4,dollar_amount,"$3,000 million","$4,150 million",True,"The calculation of borrowing capacity as a percentage of total assets is correct, but the precision of 3.86% seems unusually precise given the round figures of $4,150 million and $107,506 million. Typically, such calculations would be rounded to one decimal place, e.g., 3.9%.",True,True
FB_128_F410AC0E,FB_128_F410AC0E_H2,4,dollar_amount,"$41,173 million","$27,616 million",True,"The total debt figure of $27,616 million is precise, but it should be cross-verified with PepsiCo's official financial statements for accuracy. Such precise figures are often rounded in summary reports.",True,True
FB_128_F410AC0E,FB_128_F410AC0E_H1,4,dollar_amount,"$92,575 million","$107,506 million",True,"The calculation of borrowing capacity as a percentage of total assets is correct, but the precision of 3.86% seems unusually precise given the round figures of $4,150 million and $107,506 million. Typically, such calculations would be rounded to one decimal place, e.g., 3.9%.",True,True
FB_129_1F62F697,FB_129_1F62F697_H3,1,percentage,10%,14.2%,True,The revenue growth guidance of 14.2% seems inconsistent with the actual Q1 2023 year-over-year revenue growth of 10.2%. Such a significant increase in guidance compared to actual performance may be suspicious unless justified by extraordinary factors.,True,True
FB_129_1F62F697,FB_129_1F62F697_H2,1,percentage,10.3%,16.9%,True,"The percentage increase from $16,200 million to $17,848 million is approximately 10.2%, which is accurate. However, the significant difference between this actual growth and the full-year guidance of 14.2% raises questions.",True,True
FB_129_1F62F697,FB_129_1F62F697_H1,1,dollar_amount,$1.29 ,$1.00 ,True,"The percentage increase from $1.00 to $1.50 is 50%, not 16.3%. This significant discrepancy indicates a potential error in the reported growth rate.",True,True
FB_129_1F62F697,FB_129_1F62F697_H3,2,percentage,10%,14.2%,True,"The percentage change calculation is incorrect. The correct percentage change should be approximately 10.16%, not 10.2%.",False,True
FB_129_1F62F697,FB_129_1F62F697_H2,2,percentage,10.3%,16.9%,True,"The percentage change calculation is incorrect. The correct percentage change should be approximately 10.16%, not 10.2%.",False,True
FB_129_1F62F697,FB_129_1F62F697_H1,2,dollar_amount,$1.29 ,$1.00 ,True,"The percentage change calculation is correct, but the magnitude of the increase is suspiciously high compared to other metrics and industry averages.",True,True
FB_129_1F62F697,FB_129_1F62F697_H3,3,percentage,10%,14.2%,True,The projected revenue growth of 14.2% seems high compared to the industry average growth rates of 6-8% mentioned later in the text. This discrepancy raises questions about the feasibility of such a projection.,True,True
FB_129_1F62F697,FB_129_1F62F697_H2,3,percentage,10.3%,16.9%,True,"The increase from $1,862 million to $2,054 million is actually a 10.3% increase, which is consistent. However, the text later states a 16.9% growth in net income, which is inconsistent with this calculation.",True,True
FB_129_1F62F697,FB_129_1F62F697_H1,3,dollar_amount,$1.29 ,$1.00 ,False,,True,True
FB_129_1F62F697,FB_129_1F62F697_H3,4,percentage,10%,14.2%,True,The projected revenue growth of 14.2% seems high compared to the Q1 revenue growth of 10.2%. This discrepancy could indicate an overly optimistic projection without clear justification.,True,True
FB_129_1F62F697,FB_129_1F62F697_H2,4,percentage,10.3%,16.9%,True,"The text states a 10.3% increase in net income from the previous year, not 16.9%. This discrepancy suggests an error in the reported growth percentage.",True,True
FB_129_1F62F697,FB_129_1F62F697_H1,4,dollar_amount,$1.29 ,$1.00 ,False,,True,True
FB_130_B646D047,FB_130_B646D047_H3,1,percentage,10%,17.6%,True,"The increase from 2.6% to 17.6% is actually 15 percentage points, not 2 percentage points. This is an internal inconsistency.",True,True
FB_130_B646D047,FB_130_B646D047_H2,1,percentage,8%,2.6%,True,"The increase from 2.6% to 17.6% is actually 15 percentage points, not 2 percentage points. This is an internal inconsistency.",True,True
FB_130_B646D047,FB_130_B646D047_H1,1,percentage,8%,17.0%,True,This statement contradicts the earlier claim that the new guidance is 17.6%. There is an inconsistency in the reported figures for the new guidance.,True,True
FB_130_B646D047,FB_130_B646D047_H3,2,percentage,10%,17.6%,True,"While the figure itself is not incorrect, the claim that it 'significantly outpaces' the average EPS growth of 5% to 10% is subjective and may require further context or evidence to support such a strong assertion.",True,True
FB_130_B646D047,FB_130_B646D047_H2,2,percentage,8%,2.6%,True,"The text itself indicates this was a typographical error, as the corrected previous guidance is stated as 17.0%.",True,True
FB_130_B646D047,FB_130_B646D047_H1,2,percentage,8%,17.0%,True,"The calculation of percentage increase from 17.0% to 17.6% should be (0.6 / 17.0) * 100 = 3.529%, which rounds to 3.53%. The calculation is correct, but the precision of the percentage increase is suspiciously precise given the context.",True,True
FB_130_B646D047,FB_130_B646D047_H3,3,percentage,10%,17.6%,True,"The typical EPS growth range for the consumer staples sector is plausible, but the stark contrast claim should be verified with industry reports to ensure accuracy. The 17.6% growth is indeed higher, but the context of 'stark contrast' may be exaggerated without specific industry data.",True,True
FB_130_B646D047,FB_130_B646D047_H2,3,percentage,8%,2.6%,False,,True,True
FB_130_B646D047,FB_130_B646D047_H1,3,percentage,8%,17.0%,False,,True,True
FB_130_B646D047,FB_130_B646D047_H3,4,percentage,10%,17.6%,True,"The calculation is actually correct, but the text suggests it was incorrect. The increase from 17.0% to 17.6% is indeed a 0.6% absolute change, which translates to a 3.53% increase relative to the original 17.0%.",True,True
FB_130_B646D047,FB_130_B646D047_H2,4,percentage,8%,2.6%,True,The mention of a typographical error with a previous guidance figure of 2.6% seems implausible given the context of the other figures discussed. This could be a significant error if it was indeed reported.,True,True
FB_130_B646D047,FB_130_B646D047_H1,4,percentage,8%,17.0%,True,"The calculation is actually correct, but the text suggests it was incorrect. The increase from 17.0% to 17.6% is indeed a 0.6% absolute change, which translates to a 3.53% increase relative to the original 17.0%.",True,True
FB_131_3A78CB5F,FB_131_3A78CB5F_H2,1,dollar_amount,"$12,171 million","$8,948 million",False,,True,True
FB_131_3A78CB5F,FB_131_3A78CB5F_H1,1,large_number,"11,396","7,869",True,"The calculation uses incorrect figures for PPNE FY2021 and FY2020. The correct figures should be $8,948 million for FY2021 and $11,396 million for FY2020. The percentage change calculation should be [(8,948 - 11,396) / 11,396] * 100, which equals approximately -21.47%, not 6.78%.",True,True
FB_131_3A78CB5F,FB_131_3A78CB5F_H2,2,dollar_amount,"$12,171 million","$8,948 million",True,"The percentage change calculation is correct based on the provided figures. However, the significant decline of -21.5% is highly unusual for a stable industry like pharmaceuticals, where typical PPNE growth is around 5%. This discrepancy suggests potential errors in the reported figures or unusual strategic decisions.",True,True
FB_131_3A78CB5F,FB_131_3A78CB5F_H1,2,large_number,"11,396","7,869",False,,False,False
FB_131_3A78CB5F,FB_131_3A78CB5F_H2,3,dollar_amount,"$12,171 million","$8,948 million",True,"The percentage decrease from $11,396 million to $8,948 million is not -21.5%. The correct calculation is (($11,396 - $8,948) / $11,396) * 100 = 21.47%, which rounds to 21.5%. However, the text states '-21.5%', which is incorrect as the decrease should be positive.",True,True
FB_131_3A78CB5F,FB_131_3A78CB5F_H1,3,large_number,"11,396","7,869",False,,False,False
FB_131_3A78CB5F,FB_131_3A78CB5F_H2,4,dollar_amount,"$12,171 million","$8,948 million",True,"The percentage change calculation is correct, but the phrasing 'approximately -21.5%' suggests a level of precision that may not be warranted given the rounding of figures. The exact percentage is -21.5%, but the use of 'approximately' is misleading.",True,True
FB_131_3A78CB5F,FB_131_3A78CB5F_H1,4,large_number,"11,396","7,869",False,,False,False
FB_132_9F7A4F77,FB_132_9F7A4F77_H2,1,dollar_amount,"$20,028 million","$26,881 million",False,,True,True
FB_132_9F7A4F77,FB_132_9F7A4F77_H1,1,dollar_amount,"$2,200 million","$1,431 million",False,,True,True
FB_132_9F7A4F77,FB_132_9F7A4F77_H2,2,dollar_amount,"$20,028 million","$26,881 million",True,"The calculation of Gross Profit is incorrect. The correct calculation should be 51,750 - 26,881 = 24,869 million (USD).",True,True
FB_132_9F7A4F77,FB_132_9F7A4F77_H1,2,dollar_amount,"$2,200 million","$1,431 million",False,,True,True
FB_132_9F7A4F77,FB_132_9F7A4F77_H2,3,dollar_amount,"$20,028 million","$26,881 million",True,"The COGS figure seems plausible given the revenue, but it should be cross-verified with industry norms and previous years' data for consistency.",True,True
FB_132_9F7A4F77,FB_132_9F7A4F77_H1,3,dollar_amount,"$2,200 million","$1,431 million",False,,True,True
FB_132_9F7A4F77,FB_132_9F7A4F77_H2,4,dollar_amount,"$20,028 million","$26,881 million",True,"The revenue figure is plausible, but the gross profit calculation was previously noted as incorrect, suggesting potential issues with the revenue or COGS figures.",True,True
FB_132_9F7A4F77,FB_132_9F7A4F77_H1,4,dollar_amount,"$2,200 million","$1,431 million",False,,True,True
FB_133_F4882588,FB_133_F4882588_H3,1,dollar_amount,"$11,400 million","$14,483 million",True,"The acquisition amount for Array BioPharma Inc. seems unusually high for a single acquisition, especially when compared to the total acquisition-related expenses reported for FY2021. This figure should be cross-verified with the 10-K report.",False,True
FB_133_F4882588,FB_133_F4882588_H2,1,dollar_amount,"$2,000 million","$2,747 million",False,,True,True
FB_133_F4882588,FB_133_F4882588_H1,1,dollar_amount,"$1,000 million","$1,317 million",False,,True,True
FB_133_F4882588,FB_133_F4882588_H3,2,dollar_amount,"$11,400 million","$14,483 million",True,"The total acquisition cost calculated from individual acquisitions ($18,547 million) exceeds the reported total acquisition-related expenses of $14,400 million, indicating a discrepancy.",False,True
FB_133_F4882588,FB_133_F4882588_H2,2,dollar_amount,"$2,000 million","$2,747 million",False,,True,True
FB_133_F4882588,FB_133_F4882588_H1,2,dollar_amount,"$1,000 million","$1,317 million",False,,True,True
FB_133_F4882588,FB_133_F4882588_H3,3,dollar_amount,"$11,400 million","$14,483 million",True,"The acquisition date is stated as July 1, 2020, which is inconsistent with the fiscal year 2021 focus. This could be a typographical error or misstatement of the fiscal year.",False,True
FB_133_F4882588,FB_133_F4882588_H2,3,dollar_amount,"$2,000 million","$2,747 million",False,,True,True
FB_133_F4882588,FB_133_F4882588_H1,3,dollar_amount,"$1,000 million","$1,317 million",False,,True,True
FB_133_F4882588,FB_133_F4882588_H3,4,dollar_amount,"$11,400 million","$14,483 million",True,"The reported acquisition-related expenses are significantly lower than the calculated acquisition costs, indicating a potential reporting error or omission.",False,True
FB_133_F4882588,FB_133_F4882588_H2,4,dollar_amount,"$2,000 million","$2,747 million",False,,True,True
FB_133_F4882588,FB_133_F4882588_H1,4,dollar_amount,"$1,000 million","$1,317 million",False,,True,True
FB_134_8EAD738D,FB_134_8EAD738D_H1,1,dollar_amount,"$1,200 million","$1,654 million",True,"The figure is suspiciously precise without any supporting multi-period data or historical trends provided. Spin-off costs can vary significantly, and without context, this number's accuracy is questionable.",True,True
FB_134_8EAD738D,FB_134_8EAD738D_H1,2,dollar_amount,"$1,200 million","$1,654 million",True,"The figure is presented without any historical context or industry benchmarks, making it difficult to assess its reasonableness. Spin-off costs can vary widely, and without comparative data, this figure's accuracy is uncertain.",True,True
FB_134_8EAD738D,FB_134_8EAD738D_H1,3,dollar_amount,"$1,200 million","$1,654 million",True,"The figure is very precise, which is unusual for an anticipated cost that typically involves estimates. Additionally, without historical data or industry benchmarks provided, it's difficult to assess the plausibility of this figure. Spin-off costs can vary widely, and this figure should be cross-referenced with similar transactions in the industry.",True,True
FB_134_8EAD738D,FB_134_8EAD738D_H1,4,dollar_amount,"$1,200 million","$1,654 million",True,"The figure is repeated multiple times without variation, which is unusual for a complex financial estimate that might have a range or be subject to change. Additionally, the text lacks context on how this figure was derived or compared to similar industry events.",True,True
FB_135_DFC4B0A4,FB_135_DFC4B0A4_H3,1,dollar_amount,"$3,174 million","$2,548 million",True,"The decline from $4,213 million to $2,548 million is actually a decline of approximately 39.5%, not 24.7%.",True,True
FB_135_DFC4B0A4,FB_135_DFC4B0A4_H2,1,dollar_amount,"$12,427 million","$16,404 million",True,"The U.S. revenues increased from $12,948 million to $16,404 million, which is an increase, not a decline. The percentage change should be calculated as an increase of approximately 26.7%.",True,True
FB_135_DFC4B0A4,FB_135_DFC4B0A4_H1,1,percentage,4.0%,0.0%,True,"The U.S. revenues increased from $12,948 million to $16,404 million, which is an increase, not a decline. The percentage change should be calculated as an increase of approximately 26.7%.",False,True
FB_135_DFC4B0A4,FB_135_DFC4B0A4_H3,2,dollar_amount,"$3,174 million","$2,548 million",False,,True,True
FB_135_DFC4B0A4,FB_135_DFC4B0A4_H2,2,dollar_amount,"$12,427 million","$16,404 million",False,,True,True
FB_135_DFC4B0A4,FB_135_DFC4B0A4_H1,2,percentage,4.0%,0.0%,True,"The text incorrectly states a 0.0% change in U.S. revenues, whereas the calculated percentage change is 26.8%. This is an internal inconsistency.",False,True
FB_135_DFC4B0A4,FB_135_DFC4B0A4_H3,3,dollar_amount,"$3,174 million","$2,548 million",True,"The percentage decline from $4,213 million to $2,548 million is actually approximately 39.5%, which is accurate. However, the precision of the percentage is suspiciously high given the round nature of the revenue figures.",True,True
FB_135_DFC4B0A4,FB_135_DFC4B0A4_H2,3,dollar_amount,"$12,427 million","$16,404 million",True,"The percentage increase from $12,948 million to $16,404 million is approximately 26.7%, not 26.8%. The discrepancy is minor but suggests a potential rounding error or miscalculation.",True,True
FB_135_DFC4B0A4,FB_135_DFC4B0A4_H1,3,percentage,4.0%,0.0%,False,,False,False
FB_135_DFC4B0A4,FB_135_DFC4B0A4_H3,4,dollar_amount,"$3,174 million","$2,548 million",True,"The percentage decline of 39.5% is consistent with the revenue figures provided ($4,213 million to $2,548 million), but the text suggests a substantial decline which may not align with industry norms for such a percentage drop.",True,True
FB_135_DFC4B0A4,FB_135_DFC4B0A4_H2,4,dollar_amount,"$12,427 million","$16,404 million",True,"The percentage increase of 26.8% is consistent with the revenue figures provided ($12,948 million to $16,404 million), but the earlier report statement of 'no growth' contradicts this, indicating a potential reporting error.",True,True
FB_135_DFC4B0A4,FB_135_DFC4B0A4_H1,4,percentage,4.0%,0.0%,False,,False,False
FB_137_A71B03EF,FB_137_A71B03EF_H2,1,dollar_amount,"$1,000 million",$751 million,True,"The supporting data lists $1,000 million due in 2031, which contradicts the $751 million stated here.",True,True
FB_137_A71B03EF,FB_137_A71B03EF_H1,1,dollar_amount,"$1,500 million",$931 million,False,,True,True
FB_137_A71B03EF,FB_137_A71B03EF_H2,2,dollar_amount,"$1,000 million",$751 million,False,,False,False
FB_137_A71B03EF,FB_137_A71B03EF_H1,2,dollar_amount,"$1,500 million",$931 million,False,,True,True
FB_137_A71B03EF,FB_137_A71B03EF_H2,3,dollar_amount,"$1,000 million",$751 million,False,,False,False
FB_137_A71B03EF,FB_137_A71B03EF_H1,3,dollar_amount,"$1,500 million",$931 million,False,,True,True
FB_137_A71B03EF,FB_137_A71B03EF_H2,4,dollar_amount,"$1,000 million",$751 million,False,,False,False
FB_137_A71B03EF,FB_137_A71B03EF_H1,4,dollar_amount,"$1,500 million",$931 million,False,,True,True
FB_138_1767BBA1,FB_138_1767BBA1_H3,1,dollar_amount,"$3,900.5 million","$5,245.6 million",False,,True,True
FB_138_1767BBA1,FB_138_1767BBA1_H2,1,dollar_amount,"$3,200.2 million","$2,212.1 million",False,,True,True
FB_138_1767BBA1,FB_138_1767BBA1_H1,1,dollar_amount,"$3,500.0 million","$2,497.7 million",True,"The increase in total assets from $2,212.1 million in FY2022 to $2,497.7 million in FY2023, despite a drop in revenue, is unusual and may require further context to understand asset growth.",True,True
FB_138_1767BBA1,FB_138_1767BBA1_H3,2,dollar_amount,"$3,900.5 million","$5,245.6 million",True,"The revenue figure for FY2022 is significantly higher than FY2023, which is unusual without a clear explanation for such a large drop.",True,True
FB_138_1767BBA1,FB_138_1767BBA1_H2,2,dollar_amount,"$3,200.2 million","$2,212.1 million",False,,True,True
FB_138_1767BBA1,FB_138_1767BBA1_H1,2,dollar_amount,"$3,500.0 million","$2,497.7 million",True,The increase in total assets despite a significant revenue decline raises questions about the source of asset growth.,True,True
FB_138_1767BBA1,FB_138_1767BBA1_H3,3,dollar_amount,"$3,900.5 million","$5,245.6 million",False,,True,True
FB_138_1767BBA1,FB_138_1767BBA1_H2,3,dollar_amount,"$3,200.2 million","$2,212.1 million",True,"The increase in total assets from $2,212.1 million to $2,497.7 million is approximately 12.91%, which is accurate. However, the increase in assets amidst declining revenues is suspicious and warrants further investigation into asset utilization.",True,True
FB_138_1767BBA1,FB_138_1767BBA1_H1,3,dollar_amount,"$3,500.0 million","$2,497.7 million",True,"The increase in total assets from $2,212.1 million to $2,497.7 million is approximately 12.91%, which is accurate. However, the increase in assets amidst declining revenues is suspicious and warrants further investigation into asset utilization.",True,True
FB_138_1767BBA1,FB_138_1767BBA1_H3,4,dollar_amount,"$3,900.5 million","$5,245.6 million",True,"The decline from $5,245.6 million to $4,200 million is actually $1,045.6 million, which is correct. However, the percentage decline calculation is incorrect in the text, as it should be approximately 19.93% but is stated as such without proper calculation.",True,True
FB_138_1767BBA1,FB_138_1767BBA1_H2,4,dollar_amount,"$3,200.2 million","$2,212.1 million",True,"The increase from $2,212.1 million to $2,497.7 million is indeed a 12.91% increase, which is accurate. However, the text should ensure consistency in how percentages are calculated and presented.",True,True
FB_138_1767BBA1,FB_138_1767BBA1_H1,4,dollar_amount,"$3,500.0 million","$2,497.7 million",True,"The increase from $2,212.1 million to $2,497.7 million is indeed a 12.91% increase, which is accurate. However, the text should ensure consistency in how percentages are calculated and presented.",True,True
FB_139_4FC46F83,FB_139_4FC46F83_H3,1,dollar_amount,"$2,800.0 million","$1,698.3 million",False,,True,True
FB_139_4FC46F83,FB_139_4FC46F83_H2,1,percentage,42.4%,31.4%,True,"The SG&A as a percentage of Net Sales for FY2023 is calculated as (1,255.4 / 3,075.4) * 100 = 40.8%, which is correct. However, the trend from FY2022 to FY2023 shows an increase in SG&A percentage from 31.4% to 40.8%, which is unusual given the increase in net sales. This warrants further investigation.",True,True
FB_139_4FC46F83,FB_139_4FC46F83_H1,1,percentage,50.1%,43.9%,True,"The SG&A as a percentage of Net Sales for FY2021 should be (1,063.0 / 2,120.0) * 100 = 50.1%, not 43.9%. This indicates a significant error in the reported percentage.",True,True
FB_139_4FC46F83,FB_139_4FC46F83_H3,2,dollar_amount,"$2,800.0 million","$1,698.3 million",False,,True,True
FB_139_4FC46F83,FB_139_4FC46F83_H2,2,percentage,42.4%,31.4%,True,"The calculated SG&A as a percentage of net sales for FY2023 is correct based on the provided figures (1,255.4 / 3,075.4 * 100 = 40.8%). However, this figure is significantly above the industry average range of 20% to 30%, which is unusual and warrants further investigation.",True,True
FB_139_4FC46F83,FB_139_4FC46F83_H1,2,percentage,50.1%,43.9%,True,"The calculated SG&A as a percentage of net sales for FY2021 is correct based on the provided figures (1,063.0 / 2,120.0 * 100 = 50.1%). However, the provided percentage of 43.9% does not match the calculation, indicating a potential error in the reported figure.",True,True
FB_139_4FC46F83,FB_139_4FC46F83_H3,3,dollar_amount,"$2,800.0 million","$1,698.3 million",True,"The increase in net sales from $1,698.3 million to $3,075.4 million is $1,377.1 million, which is approximately an 81.1% increase. This calculation is correct.",True,True
FB_139_4FC46F83,FB_139_4FC46F83_H2,3,percentage,42.4%,31.4%,True,"The SG&A expenses of $1,255.4 million as a percentage of net sales of $3,075.4 million should be approximately 40.8%. However, the calculation yields approximately 40.8%, which is correct. The percentage is not suspicious.",True,True
FB_139_4FC46F83,FB_139_4FC46F83_H1,3,percentage,50.1%,43.9%,True,"The SG&A expenses of $1,063.0 million as a percentage of net sales of $2,120.0 million should be approximately 50.1%, not 43.9%. This discrepancy suggests an error in the reported ratio.",True,True
FB_139_4FC46F83,FB_139_4FC46F83_H3,4,dollar_amount,"$2,800.0 million","$1,698.3 million",True,"The increase in net sales from $1,698.3 million to $3,075.4 million is $1,377.1 million, which represents an increase of approximately 81.1%. However, this percentage seems implausibly high for a single year increase in net sales for a company like Ulta Beauty.",True,True
FB_139_4FC46F83,FB_139_4FC46F83_H2,4,percentage,42.4%,31.4%,True,"The SG&A percentage for FY2022 is stated as 31.4%, but given the figures provided ($1,186.5 million SG&A and $1,698.3 million net sales), the correct percentage should be approximately 69.9%.",True,True
FB_139_4FC46F83,FB_139_4FC46F83_H1,4,percentage,50.1%,43.9%,False,,True,True
FB_140_E38BA3D2,FB_140_E38BA3D2_H3,1,dollar_amount,"$1,211.8 million",$952.0 million,True,"The inventory decrease from $1,066.3 million in FY2022 to $952.0 million in FY2023 is a 10.7% decrease, which is plausible. However, given the significant increase in COGS, a decrease in inventory might not align with operational expectations and should be further investigated.",True,True
FB_140_E38BA3D2,FB_140_E38BA3D2_H2,1,dollar_amount,"$1,050.5 million","$1,266.6 million",False,,True,True
FB_140_E38BA3D2,FB_140_E38BA3D2_H1,1,dollar_amount,"$1,646.5 million","$1,112.3 million",True,"The COGS increase from $1,112.3 million in FY2022 to $1,919.5 million in FY2023 is a 72.5% increase, which is implausibly high given the revenue growth of only 15.4% over the same period. This discrepancy suggests a potential error or misstatement.",True,True
FB_140_E38BA3D2,FB_140_E38BA3D2_H3,2,dollar_amount,"$1,211.8 million",$952.0 million,False,,True,True
FB_140_E38BA3D2,FB_140_E38BA3D2_H2,2,dollar_amount,"$1,050.5 million","$1,266.6 million",True,"The percentage change calculation is incorrect. The correct percentage change should be approximately -15.81%, which rounds to -15.8%, but the calculation should be verified for rounding errors.",True,True
FB_140_E38BA3D2,FB_140_E38BA3D2_H1,2,dollar_amount,"$1,646.5 million","$1,112.3 million",True,"The percentage change calculation is incorrect. The correct percentage change should be approximately 72.6%, not 72.5%.",True,True
FB_140_E38BA3D2,FB_140_E38BA3D2_H3,3,dollar_amount,"$1,211.8 million",$952.0 million,True,"The percentage decrease from $1,066.3 million to $952.0 million is approximately 10.7%, which is accurate. However, the context of a 10.7% decrease alongside a 15.4% revenue growth seems unusual and warrants further investigation.",True,True
FB_140_E38BA3D2,FB_140_E38BA3D2_H2,3,dollar_amount,"$1,050.5 million","$1,266.6 million",True,"The trend of inventory decline is consistent, but the initial figure of $1,266.6 million in FY2021 seems unusually high compared to the subsequent years, especially given the revenue growth. This figure should be cross-verified with historical data.",True,True
FB_140_E38BA3D2,FB_140_E38BA3D2_H1,3,dollar_amount,"$1,646.5 million","$1,112.3 million",False,,True,True
FB_140_E38BA3D2,FB_140_E38BA3D2_H3,4,dollar_amount,"$1,211.8 million",$952.0 million,True,The trend of inventory decline should be cross-verified with historical data to ensure these figures are accurate and consistent with reported financial statements.,True,True
FB_140_E38BA3D2,FB_140_E38BA3D2_H2,4,dollar_amount,"$1,050.5 million","$1,266.6 million",True,The trend of inventory decline should be cross-verified with historical data to ensure these figures are accurate and consistent with reported financial statements.,True,True
FB_140_E38BA3D2,FB_140_E38BA3D2_H1,4,dollar_amount,"$1,646.5 million","$1,112.3 million",False,,True,True
FB_141_339C8E4B,FB_141_339C8E4B_H3,1,dollar_amount,$250 million,$298 million,False,,True,True
FB_141_339C8E4B,FB_141_339C8E4B_H2,1,dollar_amount,"$1,500 million","$1,001 million",False,,False,False
FB_141_339C8E4B,FB_141_339C8E4B_H1,1,percentage,25%,18.1%,True,"The calculation uses $250 million as the Q4 FY 2023 repurchase expenditure, but the text states it was $298 million. The percentage should be calculated as (298/1000)*100 = 29.8%, not 25%.",False,True
FB_141_339C8E4B,FB_141_339C8E4B_H3,2,dollar_amount,$250 million,$298 million,False,,True,True
FB_141_339C8E4B,FB_141_339C8E4B_H2,2,dollar_amount,"$1,500 million","$1,001 million",True,"The Q4 FY 2023 repurchase expenditure is $298 million, which is a significant portion of the total FY 2023 expenditure. The total for the year seems plausible, but the Q4 amount is unusually high compared to the annual total, suggesting a potential error or misreporting.",False,True
FB_141_339C8E4B,FB_141_339C8E4B_H1,2,percentage,25%,18.1%,False,,False,False
FB_141_339C8E4B,FB_141_339C8E4B_H3,3,dollar_amount,$250 million,$298 million,True,"The percentage calculation is incorrect. $298 million is 29.8% of $1,000 million, but the text should clarify that this is an approximation. The exact percentage is 29.8%, which is unusually precise given the round numbers used elsewhere.",True,True
FB_141_339C8E4B,FB_141_339C8E4B_H2,3,dollar_amount,"$1,500 million","$1,001 million",True,"The figure $1,001 million is suspiciously precise compared to the other round numbers used in the report. It is unusual to report such a precise figure without further context.",False,True
FB_141_339C8E4B,FB_141_339C8E4B_H1,3,percentage,25%,18.1%,True,"The percentage increase from $800 million to $1,000 million is actually 25%, which is correct. However, the precision of the percentage is suspiciously exact given the round numbers used for the expenditures.",False,True
FB_141_339C8E4B,FB_141_339C8E4B_H3,4,dollar_amount,$250 million,$298 million,True,"A 49% increase from $200 million would result in $298 million, which is mathematically correct. However, the context of the report suggests potential inconsistencies in the narrative, as the percentage increase was previously flagged as needing correction.",True,True
FB_141_339C8E4B,FB_141_339C8E4B_H2,4,dollar_amount,"$1,500 million","$1,001 million",True,"The total stock repurchase expenditure is stated as $1,000 million, but the Q4 expenditure of $298 million is claimed to be 29.8% of this total. This percentage is inconsistent with the total, as $298 million is actually 29.8% of approximately $1,000 million, which is correct. However, the percentage increase from Q4 FY 2022 is inconsistent.",False,True
FB_141_339C8E4B,FB_141_339C8E4B_H1,4,percentage,25%,18.1%,False,,False,False
FB_142_54C31BE1,FB_142_54C31BE1_H2,1,dollar_amount,"$1,083.5 million",$830.6 million,True,"The Wages Expense figure of $830.6 million does not align with the provided calculation of $1,083.5 million for the same period, indicating a potential inconsistency.",True,True
FB_142_54C31BE1,FB_142_54C31BE1_H1,1,dollar_amount,"$3,829.0 million","$4,411.0 million",True,"The calculation of 28.3% as $1,083.5 million / $4,411.0 million is incorrect. The correct percentage should be approximately 24.56%.",True,True
FB_142_54C31BE1,FB_142_54C31BE1_H2,2,dollar_amount,"$1,083.5 million",$830.6 million,True,"This figure is used in the calculation of the 21.7% wages expense percentage, which is consistent with the provided net sales figure, but it conflicts with the $1,083.5 million used in the 28.3% calculation.",True,True
FB_142_54C31BE1,FB_142_54C31BE1_H1,2,dollar_amount,"$3,829.0 million","$4,411.0 million",True,"The calculation of 28.3% does not match the provided figures of $1,083.5 million / $4,411.0 million, which actually results in approximately 24.6%.",True,True
FB_142_54C31BE1,FB_142_54C31BE1_H2,3,dollar_amount,"$1,083.5 million",$830.6 million,True,"The calculation of 21.7% is correct based on the provided figures ($830.6 million wages expense and $3,829.0 million net sales). However, the discrepancy with the previously reported figure of 28.3% suggests potential data inconsistency or misreporting.",True,True
FB_142_54C31BE1,FB_142_54C31BE1_H1,3,dollar_amount,"$3,829.0 million","$4,411.0 million",True,"The calculation of 28.3% from $1,083.5 million wages expense and $4,411.0 million net sales is incorrect. The correct percentage should be approximately 24.55%, indicating a potential error in the reported figure.",True,True
FB_142_54C31BE1,FB_142_54C31BE1_H2,4,dollar_amount,"$1,083.5 million",$830.6 million,True,"The calculation of 21.7% is correct based on the provided figures ($830.6 million / $3,829.0 million), but the text mentions a discrepancy with a previously reported figure of 28.3% without clear context, which could indicate potential data inconsistency.",True,True
FB_142_54C31BE1,FB_142_54C31BE1_H1,4,dollar_amount,"$3,829.0 million","$4,411.0 million",True,"The calculation of 28.3% from $1,083.5 million and $4,411.0 million is correct, but the significant difference from the 21.7% figure suggests potential data inconsistency or misreporting, warranting further investigation.",True,True
FB_143_A0EA48F4,FB_143_A0EA48F4_H3,1,dollar_amount,"$12,000 million","$15,974 million",True,"The text states that the notional value of interest rate swaps was $15,974 million, but the supporting data lists the notional value as $12,000 million as of December 31, 2021. This discrepancy suggests an inconsistency in the reported figures.",True,True
FB_143_A0EA48F4,FB_143_A0EA48F4_H2,1,dollar_amount,"$1,500 million","$1,034 million",True,"The notional value of foreign currency forward contracts for FY 2020 is stated as $1,500 million, but the trend from FY 2019 to FY 2021 shows a decrease. The FY 2019 value was $1,200 million, and the FY 2021 value was $1,034 million. The increase to $1,500 million in FY 2020 seems inconsistent with the overall trend.",True,True
FB_143_A0EA48F4,FB_143_A0EA48F4_H1,1,dollar_amount,"$11,000 million","$8,922 million",False,,True,True
FB_143_A0EA48F4,FB_143_A0EA48F4_H3,2,dollar_amount,"$12,000 million","$15,974 million",False,,True,True
FB_143_A0EA48F4,FB_143_A0EA48F4_H2,2,dollar_amount,"$1,500 million","$1,034 million",False,,True,True
FB_143_A0EA48F4,FB_143_A0EA48F4_H1,2,dollar_amount,"$11,000 million","$8,922 million",True,"The calculated percentage change from $8,922 million to $12,000 million should be approximately 34.49%, not 34.5%. The rounding is slightly off.",True,True
FB_143_A0EA48F4,FB_143_A0EA48F4_H3,3,dollar_amount,"$12,000 million","$15,974 million",True,"The increase from $12,000 million to $15,974 million is indeed $3,974 million, which is accurate. However, the precision of the increase figure compared to the rounded base figures is suspicious.",True,True
FB_143_A0EA48F4,FB_143_A0EA48F4_H2,3,dollar_amount,"$1,500 million","$1,034 million",True,"The decrease from $1,500 million to $1,034 million is actually a 31.07% decrease, which rounds to 31.1%. The precision of the percentage compared to the exact dollar figures provided is suspiciously precise.",True,True
FB_143_A0EA48F4,FB_143_A0EA48F4_H1,3,dollar_amount,"$11,000 million","$8,922 million",False,,False,False
FB_143_A0EA48F4,FB_143_A0EA48F4_H3,4,dollar_amount,"$12,000 million","$15,974 million",True,"The increase from $12,000 million to $15,974 million is correctly calculated as $3,974 million. However, the precision of the base figures is suspiciously round, which may indicate rounding or estimation.",True,True
FB_143_A0EA48F4,FB_143_A0EA48F4_H2,4,dollar_amount,"$1,500 million","$1,034 million",True,"The decrease from $1,500 million to $1,034 million is actually a 31.07% decrease, which rounds to 31.1%. The precision of the percentage is suspiciously high given the rounded nature of the base figures.",True,True
FB_143_A0EA48F4,FB_143_A0EA48F4_H1,4,dollar_amount,"$11,000 million","$8,922 million",False,,False,False
FB_144_BD395CC4,FB_144_BD395CC4_H2,1,dollar_amount,"$3,800 million","$2,611 million",True,"The projected retiree benefit obligations for 2024 show a significant decrease from the previous years' obligations ($4,598 million in 2020 and $3,400 million in 2019). This sharp decline is unusual without additional context or explanation, such as changes in actuarial assumptions or plan amendments.",True,True
FB_144_BD395CC4,FB_144_BD395CC4_H1,1,dollar_amount,"$3,600 million","$4,598 million",True,"The increase from $3,400 million in 2019 to $4,598 million in 2020 is a substantial rise (approximately 35.2%). Such a large increase in obligations year-over-year is atypical without significant changes in assumptions or plan amendments.",True,True
FB_144_BD395CC4,FB_144_BD395CC4_H2,2,dollar_amount,"$3,800 million","$2,611 million",True,"The figure is significantly lower than the previous year, suggesting a drastic reduction that is unusual without further context or explanation.",True,True
FB_144_BD395CC4,FB_144_BD395CC4_H1,2,dollar_amount,"$3,600 million","$4,598 million",True,"This figure is consistent with the previous year but is part of a trend that shows a significant drop in FY 2021, which is suspicious without additional context.",True,True
FB_144_BD395CC4,FB_144_BD395CC4_H2,3,dollar_amount,"$3,800 million","$2,611 million",True,"The drop from $4,598 million to $2,611 million is indeed $1,987 million, which is mathematically correct. However, the percentage drop is repeated as 43.2%, which is consistent with the previous claim, but the dramatic nature of the drop is suspicious without further context.",True,True
FB_144_BD395CC4,FB_144_BD395CC4_H1,3,dollar_amount,"$3,600 million","$4,598 million",True,"The increase from $3,400 million to $4,598 million is approximately 35.3%, which is mathematically correct. However, the context of the percentage increase is suspicious because it is unusually high for a single year change in retiree benefit obligations, suggesting potential anomalies in actuarial assumptions or reporting.",True,True
FB_144_BD395CC4,FB_144_BD395CC4_H2,4,dollar_amount,"$3,800 million","$2,611 million",False,,True,True
FB_144_BD395CC4,FB_144_BD395CC4_H1,4,dollar_amount,"$3,600 million","$4,598 million",True,"The increase from $3,400 million in FY 2019 to $4,598 million in FY 2020 is indeed 35.3%, but this is a significant increase that should be verified for plausibility given industry norms.",True,True
FB_145_F02E8ED1,FB_145_F02E8ED1_H2,1,dollar_amount,"$27,241 million","$37,936 million",False,,True,True
FB_145_F02E8ED1,FB_145_F02E8ED1_H1,1,dollar_amount,"$12,066 million","$7,911 million",False,,True,True
FB_145_F02E8ED1,FB_145_F02E8ED1_H2,2,dollar_amount,"$27,241 million","$37,936 million",True,"This calculated quick ratio is inconsistent with the reported quick ratio of 0.95, indicating a potential error in the reported figure or a misunderstanding of the components included in the quick ratio calculation.",True,True
FB_145_F02E8ED1,FB_145_F02E8ED1_H1,2,dollar_amount,"$12,066 million","$7,911 million",False,,True,True
FB_145_F02E8ED1,FB_145_F02E8ED1_H2,3,dollar_amount,"$27,241 million","$37,936 million",True,"These figures are used to calculate the quick ratio, which results in a value of approximately 1.28 when inventory is subtracted, conflicting with the reported quick ratio of 0.95.",True,True
FB_145_F02E8ED1,FB_145_F02E8ED1_H1,3,dollar_amount,"$12,066 million","$7,911 million",False,,False,False
FB_145_F02E8ED1,FB_145_F02E8ED1_H2,4,dollar_amount,"$27,241 million","$37,936 million",False,,True,True
FB_145_F02E8ED1,FB_145_F02E8ED1_H1,4,dollar_amount,"$12,066 million","$7,911 million",False,,False,False
FB_146_6EE83766,FB_146_6EE83766_H3,1,dollar_amount,"$202,000 million","$127,741 million",False,,True,True
FB_146_6EE83766,FB_146_6EE83766_H2,1,dollar_amount,"$19,000 million","$15,877 million",False,,True,True
FB_146_6EE83766,FB_146_6EE83766_H1,1,dollar_amount,"$18,000 million","$12,860 million",False,,True,True
FB_146_6EE83766,FB_146_6EE83766_H3,2,dollar_amount,"$202,000 million","$127,741 million",False,,True,True
FB_146_6EE83766,FB_146_6EE83766_H2,2,dollar_amount,"$19,000 million","$15,877 million",True,"The percentage change calculation is incorrect. The correct calculation should be (4,123 / 15,877) * 100 ≈ 25.96%.",True,True
FB_146_6EE83766,FB_146_6EE83766_H1,2,dollar_amount,"$18,000 million","$12,860 million",True,"The percentage change calculation is incorrect. The correct calculation should be (3,017 / 12,860) * 100 ≈ 23.47%.",True,True
FB_146_6EE83766,FB_146_6EE83766_H3,3,dollar_amount,"$202,000 million","$127,741 million",False,,True,True
FB_146_6EE83766,FB_146_6EE83766_H2,3,dollar_amount,"$19,000 million","$15,877 million",False,,True,True
FB_146_6EE83766,FB_146_6EE83766_H1,3,dollar_amount,"$18,000 million","$12,860 million",False,,True,True
FB_146_6EE83766,FB_146_6EE83766_H3,4,dollar_amount,"$202,000 million","$127,741 million",False,,True,True
FB_146_6EE83766,FB_146_6EE83766_H2,4,dollar_amount,"$19,000 million","$15,877 million",False,,True,True
FB_146_6EE83766,FB_146_6EE83766_H1,4,dollar_amount,"$18,000 million","$12,860 million",False,,True,True
FB_147_D81E1F94,FB_147_D81E1F94_H3,1,dollar_amount,"$164,000 million","$214,715 million",False,,True,True
FB_147_D81E1F94,FB_147_D81E1F94_H2,1,dollar_amount,"$159,000 million","$212,971 million",False,,True,True
FB_147_D81E1F94,FB_147_D81E1F94_H1,1,dollar_amount,"$75,000 million","$50,809 million",False,,True,True
FB_147_D81E1F94,FB_147_D81E1F94_H3,2,dollar_amount,"$164,000 million","$214,715 million",True,"The debt-to-equity ratio for 2022 is calculated correctly, but the substantial decrease from 4.188 in 2021 to 3.071 in 2022 is unusual without a detailed explanation of the equity increase.",True,True
FB_147_D81E1F94,FB_147_D81E1F94_H2,2,dollar_amount,"$159,000 million","$212,971 million",True,"The calculated debt-to-equity ratio for 2021 seems accurate based on the provided figures, but the significant change to 3.071 in 2022 is notable given the large increase in equity. This warrants further investigation into the equity increase.",True,True
FB_147_D81E1F94,FB_147_D81E1F94_H1,2,dollar_amount,"$75,000 million","$50,809 million",True,"The increase in total equity from $50,809 million in 2021 to $70,000 million in 2022 is a significant jump of approximately 37.7%, which is unusually high without further context on equity financing or retained earnings.",True,True
FB_147_D81E1F94,FB_147_D81E1F94_H3,3,dollar_amount,"$164,000 million","$214,715 million",False,,True,True
FB_147_D81E1F94,FB_147_D81E1F94_H2,3,dollar_amount,"$159,000 million","$212,971 million",False,,True,True
FB_147_D81E1F94,FB_147_D81E1F94_H1,3,dollar_amount,"$75,000 million","$50,809 million",True,"The increase in equity from $50,809 million to $70,000 million is substantial. The final figure is suspiciously round compared to the previous year's precise figure, which could indicate rounding or estimation.",True,True
FB_147_D81E1F94,FB_147_D81E1F94_H3,4,dollar_amount,"$164,000 million","$214,715 million",False,,True,True
FB_147_D81E1F94,FB_147_D81E1F94_H2,4,dollar_amount,"$159,000 million","$212,971 million",False,,True,True
FB_147_D81E1F94,FB_147_D81E1F94_H1,4,dollar_amount,"$75,000 million","$50,809 million",False,,True,True
FB_148_2F878B14,FB_148_2F878B14_H2,1,dollar_amount,"$1,402 million",$883 million,True,"The calculation of Change in Inventory is correct based on the provided figures, but the result is suspiciously precise given the round numbers used in the calculation.",True,True
FB_148_2F878B14,FB_148_2F878B14_H1,1,large_number,049308,32542,True,"The DPO calculation is based on an incorrect total for COGS + Change in Inventory, leading to a potentially incorrect DPO value.",True,True
FB_148_2F878B14,FB_148_2F878B14_H2,2,dollar_amount,"$1,402 million",$883 million,False,,False,False
FB_148_2F878B14,FB_148_2F878B14_H1,2,large_number,049308,32542,False,,False,False
FB_148_2F878B14,FB_148_2F878B14_H2,3,dollar_amount,"$1,402 million",$883 million,True,"The calculation of the change in inventory is correct based on the provided figures. However, the precision of the change figure is suspiciously exact, which is uncommon in financial reporting where rounding is typical.",False,True
FB_148_2F878B14,FB_148_2F878B14_H1,3,large_number,049308,32542,False,,False,False
FB_148_2F878B14,FB_148_2F878B14_H2,4,dollar_amount,"$1,402 million",$883 million,False,,False,False
FB_148_2F878B14,FB_148_2F878B14_H1,4,large_number,049308,32542,False,,False,False
FB_149_247B6607,FB_149_247B6607_H2,1,dollar_amount,"$24,202 million","$30,045 million",True,"The FY2019 Operating Income is stated as $30,045 million, but the Operating Income Percentage Margin calculation uses $24,202 million, indicating an inconsistency.",True,True
FB_149_247B6607,FB_149_247B6607_H1,1,percentage,4.7%,16.1%,True,"The Operating Income Percentage Margin calculation uses $24,202 million instead of the stated $30,045 million, leading to an incorrect percentage. Additionally, 16.1% is implausibly high for Walmart's industry.",True,True
FB_149_247B6607,FB_149_247B6607_H2,2,dollar_amount,"$24,202 million","$30,045 million",True,"The operating income figure seems plausible given the revenue, but it should be cross-verified with official financial statements for accuracy.",True,True
FB_149_247B6607,FB_149_247B6607_H1,2,percentage,4.7%,16.1%,True,The calculated margin is consistent with the provided figures for operating income and total revenue.,True,True
FB_149_247B6607,FB_149_247B6607_H2,3,dollar_amount,"$24,202 million","$30,045 million",True,"The operating income percentage margin calculated using these figures is approximately 5.84%, which does not match the stated 5.8%. This suggests a potential error in the reported operating income or the margin calculation.",True,True
FB_149_247B6607,FB_149_247B6607_H1,3,percentage,4.7%,16.1%,False,,True,True
FB_149_247B6607,FB_149_247B6607_H2,4,dollar_amount,"$24,202 million","$30,045 million",False,,True,True
FB_149_247B6607,FB_149_247B6607_H1,4,percentage,4.7%,16.1%,False,,True,True
FB_150_3E3CE551,FB_150_3E3CE551_H2,1,dollar_amount,"$22,165 million","$14,431 million",True,"The sum of Operating Income ($20,370 million) and Depreciation and Amortization ($1,795 million) equals $22,165 million, which is correct.",False,True
FB_150_3E3CE551,FB_150_3E3CE551_H1,1,dollar_amount,"$514,405 million","$347,115 million",True,"The Total Revenue used in the calculation ($347,115 million) does not match the provided Total Revenue for FY2019 ($514,405 million).",True,True
FB_150_3E3CE551,FB_150_3E3CE551_H2,2,dollar_amount,"$22,165 million","$14,431 million",True,"The EBITDA margin calculation for FY2018 is given as 4.4%, but the actual calculation (22,165 / 500,343) * 100 results in approximately 4.43%, not 4.4%.",False,True
FB_150_3E3CE551,FB_150_3E3CE551_H1,2,dollar_amount,"$514,405 million","$347,115 million",False,,False,False
FB_150_3E3CE551,FB_150_3E3CE551_H2,3,dollar_amount,"$22,165 million","$14,431 million",False,,False,False
FB_150_3E3CE551,FB_150_3E3CE551_H1,3,dollar_amount,"$514,405 million","$347,115 million",False,,False,False
FB_150_3E3CE551,FB_150_3E3CE551_H2,4,dollar_amount,"$22,165 million","$14,431 million",False,,False,False
FB_150_3E3CE551,FB_150_3E3CE551_H1,4,dollar_amount,"$514,405 million","$347,115 million",False,,False,False
